english	de	fr	ko	es	ru	el	zh-Hans	zh-Hant	it	pt-BR	ja	pl
A backup is saved first	Vorher wird gesichert	Une sauvegarde est faite d'abord	먼저 백업합니다	Primero se guarda una copia	Сначала сохраняется резервная копия	Αποθηκεύεται πρώτα αντίγραφο ασφαλείας	会先保存备份	會先儲存備份	Prima viene fatto un backup	Um backup é salvo primeiro	先にバックアップを保存します	Najpierw zapisywana jest kopia zapasowa
A confirmation prompt appeared — please confirm it to continue.	Eine Bestätigung ist aufgetaucht — bitte bestätigen, um fortzufahren.	Une demande de confirmation est apparue — confirmez pour continuer.	확인 창이 나타났습니다 — 계속하려면 확인하세요.	Apareció una confirmación — acéptala para continuar.	Появился запрос подтверждения — подтвердите, чтобы продолжить.	Εμφανίστηκε ερώτημα επιβεβαίωσης — επιβεβαιώστε το για να συνεχίσετε.	出现了确认提示 — 请确认后继续。	出現了確認提示 — 請確認後繼續。	È comparsa una richiesta di conferma — confermala per continuare.	Apareceu um pedido de confirmação — confirme para continuar.	確認ダイアログが表示されました — 続けるには確認してください。	Pojawił się monit o potwierdzenie — potwierdź, aby kontynuować.
A full reset backs up your settings first as well.	Auch ein Full Reset sichert vorher deine Einstellungen.	Une réinitialisation complète sauvegarde aussi tes réglages d'abord.	전체 초기화도 먼저 설정을 백업합니다.	Un restablecimiento completo también guarda antes tus ajustes.	Полный сброс тоже сначала сохраняет копию настроек.	Η πλήρης επαναφορά κρατά επίσης πρώτα αντίγραφο των ρυθμίσεών σας.	完整重置同样会先备份你的设置。	完整重設同樣會先備份你的設定。	Anche un reset completo salva prima le impostazioni.	Uma redefinição completa também salva suas configurações antes.	完全リセットでも先に設定をバックアップします。	Pełny reset również najpierw zapisuje kopię ustawień.
A helper from before the update is still running.	Ein Helper von vor dem Update läuft noch.	Un helper d'avant la mise à jour tourne encore.	업데이트 이전의 헬퍼가 아직 실행 중입니다.	Sigue activo un helper anterior a la actualización.	Помощник из версии до обновления всё ещё запущен.	Εκτελείται ακόμη ένας helper από πριν την ενημέρωση.	更新前的 helper 仍在运行。	更新前的 helper 仍在執行。	Un helper precedente all'aggiornamento è ancora attivo.	Um helper anterior à atualização ainda está em execução.	更新前のヘルパーがまだ動作しています。	Helper sprzed aktualizacji nadal działa.
A safety backup is saved first	Vorher wird ein Sicherungs-Backup angelegt	Une sauvegarde de sécurité est faite d'abord	먼저 안전 백업을 저장합니다	Antes se guarda una copia de seguridad	Сначала сохраняется страховочная копия	Αποθηκεύεται πρώτα εφεδρικό αντίγραφο	会先保存一份安全备份	會先儲存一份安全備份	Prima viene salvato un backup di sicurezza	Um backup de segurança é salvo primeiro	先に安全用バックアップを保存します	Najpierw zapisywana jest kopia bezpieczeństwa
A safety copy of your current settings is saved first, the Game Bar closes, the backup is written back, and the helper restarts. Reopen the Game Bar (Win+G) when it's done.	Zuerst wird der aktuelle Stand gesichert, dann schließt die Game Bar, das Backup wird zurückgeschrieben und der Helper startet neu. Danach die Game Bar mit Win+G wieder öffnen.	Une copie de vos réglages actuels est enregistrée, la Game Bar se ferme, le backup est réécrit et le helper redémarre. Rouvrez la Game Bar (Win+G) ensuite.	현재 설정을 먼저 백업하고 Game Bar를 닫은 뒤 백업을 되돌리고 헬퍼가 다시 시작합니다. 끝나면 Win+G로 Game Bar를 여세요.	Primero se guarda una copia de tus ajustes, se cierra la Game Bar, se escribe la copia y el helper se reinicia. Reabre la Game Bar (Win+G) al terminar.	Сначала сохраняется страховочная копия текущих настроек, Game Bar закрывается, резервная копия записывается обратно, и помощник перезапускается. Когда всё закончится, снова откройте Game Bar (Win+G).	Κρατιέται πρώτα εφεδρικό αντίγραφο των τρεχουσών ρυθμίσεων, κλείνει το Game Bar, γράφεται πίσω το αντίγραφο και επανεκκινεί ο helper. Ανοίξτε ξανά το Game Bar (Win+G) όταν τελειώσει.	先保存当前设置的副本，关闭 Game Bar，写回备份，然后重启 helper。完成后请重新打开 Game Bar (Win+G)。	先儲存目前設定的副本，關閉 Game Bar，寫回備份，然後重新啟動 helper。完成後請重新開啟 Game Bar (Win+G)。	Prima viene salvata una copia delle impostazioni attuali, la Game Bar si chiude, il backup viene ripristinato e l'helper si riavvia. Riapri la Game Bar (Win+G) quando ha finito.	Primeiro uma cópia de segurança das configurações atuais é salva, a Game Bar fecha, o backup é restaurado e o helper reinicia. Reabra a Game Bar (Win+G) quando terminar.	現在の設定の控えを先に保存し、Game Bar を閉じ、バックアップを書き戻して、ヘルパーを再起動します。完了したら Game Bar (Win+G) をもう一度開いてください。	Najpierw zapisywana jest kopia bezpieczeństwa bieżących ustawień, Game Bar się zamyka, kopia zapasowa jest przywracana, a helper uruchamia się ponownie. Po zakończeniu otwórz Game Bar (Win+G).
Achievements	Errungenschaften	Succès	도전 과제	Logros	Достижения	Επιτεύγματα	成就	成就	Obiettivi	Conquistas	実績	Osiągnięcia
Away (short)	Abw.	Abs.	자리비움	Aus.	Отош.	Απών	离开	離開	Ass.	Aus.	離席	Nieob.
Steam friends	Steam-Freunde	Amis Steam	Steam 친구	Amigos de Steam	Друзья Steam	Φίλοι Steam	Steam 好友	Steam 好友	Amici Steam	Amigos do Steam	Steam フレンド	Znajomi Steam
{0} of {1} online	{0} von {1} online	{0} sur {1} en ligne	{1}명 중 {0}명 온라인	{0} de {1} en línea	{0} из {1} в сети	{0} από {1} σε σύνδεση	{1} 人中 {0} 人在线	{1} 人中 {0} 人上線	{0} di {1} online	{0} de {1} online	{1} 人中 {0} 人がオンライン	{0} z {1} online
Steam is not running.	Steam läuft nicht.	Steam n'est pas lancé.	Steam이 실행 중이 아닙니다.	Steam no se está ejecutando.	Steam не запущен.	Το Steam δεν εκτελείται.	Steam 未运行。	Steam 未執行。	Steam non è in esecuzione.	O Steam não está em execução.	Steam が起動していません。	Steam nie jest uruchomiony.
No friends on this Steam account.	Keine Freunde in diesem Steam-Konto.	Aucun ami sur ce compte Steam.	이 Steam 계정에 친구가 없습니다.	No hay amigos en esta cuenta de Steam.	В этом аккаунте Steam нет друзей.	Κανένας φίλος σε αυτόν τον λογαριασμό Steam.	此 Steam 账号没有好友。	此 Steam 帳號沒有好友。	Nessun amico su questo account Steam.	Nenhum amigo nesta conta Steam.	この Steam アカウントにはフレンドがいません。	Brak znajomych na tym koncie Steam.
In game ({0})	Im Spiel ({0})	En jeu ({0})	게임 중 ({0})	Jugando ({0})	В игре ({0})	Σε παιχνίδι ({0})	游戏中 ({0})	遊戲中 ({0})	In gioco ({0})	Em jogo ({0})	ゲーム中 ({0})	W grze ({0})
In a non-Steam game	In einem Nicht-Steam-Spiel	Dans un jeu hors Steam	Steam 외 게임 중	En un juego fuera de Steam	В игре не из Steam	Σε παιχνίδι εκτός Steam	非 Steam 游戏中	非 Steam 遊戲中	In un gioco non Steam	Em um jogo fora do Steam	Steam 以外のゲーム中	W grze spoza Steam
Online	Online	En ligne	온라인	En línea	В сети	Σε σύνδεση	在线	線上	Online		オンライン	
Offline	Offline	Hors ligne	오프라인	Desconectado	Не в сети	Εκτός σύνδεσης	离线	離線	Offline		オフライン	
Away	Abwesend	Absent	자리 비움	Ausente	Отошёл	Απών	离开	離開	Assente	Ausente	離席中	Nieobecny
Busy	Beschäftigt	Occupé	바쁨	Ocupado	Занят	Απασχολημένος	忙碌	忙碌	Occupato	Ocupado	取込中	Zajęty
Chat	Chatten	Discuter	채팅	Chatear	Чат	Συνομιλία	聊天	聊天	Chat		チャット	Czat
Friend activity	Aktivitäten der Freunde	Activité des amis	친구 활동	Actividad de amigos	Активность друзей	Δραστηριότητα φίλων	好友动态	好友動態	Attività degli amici	Atividade dos amigos	フレンドの動向	Aktywność znajomych
No recent activity.	Keine Aktivitäten.	Aucune activité récente.	최근 활동이 없습니다.	No hay actividad reciente.	Недавней активности нет.	Καμία πρόσφατη δραστηριότητα.	最近没有动态。	最近沒有動態。	Nessuna attività recente.	Nenhuma atividade recente.	最近の動向はありません。	Brak ostatniej aktywności.
Hidden achievement	Versteckte Errungenschaft	Succès caché	숨겨진 도전 과제	Logro oculto	Скрытое достижение	Κρυφό επίτευγμα	隐藏成就	隱藏成就	Obiettivo nascosto	Conquista oculta	隠し実績	Ukryte osiągnięcie
Today	Heute	Aujourd'hui	오늘	Hoy	Сегодня	Σήμερα	今天	今天	Oggi	Hoje	今日	Dziś
Yesterday	Gestern	Hier	어제	Ayer	Вчера	Χθες	昨天	昨天	Ieri	Ontem	昨日	Wczoraj
just now	gerade eben	à l'instant	방금	ahora mismo	только что	μόλις τώρα	刚刚	剛剛	adesso	agora mesmo	たった今	przed chwilą
{0} min ago	vor {0} Min.	il y a {0} min	{0}분 전	hace {0} min	{0} мин назад	πριν {0} λεπτά	{0} 分钟前	{0} 分鐘前	{0} min fa	há {0} min	{0} 分前	{0} min temu
{0} h ago	vor {0} Std.	il y a {0} h	{0}시간 전	hace {0} h	{0} ч назад	πριν {0} ώρες	{0} 小时前	{0} 小時前	{0} h fa	há {0} h	{0} 時間前	{0} godz. temu
yesterday	gestern	hier	어제	ayer	вчера	χθες	昨天	昨天	ieri	ontem	昨日	wczoraj
{0} days ago	vor {0} Tagen	il y a {0} jours	{0}일 전	hace {0} días	{0} дн. назад	πριν {0} ημέρες	{0} 天前	{0} 天前	{0} giorni fa	há {0} dias	{0} 日前	{0} dni temu
Achievement in {0}	Errungenschaft in {0}	Succès dans {0}	{0} 도전 과제	Logro en {0}	Достижение в {0}	Επίτευγμα στο {0}	{0} 中的成就	{0} 中的成就	Obiettivo in {0}	Conquista em {0}	{0} の実績	Osiągnięcie w {0}
{0} achievements in {1}	{0} Errungenschaften in {1}	{0} succès dans {1}	{1} 도전 과제 {0}개	{0} logros en {1}	{0} достижений в {1}	{0} επιτεύγματα στο {1}	{1} 中的 {0} 个成就	{1} 中的 {0} 個成就	{0} obiettivi in {1}	{0} conquistas em {1}	{1} で {0} 個の実績	{0} osiągnięć w {1}
Played {0} for the first time	Hat {0} zum ersten Mal gespielt	A joué à {0} pour la première fois	{0} 첫 플레이	Jugó a {0} por primera vez	Впервые играл в {0}	Έπαιξε {0} για πρώτη φορά	首次玩了 {0}	首次玩了 {0}	Ha giocato a {0} per la prima volta	Jogou {0} pela primeira vez	{0} を初プレイ	Zagrał w {0} po raz pierwszy
Played {0}	Spielte {0}	A joué à {0}	{0} 플레이	Jugó a {0}	Играл в {0}	Έπαιξε {0}	玩了 {0}	玩了 {0}	Ha giocato a {0}	Jogou {0}	{0} をプレイ	Grał w {0}
Last online {0}	Zuletzt online {0}	En ligne {0}	마지막 접속 {0}	En línea {0}	Был в сети {0}	Τελευταία σύνδεση {0}	上次在线 {0}	上次上線 {0}	Ultimo accesso {0}	Visto por último {0}	最終オンライン {0}	Ostatnio online {0}
Activate Game Bar auto-jump	Game-Bar-Autosprung aktivieren	Activer le saut auto Game Bar	Game Bar 자동 이동 켜기	Activar el salto automático	Включить автопереход Game Bar	Ενεργοποίηση αυτόματης μετάβασης Game Bar	启用 Game Bar 自动跳转	啟用 Game Bar 自動跳轉	Attiva il salto automatico Game Bar	Ativar o salto automático da Game Bar	Game Bar 自動ジャンプを有効化	Włącz automatyczny skok Game Bar
Add ClawTweaks to the Game Bar	ClawTweaks zur Game Bar hinzufügen	Ajouter ClawTweaks à la Game Bar	Game Bar에 ClawTweaks 추가	Añadir ClawTweaks a la Game Bar	Добавить ClawTweaks в Game Bar	Προσθήκη του ClawTweaks στο Game Bar	把 ClawTweaks 添加到 Game Bar	把 ClawTweaks 加入 Game Bar	Aggiungi ClawTweaks alla Game Bar	Adicionar o ClawTweaks à Game Bar	ClawTweaks を Game Bar に追加	Dodaj ClawTweaks do Game Bar
Add ClawTweaks to the Game Bar first.	Erst ClawTweaks zur Game Bar hinzufügen.	Ajoutez d'abord ClawTweaks à la Game Bar.	먼저 Game Bar에 ClawTweaks를 추가하세요.	Añade antes ClawTweaks a la Game Bar.	Сначала добавьте ClawTweaks в Game Bar.	Προσθέστε πρώτα το ClawTweaks στο Game Bar.	请先把 ClawTweaks 添加到 Game Bar。	請先把 ClawTweaks 加入 Game Bar。	Aggiungi prima ClawTweaks alla Game Bar.	Adicione o ClawTweaks à Game Bar primeiro.	先に ClawTweaks を Game Bar に追加してください。	Najpierw dodaj ClawTweaks do Game Bar.
Add ROMs in Playnite, then close it — they are found automatically.	Füge ROMs in Playnite hinzu und schließe es — sie werden automatisch gefunden.	Ajoutez vos ROM dans Playnite puis fermez-le — elles sont trouvées automatiquement.	Playnite에서 ROM을 추가한 뒤 닫으세요 — 자동으로 검색됩니다.	Añade ROM en Playnite y ciérralo — se encuentran automáticamente.	Добавьте ROM-ы в Playnite и закройте его — они найдутся автоматически.	Προσθέστε ROM στο Playnite και κλείστε το — βρίσκονται αυτόματα.	在 Playnite 中添加 ROM 后关闭它 — 会自动找到。	在 Playnite 中加入 ROM 後關閉它 — 會自動找到。	Aggiungi le ROM in Playnite, poi chiudilo — vengono trovate da sole.	Adicione as ROMs no Playnite e feche-o — elas são encontradas automaticamente.	Playnite に ROM を追加して閉じてください — 自動的に見つかります。	Dodaj ROM-y w Playnite i zamknij go — zostaną znalezione automatycznie.
Add a desktop icon	Desktop-Verknüpfung erstellen	Ajouter une icône au bureau	바탕 화면 아이콘 추가	Añadir icono al escritorio	Значок на рабочем столе	Προσθήκη συντόμευσης	创建桌面图标	建立桌面圖示	Aggiungi un'icona sul desktop	Ícone na área de trabalho	デスクトップにアイコンを作成	Ikona na pulpicie
Add an app	App hinzufügen	Ajouter une app	앱 추가	Añadir una app	Добавить прилож.	Νέα εφαρμογή	添加应用	新增應用程式	Aggiungi un'app	Adicionar um app	アプリを追加	Dodaj aplikację
Add app	Hinzufügen	Ajouter	앱 추가	Añadir app	Добавить	Προσθήκη	添加应用	新增程式	Aggiungi app	Add. app	アプリ追加	Dodaj apl.
Add it under Settings → SteamGridDB key.	Unter Einstellungen → SteamGridDB-Key eintragen.	Ajoutez-la dans Paramètres → clé SteamGridDB.	설정 → SteamGridDB 키에 입력하세요.	Añádela en Ajustes → clave de SteamGridDB.	Добавьте его в Настройки → ключ SteamGridDB.	Προσθέστε το στις Ρυθμίσεις → κλειδί SteamGridDB.	在设置 → SteamGridDB 密钥中添加。	在設定 → SteamGridDB 金鑰中加入。	Inseriscila in Impostazioni → chiave SteamGridDB.	Adicione em Configurações → chave SteamGridDB.	設定 → SteamGridDB キーで追加してください。	Dodaj go w Ustawienia → klucz SteamGridDB.
Add to Favorites	Zu Favoriten	Aux favoris	즐겨찾기 추가	A favoritos	В избранное	Προσθήκη στα αγαπημένα	添加到收藏	加入收藏	Aggiungi ai preferiti	Adicionar aos favoritos	お気に入りに追加	Dodaj do ulubionych
After starting a game	Nach dem Spielstart	Après le lancement	게임 실행 후	Tras iniciar un juego	После запуска игры	Μετά την εκκίνηση παιχνιδιού	启动游戏后	啟動遊戲後	Dopo l'avvio di un gioco	Depois de iniciar um jogo	ゲーム開始後	Po uruchomieniu gry
All	Alle	Tous	전체	Todos	Все	Όλα	全部	全部	Tutti	Todos	すべて	Wszystko
All achievements…	Alle Errungenschaften…	Tous les succès…	모든 도전 과제…	Todos los logros…	Все достижения…	Όλα τα επιτεύγματα…	全部成就…	全部成就…	Tutti gli obiettivi…	Todas as conquistas…	すべての実績…	Wszystkie osiągnięcia…
All systems	Alle Systeme	Tous les systèmes	모든 시스템	Todos los sistemas	Все системы	Όλα τα συστήματα	全部平台	全部平台	Tutti i sistemi	Todos os sistemas	すべての機種	Wszystkie systemy
All tabs shown	Alle Tabs sichtbar	Tous les onglets	모든 탭 표시	Todas las pestañas	Все вкладки	Όλες οι καρτέλες ορατές	已显示全部标签	已顯示全部標籤	Tutte le schede	Todas as abas	すべてのタブを表示中	Wszystkie karty
Almost done	Fast fertig	Presque fini	거의 다 됐습니다	Casi listo	Почти готово	Σχεδόν έτοιμο	就快好了	就快好了	Quasi fatto	Quase pronto	もうすぐ完了	Prawie gotowe
Almost — but in the wrong place	Fast — aber am falschen Ort	Presque — mais au mauvais endroit	거의 — 하지만 위치가 잘못됨	Casi — pero en el sitio erróneo	Почти — но не туда	Σχεδόν — αλλά σε λάθος θέση	差一点 — 但位置不对	差一點 — 但位置不對	Quasi — ma nel posto sbagliato	Quase — mas no lugar errado	惜しい — 場所が違います	Prawie — ale w złym miejscu
Already disabled.	Bereits abgeschaltet.	Déjà désactivé.	이미 비활성화됨.	Ya está desactivado.	Уже отключено.	Ήδη απενεργοποιημένο.	已经关闭。	已經關閉。	Già disattivato.	Já desativado.	すでに無効です。	Już wyłączone.
Already enabled.	Bereits aktiviert.	Déjà activé.	이미 활성화됨.	Ya está activado.	Уже включено.	Ήδη ενεργοποιημένο.	已经开启。	已經開啟。	Già attivato.	Já ativado.	すでに有効です。	Już włączone.
Also looks for new cover art	Sucht auch nach neuem Cover	Cherche aussi une jaquette	새 커버도 함께 찾습니다	También busca nueva portada	Также ищет новые обложки	Ψάχνει και για νέα εξώφυλλα	同时寻找新封面	同時尋找新封面	Cerca anche nuove copertine	Também procura novas capas	新しいカバーも探します	Szuka też nowych okładek
An automatic backup of your current settings is created before the reset, so you can restore it later from Restore Backup. The Game Bar will be closed — reopen it (Win+G) afterwards.	Vor dem Zurücksetzen wird automatisch ein Backup deiner Einstellungen angelegt, das du später über Backup zurückholen kannst. Die Game Bar wird geschlossen — danach mit Win+G wieder öffnen.	Une sauvegarde automatique de vos réglages est créée avant la remise à zéro ; vous pourrez la restaurer plus tard. La Game Bar sera fermée — rouvrez-la avec Win+G.	초기화 전에 현재 설정이 자동으로 백업되며 나중에 백업 복원에서 되돌릴 수 있습니다. Game Bar가 닫히므로 나중에 Win+G로 다시 여세요.	Antes del restablecimiento se crea una copia automática de tus ajustes, que podrás restaurar después. La Game Bar se cerrará — vuelve a abrirla con Win+G.	Перед сбросом автоматически создаётся копия текущих настроек, которую потом можно вернуть через «Восстановить копию». Game Bar будет закрыт — откройте его снова (Win+G).	Πριν την επαναφορά δημιουργείται αυτόματο αντίγραφο των τρεχουσών ρυθμίσεων, ώστε να το επαναφέρετε αργότερα από την Επαναφορά αντιγράφου. Το Game Bar θα κλείσει — ανοίξτε το ξανά (Win+G) μετά.	重置前会自动备份当前设置，之后可以从「还原备份」取回。Game Bar 会关闭 — 完成后请用 (Win+G) 重新打开。	重設前會自動備份目前設定，之後可以從「還原備份」取回。Game Bar 會關閉 — 完成後請用 (Win+G) 重新開啟。	Prima del reset viene creato un backup automatico delle impostazioni, ripristinabile poi da Ripristina backup. La Game Bar verrà chiusa — riaprila (Win+G) dopo.	Um backup automático das configurações atuais é criado antes da redefinição, para restaurar depois em Restaurar backup. A Game Bar será fechada — reabra-a (Win+G) depois.	リセット前に現在の設定が自動でバックアップされるので、後から「バックアップの復元」で戻せます。Game Bar は閉じられます — 終わったら (Win+G) で開き直してください。	Przed resetem tworzona jest automatyczna kopia bieżących ustawień, którą możesz później przywrócić w Przywróć kopię. Game Bar zostanie zamknięty — otwórz go potem (Win+G).
An existing ClawTweaks installation was found. The setup will re-check all prerequisites and install the latest package.	Eine vorhandene ClawTweaks-Installation wurde gefunden. Das Setup prüft alle Voraussetzungen erneut und installiert das neueste Paket.	Une installation ClawTweaks existante a été trouvée. Le setup revérifie les prérequis et installe le dernier paquet.	기존 ClawTweaks 설치를 찾았습니다. 설치 프로그램이 요구 사항을 다시 확인하고 최신 패키지를 설치합니다.	Se encontró una instalación de ClawTweaks. El setup revisa los requisitos e instala el último paquete.	Найдена существующая установка ClawTweaks. Установщик заново проверит требования и установит последний пакет.	Βρέθηκε υπάρχουσα εγκατάσταση ClawTweaks. Το setup θα ελέγξει ξανά όλα τα προαπαιτούμενα και θα εγκαταστήσει το νεότερο πακέτο.	找到了已有的 ClawTweaks 安装。安装程序会重新检查全部先决条件并安装最新的包。	找到了既有的 ClawTweaks 安裝。安裝程式會重新檢查全部必要條件並安裝最新的套件。	Trovata un'installazione di ClawTweaks. Il setup ricontrolla i prerequisiti e installa il pacchetto più recente.	Uma instalação do ClawTweaks foi encontrada. O setup verifica os pré-requisitos de novo e instala o pacote mais recente.	既存の ClawTweaks インストールが見つかりました。セットアップは前提条件をすべて再確認し、最新パッケージをインストールします。	Znaleziono istniejącą instalację ClawTweaks. Instalator ponownie sprawdzi wymagania i zainstaluje najnowszy pakiet.
An older ClawTweaks Center is still installed	Ein älteres ClawTweaks Center ist noch installiert	Un ancien ClawTweaks Center est encore installé	이전 ClawTweaks Center가 아직 설치되어 있습니다	Sigue instalado un ClawTweaks Center anterior	Старый ClawTweaks Center всё ещё установлен	Είναι ακόμη εγκατεστημένο ένα παλιότερο ClawTweaks Center	仍装有较旧的 ClawTweaks Center	仍裝有較舊的 ClawTweaks Center	È ancora installato un ClawTweaks Center più vecchio	Um ClawTweaks Center mais antigo ainda está instalado	古い ClawTweaks Center がまだ入っています	Starszy ClawTweaks Center jest nadal zainstalowany
Answers to the questions that come up most.	Antworten auf die häufigsten Fragen.	Réponses aux questions les plus fréquentes.	자주 나오는 질문에 대한 답변입니다.	Respuestas a las preguntas más frecuentes.	Ответы на самые частые вопросы.	Απαντήσεις στις πιο συχνές ερωτήσεις.	最常见问题的解答。	最常見問題的解答。	Risposte alle domande più frequenti.	Respostas às perguntas mais frequentes.	よくある質問への回答です。	Odpowiedzi na najczęstsze pytania.
Anti-cheat	Anti-Cheat	Anti-triche	안티치트	Anti-trampas	Античит		反作弊	反作弊	Anti-cheat		アンチチート	
App package	App-Paket	Paquet de l'app	앱 패키지	Paquete de la app	Пакет приложения	Πακέτο εφαρμογής	应用包	應用程式套件	Pacchetto app	Pacote do app	アプリパッケージ	Pakiet aplikacji
Back	Zurück	Retour	뒤로	Atrás	Назад	Πίσω	返回	返回	Indietro	Voltar	戻る	Wstecz
Back to library	Zur Bibliothek	Retour bibliothèque	라이브러리로	A la biblioteca	В библиотеку	Πίσω στη βιβλιοθήκη	返回游戏库	返回遊戲庫	Alla libreria	Para a biblioteca	ライブラリに戻る	Do biblioteki
Back to the cover Center finds itself	Zurück zum Cover, das Center selbst findet	Revenir à la jaquette trouvée par Center	Center가 찾는 커버로 되돌립니다	Vuelve a la portada que Center encuentra	Вернуть обложку, которую Center находит сам	Πίσω στο εξώφυλλο που βρίσκει μόνο του το Center	回到 Center 自己找到的封面	回到 Center 自己找到的封面	Torna alla copertina trovata da Center	Voltar à capa que o Center encontra sozinho	Center が自動で見つけたカバーに戻します	Wróć do okładki, którą Center znajduje sam
Backup created	Backup erstellt	Backup créé	백업 생성됨	Copia creada	Копия создана	Δημιουργήθηκε αντίγραφο	已创建备份	已建立備份	Backup creato	Backup criado	バックアップを作成	Kopia utworzona
Backup failed	Backup fehlgeschlagen	Échec du backup	백업 실패	Fallo de copia	Ошибка копии	Το αντίγραφο απέτυχε	备份失败	備份失敗	Backup non riuscito	Falha no backup	バックアップに失敗	Kopia nie powiodła się
Blocked	Gesperrt	Bloquée	차단됨	Bloqueada	Блокировано	Αποκλεισμένο	已阻止	已封鎖	Bloccato	Bloqueado	ブロック中	Zablokowane
Both write the same hardware, and the last one to write wins.	Beide schreiben dieselbe Hardware, und der letzte Schreiber gewinnt.	Les deux écrivent le même matériel, et le dernier l'emporte.	둘 다 같은 하드웨어에 쓰며, 마지막에 쓴 쪽이 이깁니다.	Ambos escriben el mismo hardware, y gana el último.	Оба пишут в одно и то же железо, и побеждает тот, кто записал последним.	Και τα δύο γράφουν στο ίδιο υλικό, και επικρατεί όποιο γράψει τελευταίο.	两者写入同一套硬件，最后写入的一方生效。	兩者寫入同一套硬體，最後寫入的一方生效。	Entrambi scrivono lo stesso hardware, e vince l'ultimo che scrive.	Os dois escrevem no mesmo hardware, e o último a escrever vence.	どちらも同じハードウェアに書き込むため、最後に書いた方が有効になります。	Oba zapisują ten sam sprzęt, a wygrywa ten, który zapisze ostatni.
Bring back a previous backup. A safety copy of the current state is taken automatically first.	Spielt ein früheres Backup zurück. Vom aktuellen Stand wird vorher automatisch eine Sicherung angelegt.	Restaure un backup précédent. Une copie de sécurité de l'état actuel est faite d'abord.	이전 백업을 되돌립니다. 현재 상태는 먼저 자동으로 백업됩니다.	Restaura una copia anterior. Antes se guarda automáticamente el estado actual.	Вернуть прежнюю копию. Сначала автоматически сохраняется страховочная копия текущего состояния.	Επαναφέρετε ένα προηγούμενο αντίγραφο. Πρώτα κρατιέται αυτόματα εφεδρικό αντίγραφο της τρέχουσας κατάστασης.	取回之前的备份。系统会先自动为当前状态留一份副本。	取回之前的備份。系統會先自動為目前狀態留一份副本。	Ripristina un backup precedente. Prima viene fatta in automatico una copia di sicurezza dello stato attuale.	Traz de volta um backup anterior. Antes, uma cópia de segurança do estado atual é feita automaticamente.	以前のバックアップを戻します。先に現在の状態の控えが自動で作られます。	Przywróć wcześniejszą kopię zapasową. Najpierw automatycznie zapisywana jest kopia bieżącego stanu.
Browse for a file	Datei auswählen	Parcourir un fichier	파일 찾아보기	Buscar un archivo	Выбрать файл	Αναζήτηση αρχείου	浏览文件	瀏覽檔案	Cerca un file	Procurar um arquivo	ファイルを選ぶ	Wybierz plik
Browse…	Durchsuchen…	Parcourir…	찾아보기…	Examinar…	Обзор…	Αναζήτηση…	浏览…	瀏覽…	Sfoglia…	Procurar…	参照…	Przeglądaj…
Center background	Center-Hintergrund	Fond de Center	Center 배경	Fondo de Center	Фон Center	Φόντο του Center	Center 背景	Center 背景	Sfondo di Center	Fundo do Center	Center の背景	Tło Center
Change folder	Ordner wechseln	Changer de dossier	폴더 변경	Cambiar carpeta	Сменить папку	Αλλαγή φακέλου	更换文件夹	更換資料夾	Cambia cartella	Mudar pasta	フォルダーを変更	Zmień folder
Choose one of your images	Eigenes Bild wählen	Choisir une de vos images	내 이미지 선택	Elegir una de tus imágenes	Выберите своё изображение	Επιλέξτε μία από τις εικόνες σας	从你的图片中选择	從你的圖片中選擇	Scegli una tua immagine	Escolha uma imagem sua	自分の画像から選ぶ	Wybierz własny obraz
Choose a background	Hintergrund wählen	Choisir un fond	배경 선택	Elegir un fondo	Выберите фон	Επιλέξτε φόντο	选择背景	選擇背景	Scegli uno sfondo	Escolha um fundo	背景を選ぶ	Wybierz tło
CPU boost	CPU-Boost	Boost CPU	CPU 부스트	Boost de CPU	Boost ЦП	Boost CPU	CPU 加速	CPU 加速	Boost CPU	Boost da CPU	CPU ブースト	Boost CPU
CTW Full Reset	CTW ganz zurücksetzen	Reset complet CTW	CTW 전체 초기화	Restablecer todo CTW	Полный сброс CTW	Πλήρης επαναφορά CTW	CTW 完全重置	CTW 完全重設	Reset completo CTW	Redefinir tudo (CTW)	CTW 完全リセット	Pełny reset CTW
Cancel	Abbrechen	Annuler	취소	Cancelar	Отмена	Άκυρο	取消	取消	Annulla	Cancelar	キャンセル	Anuluj
Center is how you update ClawTweaks and reset the device. Remove ClawTweaks first if you meant to remove both.	Über Center aktualisierst du ClawTweaks und setzt das Gerät zurück. Entferne erst ClawTweaks, wenn beides weg soll.	C'est par Center que tu mets ClawTweaks à jour et que tu restaures l'appareil. Supprime ClawTweaks d'abord si tu veux tout enlever.	Center로 ClawTweaks를 업데이트하고 기기를 되돌립니다. 둘 다 지우려면 ClawTweaks를 먼저 제거하세요.	Con Center actualizas ClawTweaks y restauras el dispositivo. Quita antes ClawTweaks si quieres eliminar ambos.	Через Center вы обновляете ClawTweaks и сбрасываете устройство. Сначала удалите ClawTweaks, если хотите удалить оба.	Το Center είναι ο τρόπος να ενημερώνετε το ClawTweaks και να επαναφέρετε τη συσκευή. Αν θέλετε να αφαιρέσετε και τα δύο, αφαιρέστε πρώτα το ClawTweaks.	Center 用来更新 ClawTweaks 和还原设备。如果两个都想删除，请先删除 ClawTweaks。	Center 用來更新 ClawTweaks 和還原裝置。如果兩個都要移除，請先移除 ClawTweaks。	Con Center aggiorni ClawTweaks e ripristini il dispositivo. Rimuovi prima ClawTweaks se vuoi togliere entrambi.	O Center é como você atualiza o ClawTweaks e restaura o dispositivo. Remova o ClawTweaks primeiro se quiser remover os dois.	Center は ClawTweaks の更新とデバイスの復元を行う場所です。両方消したい場合は先に ClawTweaks を削除してください。	Center służy do aktualizacji ClawTweaks i resetu urządzenia. Najpierw usuń ClawTweaks, jeśli chcesz usunąć oba.
Center itself never asks for admin rights.	Center selbst fragt nie nach Adminrechten.	Center lui-même ne demande jamais les droits admin.	Center 자체는 관리자 권한을 요구하지 않습니다.	Center nunca pide permisos de administrador.	Сам Center никогда не запрашивает права администратора.	Το ίδιο το Center δεν ζητά ποτέ δικαιώματα διαχειριστή.	Center 自己从不索取管理员权限。	Center 自己從不索取系統管理員權限。	Center non chiede mai i diritti di amministratore.	O Center nunca pede direitos de administrador.	Center 自体が管理者権限を求めることはありません。	Sam Center nigdy nie prosi o uprawnienia administratora.
Center settings	Center-Einstellungen	Paramètres Center	Center 설정	Ajustes de Center	Настройки Center	Ρυθμίσεις Center	Center 设置	Center 設定	Impostazioni di Center	Configurações do Center	Center 設定	Ustawienia Center
Center start screen	Center-Startseite	Écran d'accueil Center	Center 시작 화면	Pantalla de inicio	Стартовый экран Center	Αρχική οθόνη του Center	Center 起始页	Center 起始畫面	Schermata iniziale di Center	Tela inicial do Center	Center の開始画面	Ekran startowy Center
Centered	Zentriert	Centré	가운데 정렬	Centrado	По центру	Κεντραρισμένο	居中	置中	Centrato	Centralizado	中央	Wyśrodkowane
Certificate already trusted.	Zertifikat ist bereits vertraut.	Certificat déjà approuvé.	인증서가 이미 신뢰됨.	El certificado ya es de confianza.	Сертификат уже доверенный.	Το πιστοποιητικό είναι ήδη έμπιστο.	证书已受信任。	憑證已受信任。	Certificato già attendibile.	Certificado já confiável.	証明書はすでに信頼済みです。	Certyfikat jest już zaufany.
Charge limit off and fan handed back to firmware.	Ladelimit aus, Lüfter zurück an die Firmware.	Limite de charge coupée, ventilateur rendu au firmware.	충전 제한을 끄고 팬을 펌웨어에 넘겼습니다.	Límite de carga apagado y ventilador devuelto al firmware.	Лимит заряда отключён, вентилятор возвращён прошивке.	Το όριο φόρτισης απενεργοποιήθηκε και ο ανεμιστήρας επέστρεψε στο firmware.	充电限制已关闭，风扇已交回固件。	充電限制已關閉，風扇已交回韌體。	Limite di carica disattivato e ventola restituita al firmware.	Limite de carga desligado e ventoinha devolvida ao firmware.	充電制限を解除し、ファンをファームウェアに戻しました。	Limit ładowania wyłączony, wentylator oddany firmware.
Check	Prüfen	Vérifier	확인	Comprobar	Проверить	Έλεγχος	检查	檢查	Verifica	Verificar	確認	Sprawdź
Check hardware controller health	Controller-Zustand prüfen	Vérifier l'état de la manette	컨트롤러 상태 확인	Comprobar el estado del mando	Проверить состояние контроллера	Έλεγχος υγείας υλικού χειριστηρίου	检查硬件手柄状态	檢查硬體控制器狀態	Verifica lo stato del controller	Verificar o estado do controle	ハードウェアコントローラーの状態を確認	Sprawdź stan kontrolera
Check the controller first.	Erst den Controller prüfen.	Vérifiez d'abord la manette.	먼저 컨트롤러를 확인하세요.	Comprueba antes el mando.	Сначала проверьте контроллер.	Ελέγξτε πρώτα το χειριστήριο.	请先检查手柄。	請先檢查控制器。	Verifica prima il controller.	Verifique o controle primeiro.	先にコントローラーを確認してください。	Najpierw sprawdź kontroler.
Checking controller mode…	Controller-Modus wird geprüft…	Vérification du mode manette…	컨트롤러 모드 확인 중…	Comprobando el modo del mando…	Проверка режима контроллера…	Έλεγχος λειτουργίας χειριστηρίου…	正在检查手柄模式…	正在檢查控制器模式…	Verifica della modalità controller…	Verificando o modo do controle…	コントローラーのモードを確認中…	Sprawdzanie trybu kontrolera…
Checking for duplicate helpers…	Suche nach doppelten Helpern…	Recherche de helpers en double…	중복 헬퍼 확인 중…	Buscando helpers duplicados…	Поиск дублирующих помощников…	Έλεγχος για διπλό helper…	正在检查重复的 helper…	正在檢查重複的 helper…	Ricerca di helper duplicati…	Procurando helpers duplicados…	重複ヘルパーを確認中…	Szukanie zdublowanych helperów…
Checking prerequisites…	Voraussetzungen werden geprüft…	Vérification des prérequis…	필수 요소 확인 중…	Comprobando requisitos…	Проверка требований…	Έλεγχος προαπαιτούμενων…	正在检查先决条件…	正在檢查必要條件…	Verifica dei prerequisiti…	Verificando pré-requisitos…	前提条件を確認中…	Sprawdzanie wymagań…
Checking the Game Bar…	Game Bar wird geprüft…	Vérification de la Game Bar…	Game Bar 확인 중…	Comprobando la Game Bar…	Проверка Game Bar…	Έλεγχος του Game Bar…	正在检查 Game Bar…	正在檢查 Game Bar…	Verifica della Game Bar…	Verificando a Game Bar…	Game Bar を確認中…	Sprawdzanie Game Bar…
Checking the controller…	Controller wird geprüft…	Vérification de la manette…	컨트롤러 확인 중…	Comprobando el mando…	Проверка контроллера…	Έλεγχος του χειριστηρίου…	正在检查手柄…	正在檢查控制器…	Verifica del controller…	Verificando o controle…	コントローラーを確認中…	Sprawdzanie kontrolera…
Checking whether the device can be restored.	Prüft, ob sich das Gerät zurücksetzen lässt.	Vérifie si l'appareil peut être restauré.	기기를 되돌릴 수 있는지 확인합니다.	Comprueba si el dispositivo puede restaurarse.	Проверка, можно ли восстановить устройство.	Έλεγχος αν μπορεί να επαναφερθεί η συσκευή.	正在检查设备能否还原。	正在檢查裝置能否還原。	Verifica se il dispositivo può essere ripristinato.	Verificando se o dispositivo pode ser restaurado.	デバイスを復元できるか確認しています。	Sprawdzanie, czy urządzenie można przywrócić.
Checking…	Prüfe…	Vérification…	확인 중…	Comprobando…	Проверка…	Έλεγχος…	检查中…	檢查中…	Verifica…	Verificando…	確認中…	Sprawdzanie…
Choose	Wählen	Choisir	선택	Elegir	Выбрать	Επιλογή	选择	選擇	Scegli	Escolher	選択	Wybierz
Choose cover	Cover wählen	Choisir	커버 선택	Elegir portada	Выбрать обложку	Επιλογή εξωφύλλου	选择封面	選擇封面	Scegli copertina	Escolher capa	カバーを選ぶ	Wybierz okładkę
Choose cover art	Cover wählen	Choisir une jaquette	커버 선택	Elegir portada	Выбрать обложку	Επιλογή εξωφύλλου	选择封面	選擇封面	Scegli la copertina	Escolher a capa	カバーを選ぶ	Wybierz okładkę
Choose cover art…	Cover wählen…	Choisir une jaquette…	커버 선택…	Elegir portada…	Выбрать обложку…	Επιλογή εξωφύλλου…	选择封面…	選擇封面…	Scegli la copertina…	Escolher a capa…	カバーを選ぶ…	Wybierz okładkę…
Choose from installed apps	Aus installierten Apps wählen	Choisir parmi les apps installées	설치된 앱에서 선택	Elegir de las apps instaladas	Выбрать из установленных приложений	Επιλογή από εγκατεστημένες εφαρμογές	从已安装的应用中选择	從已安裝的應用程式中選擇	Scegli tra le app installate	Escolher entre os apps instalados	インストール済みアプリから選ぶ	Wybierz z zainstalowanych aplikacji
Choose how the library starts and looks.	Start und Aussehen der Bibliothek wählen.	Choisir l'ouverture et l'aspect de la bibliothèque.	라이브러리의 시작과 모양을 선택합니다.	Elige cómo se abre y se ve la biblioteca.	Выберите, как библиотека запускается и выглядит.	Επιλέξτε πώς ξεκινά και πώς δείχνει η βιβλιοθήκη.	选择游戏库的启动方式和外观。	選擇遊戲庫的啟動方式和外觀。	Scegli come si apre e come appare la libreria.	Escolha como a biblioteca abre e aparece.	ライブラリの起動方法と見た目を選びます。	Wybierz, jak biblioteka się uruchamia i wygląda.
Choose the language and how the window opens.	Sprache und Fenstermodus wählen.	Choisir la langue et le mode de fenêtre.	언어와 창 모드를 선택합니다.	Elige el idioma y el modo de ventana.	Выберите язык и способ открытия окна.	Επιλέξτε τη γλώσσα και τον τρόπο που ανοίγει το παράθυρο.	选择语言以及窗口的打开方式。	選擇語言以及視窗的開啟方式。	Scegli la lingua e come si apre la finestra.	Escolha o idioma e como a janela abre.	言語とウィンドウの開き方を選びます。	Wybierz język i sposób otwierania okna.
Choose what to add	Wählen, was hinzukommt	Choisir quoi ajouter	추가할 항목 선택	Elige qué añadir	Выберите, что добавить	Επιλέξτε τι θα προσθέσετε	选择要添加的内容	選擇要新增的內容	Scegli cosa aggiungere	Escolha o que adicionar	追加するものを選ぶ	Wybierz, co dodać
Choose what to do next.	Wähle, wie es weitergeht.	Choisissez la suite.	다음에 무엇을 할지 선택하세요.	Elige cómo seguir.	Выберите, что делать дальше.	Επιλέξτε τι θα γίνει μετά.	选择接下来要做什么。	選擇接下來要做什麼。	Scegli cosa fare ora.	Escolha o que fazer agora.	次に行うことを選んでください。	Wybierz, co dalej.
ClawTweaks Center is already installed	ClawTweaks Center ist bereits installiert	ClawTweaks Center est déjà installé	ClawTweaks Center가 이미 설치되어 있습니다	ClawTweaks Center ya está instalado	ClawTweaks Center уже установлен	Το ClawTweaks Center είναι ήδη εγκατεστημένο	ClawTweaks Center 已安装	ClawTweaks Center 已安裝	ClawTweaks Center è già installato	O ClawTweaks Center já está instalado	ClawTweaks Center はすでにインストール済みです	ClawTweaks Center jest już zainstalowany
ClawTweaks Library Overview	ClawTweaks-Bibliothek im Überblick	Aperçu de la bibliothèque ClawTweaks	ClawTweaks 라이브러리 개요	Resumen de la biblioteca ClawTweaks	Обзор библиотеки ClawTweaks	Επισκόπηση βιβλιοθήκης ClawTweaks	ClawTweaks 游戏库总览	ClawTweaks 遊戲庫總覽	Panoramica della libreria ClawTweaks	Visão geral da biblioteca ClawTweaks	ClawTweaks ライブラリ概要	Przegląd biblioteki ClawTweaks
ClawTweaks installed	ClawTweaks installiert	ClawTweaks installé	ClawTweaks 설치됨	ClawTweaks instalado	ClawTweaks установлен	Το ClawTweaks εγκαταστάθηκε	已安装 ClawTweaks	已安裝 ClawTweaks	ClawTweaks installato	ClawTweaks instalado	ClawTweaks をインストールしました	ClawTweaks zainstalowany
ClawTweaks is in your Game Bar.	ClawTweaks ist in deiner Game Bar.	ClawTweaks est dans votre Game Bar.	ClawTweaks가 Game Bar에 있습니다.	ClawTweaks está en tu Game Bar.	ClawTweaks в вашем Game Bar.	Το ClawTweaks είναι στο Game Bar σας.	ClawTweaks 已在你的 Game Bar 中。	ClawTweaks 已在你的 Game Bar 中。	ClawTweaks è nella tua Game Bar.	O ClawTweaks está na sua Game Bar.	ClawTweaks は Game Bar にあります。	ClawTweaks jest w Twoim Game Bar.
ClawTweaks is installed and its helper is answering.	ClawTweaks ist installiert und der Helper antwortet.	ClawTweaks est installé et son helper répond.	ClawTweaks가 설치되어 있고 헬퍼가 응답합니다.	ClawTweaks está instalado y su helper responde.	ClawTweaks установлен, и его помощник отвечает.	Το ClawTweaks είναι εγκατεστημένο και ο helper του απαντά.	ClawTweaks 已安装，其 helper 也有响应。	ClawTweaks 已安裝，其 helper 也有回應。	ClawTweaks è installato e il suo helper risponde.	O ClawTweaks está instalado e seu helper responde.	ClawTweaks はインストール済みで、ヘルパーも応答しています。	ClawTweaks jest zainstalowany, a jego helper odpowiada.
ClawTweaks is not installed	ClawTweaks ist nicht installiert	ClawTweaks n'est pas installé	ClawTweaks가 설치되어 있지 않습니다	ClawTweaks no está instalado	ClawTweaks не установлен	Το ClawTweaks δεν είναι εγκατεστημένο	未安装 ClawTweaks	未安裝 ClawTweaks	ClawTweaks non è installato	O ClawTweaks não está instalado	ClawTweaks はインストールされていません	ClawTweaks nie jest zainstalowany
ClawTweaks is not installed.	ClawTweaks ist nicht installiert.	ClawTweaks n'est pas installé.	ClawTweaks가 설치되지 않았습니다.	ClawTweaks no está instalado.	ClawTweaks не установлен.	Το ClawTweaks δεν είναι εγκατεστημένο.	未安装 ClawTweaks。	未安裝 ClawTweaks。	ClawTweaks non è installato.	O ClawTweaks não está instalado.	ClawTweaks はインストールされていません。	ClawTweaks nie jest zainstalowany.
ClawTweaks is not running. Start it and try again.	ClawTweaks läuft nicht. Starte es und versuche es erneut.	ClawTweaks ne tourne pas. Lance-le et réessaie.	ClawTweaks가 실행 중이 아닙니다. 실행한 뒤 다시 시도하세요.	ClawTweaks no está en marcha. Inícialo e inténtalo de nuevo.	ClawTweaks не запущен. Запустите его и повторите.	Το ClawTweaks δεν εκτελείται. Ξεκινήστε το και δοκιμάστε ξανά.	ClawTweaks 未运行。请启动后重试。	ClawTweaks 未執行。請啟動後重試。	ClawTweaks non è in esecuzione. Avvialo e riprova.	O ClawTweaks não está em execução. Inicie-o e tente de novo.	ClawTweaks が動作していません。起動してからやり直してください。	ClawTweaks nie działa. Uruchom go i spróbuj ponownie.
ClawTweaks is removed. Its helper clears its own scheduled task and exits — give it a minute.	ClawTweaks ist entfernt. Der Helper räumt seine geplante Aufgabe weg und beendet sich — gib ihm eine Minute.	ClawTweaks est supprimé. Son helper efface sa tâche planifiée et se ferme — laisse-lui une minute.	ClawTweaks를 제거했습니다. 헬퍼가 예약 작업을 지우고 종료합니다. 잠시 기다리세요.	ClawTweaks se ha quitado. Su helper borra su tarea programada y se cierra — dale un minuto.	ClawTweaks удалён. Помощник удаляет свою задачу планировщика и завершается — дайте ему минуту.	Το ClawTweaks αφαιρέθηκε. Ο helper του σβήνει μόνος του την προγραμματισμένη εργασία και τερματίζει — δώστε του ένα λεπτό.	已删除 ClawTweaks。它的 helper 会自行清除计划任务并退出 — 请稍等片刻。	已移除 ClawTweaks。它的 helper 會自行清除排程工作並結束 — 請稍等片刻。	ClawTweaks è stato rimosso. L'helper cancella da solo la sua attività pianificata ed esce — dagli un minuto.	O ClawTweaks foi removido. O helper limpa sua própria tarefa agendada e sai — dê um minuto.	ClawTweaks を削除しました。ヘルパーは自分のタスクを消して終了します — 少し待ってください。	ClawTweaks został usunięty. Helper usuwa własne zadanie zaplanowane i kończy pracę — daj mu chwilę.
ClawTweaks not installed	ClawTweaks nicht installiert	ClawTweaks non installé	ClawTweaks 미설치	ClawTweaks no instalado	ClawTweaks не установлен	Το ClawTweaks δεν είναι εγκατεστημένο	未安装 ClawTweaks	未安裝 ClawTweaks	ClawTweaks non installato	ClawTweaks não instalado	ClawTweaks 未インストール	ClawTweaks niezainstalowany
ClawTweaks removed.	ClawTweaks entfernt.	ClawTweaks supprimé.	ClawTweaks가 제거되었습니다.	ClawTweaks eliminado.	ClawTweaks удалён.	Το ClawTweaks αφαιρέθηκε.	已删除 ClawTweaks。	已移除 ClawTweaks。	ClawTweaks rimosso.	ClawTweaks removido.	ClawTweaks を削除しました。	ClawTweaks usunięty.
ClawTweaks stays installed	ClawTweaks bleibt installiert	ClawTweaks reste installé	ClawTweaks는 그대로 남습니다	ClawTweaks sigue instalado	ClawTweaks остаётся установленным	Το ClawTweaks παραμένει εγκατεστημένο	ClawTweaks 会保留	ClawTweaks 會保留	ClawTweaks resta installato	O ClawTweaks continua instalado	ClawTweaks は残ります	ClawTweaks pozostaje zainstalowany
ClawTweaks updated	ClawTweaks aktualisiert	ClawTweaks mis à jour	ClawTweaks 업데이트됨	ClawTweaks actualizado	ClawTweaks обновлён	Το ClawTweaks ενημερώθηκε	已更新 ClawTweaks	已更新 ClawTweaks	ClawTweaks aggiornato	ClawTweaks atualizado	ClawTweaks を更新しました	ClawTweaks zaktualizowany
Click the right stick to show the button hints	Rechten Stick drücken, um die Tastenhinweise zu zeigen	Cliquez le stick droit pour afficher les boutons	오른쪽 스틱을 누르면 버튼 안내가 표시됩니다	Pulsa el stick derecho para ver los botones	Нажмите правый стик, чтобы показать подсказки кнопок	Πατήστε τον δεξί μοχλό για τις υποδείξεις πλήκτρων	按下右摇杆可显示按键提示	按下右搖桿可顯示按鍵提示	Premi lo stick destro per mostrare i suggerimenti dei tasti	Clique no analógico direito para mostrar as dicas de botões	右スティックを押すとボタンのヒントが出ます	Kliknij prawą gałkę, aby pokazać podpowiedzi przycisków
Close	Schließen	Fermer	닫기	Cerrar	Закрыть	Κλείσιμο	关闭	關閉	Chiudi	Fechar	閉じる	Zamknij
Close Center	Center beenden	Fermer Center	Center 종료	Cerrar Center	Закрыть Center	Κλείσιμο του Center	关闭 Center	關閉 Center	Chiudi Center	Fechar o Center	Center を閉じる	Zamknij Center
Close MSI Center M	MSI Center M schließen	Fermer MSI Center M	MSI Center M 닫기	Cerrar MSI Center M	Закрыть MSI Center M	Κλείσιμο του MSI Center M	关闭 MSI Center M	關閉 MSI Center M	Chiudi MSI Center M	Fechar o MSI Center M	MSI Center M を閉じる	Zamknij MSI Center M
Close all	Alle schließen	Tout fermer	모두 닫기	Cerrar todo	Закрыть все	Κλείσιμο όλων	全部关闭	全部關閉	Chiudi tutto	Fechar tudo	すべて閉じる	Zamknij wszyst.
Closes everything and powers off.	Schließt alles und schaltet aus.	Ferme tout et éteint.	모두 닫고 전원을 끕니다.	Cierra todo y se apaga.	Закрывает всё и выключает.	Κλείνει τα πάντα και σβήνει τη συσκευή.	关闭一切并断电。	關閉一切並斷電。	Chiude tutto e spegne.	Fecha tudo e desliga.	すべて閉じて電源を切ります。	Zamyka wszystko i wyłącza.
Closes everything and starts again.	Schließt alles und startet neu.	Ferme tout et redémarre.	모두 닫고 다시 시작합니다.	Cierra todo y vuelve a arrancar.	Закрывает всё и перезапускает.	Κλείνει τα πάντα και ξεκινά ξανά.	关闭一切并重新启动。	關閉一切並重新啟動。	Chiude tutto e riavvia.	Fecha tudo e reinicia.	すべて閉じて起動し直します。	Zamyka wszystko i uruchamia ponownie.
Connecting to the helper…	Verbinde mit dem Helper…	Connexion au helper…	헬퍼에 연결 중…	Conectando con el helper…	Подключение к помощнику…	Σύνδεση με τον helper…	正在连接 helper…	正在連線 helper…	Connessione all'helper…	Conectando ao helper…	ヘルパーに接続中…	Łączenie z helperem…
Controller	Controller	Manette	컨트롤러	Mando	Контроллер	Χειριστήριο	手柄	控制器		Controle	コントローラー	Kontroler
Controller health	Controller-Zustand	État de la manette	컨트롤러 상태	Estado del mando	Состояние контроллера	Υγεία χειριστηρίου	手柄状态	控制器狀態	Stato del controller	Estado do controle	コントローラーの状態	Stan kontrolera
Copy your key from Preferences → API Key.	Key unter Preferences → API Key kopieren.	Copiez la clé dans Preferences → API Key.	Preferences → API Key에서 키를 복사하세요.	Copia la clave en Preferences → API Key.	Скопируйте ключ из Preferences → API Key.	Αντιγράψτε το κλειδί σας από Preferences → API Key.	从 Preferences → API Key 复制你的密钥。	從 Preferences → API Key 複製你的金鑰。	Copia la chiave da Preferences → API Key.	Copie sua chave em Preferences → API Key.	Preferences → API Key からキーをコピーしてください。	Skopiuj klucz z Preferences → API Key.
Could not reach the helper.	Helper nicht erreichbar.	Helper injoignable.	헬퍼에 연결할 수 없습니다.	No se pudo contactar al helper.	Не удалось связаться с помощником.	Δεν βρέθηκε ο helper.	无法连接 helper。	無法連線 helper。	Impossibile raggiungere l'helper.	Não foi possível alcançar o helper.	ヘルパーに接続できません。	Nie można połączyć się z helperem.
Couldn't load	Konnte nicht laden	Chargement impossible	불러오지 못했습니다	No se pudo cargar	Не удалось загрузить	Δεν φορτώθηκε	无法加载	無法載入	Errore di caricamento	Falha ao carregar	読み込めません	Nie udało się wczytać
Covers for Xbox, Epic and your own games	Cover für Xbox, Epic und eigene Spiele	Jaquettes pour Xbox, Epic et vos jeux	Xbox, Epic, 직접 추가한 게임의 커버	Portadas para Xbox, Epic y tus juegos	Обложки для Xbox, Epic и ваших игр	Εξώφυλλα για Xbox, Epic και δικά σας παιχνίδια	Xbox、Epic 和自有游戏的封面	Xbox、Epic 和自有遊戲的封面	Copertine per Xbox, Epic e i tuoi giochi	Capas para Xbox, Epic e seus próprios jogos	Xbox、Epic、自分で追加したゲームのカバー	Okładki dla gier Xbox, Epic i własnych
Create Backup	Backup erstellen	Créer un backup	백업 생성	Crear copia	Создать копию	Δημιουργία αντιγράφου	创建备份	建立備份	Crea backup	Criar backup	バックアップを作成	Utwórz kopię
Create Backup writes one ZIP to Documents\\ClawTweaks\\Backups.	Create Backup schreibt eine ZIP nach Dokumente\\ClawTweaks\\Backups.	Create Backup écrit un ZIP dans Documents\\ClawTweaks\\Backups.	Create Backup은 Documents\\ClawTweaks\\Backups에 ZIP 하나를 씁니다.	Create Backup escribe un ZIP en Documentos\\ClawTweaks\\Backups.	«Создать копию» записывает один ZIP в Документы\\ClawTweaks\\Backups.	Η Δημιουργία αντιγράφου γράφει ένα ZIP στο Documents\\ClawTweaks\\Backups.	「创建备份」会把一个 ZIP 写入 Documents\\ClawTweaks\\Backups。	「建立備份」會把一個 ZIP 寫入 Documents\\ClawTweaks\\Backups。	Crea backup scrive un unico ZIP in Documenti\\ClawTweaks\\Backups.	Criar backup grava um único ZIP em Documentos\\ClawTweaks\\Backups.	「バックアップを作成」は ZIP を Documents\\ClawTweaks\\Backups に書き出します。	Utwórz kopię zapisuje jeden ZIP w Dokumenty\\ClawTweaks\\Backups.
Create a free SteamGridDB account.	Kostenloses SteamGridDB-Konto anlegen.	Créez un compte SteamGridDB gratuit.	무료 SteamGridDB 계정을 만드세요.	Crea una cuenta gratis en SteamGridDB.	Создайте бесплатный аккаунт SteamGridDB.	Δημιουργήστε δωρεάν λογαριασμό SteamGridDB.	注册一个免费的 SteamGridDB 账号。	註冊一個免費的 SteamGridDB 帳號。	Crea un account SteamGridDB gratuito.	Crie uma conta gratuita no SteamGridDB.	SteamGridDB の無料アカウントを作成してください。	Załóż darmowe konto SteamGridDB.
Create backup	Backup erstellen	Créer un backup	백업 생성	Crear backup	Создать копию	Δημιουργία αντιγράφου	创建备份	建立備份	Crea backup	Criar backup	バックアップを作成	Utwórz kopię
Creating backup…	Backup wird erstellt…	Création du backup…	백업 생성 중…	Creando copia…	Создание копии…	Δημιουργία αντιγράφου…	正在创建备份…	正在建立備份…	Creazione del backup…	Criando backup…	バックアップを作成中…	Tworzenie kopii…
Currently disabled.	Gerade abgeschaltet.	Actuellement désactivé.	현재 비활성 상태.	Ahora desactivado.	Сейчас отключено.	Αυτή τη στιγμή ανενεργό.	目前已关闭。	目前已關閉。	Attualmente disattivato.	Desativado no momento.	現在は無効です。	Obecnie wyłączone.
Currently installed	Derzeit installiert	Actuellement installée	현재 설치됨	Instalada ahora	Сейчас установлено	Εγκατεστημένη έκδοση	当前已安装	目前已安裝	Attualmente installato	Instalado no momento	インストール済み	Obecnie zainstalowane
Currently running.	Läuft gerade.	En cours d'exécution.	실행 중입니다.	En ejecución.	Сейчас запущено.	Εκτελείται αυτή τη στιγμή.	正在运行。	正在執行。	Attualmente in esecuzione.	Em execução no momento.	現在動作中です。	Obecnie uruchomione.
Deletes the entry, not the app	Löscht den Eintrag, nicht die App	Supprime l'entrée, pas l'app	앱이 아니라 항목만 삭제	Borra la entrada, no la app	Удаляет запись, а не приложение	Διαγράφει την καταχώριση, όχι την εφαρμογή	只删除条目，不删除应用	只移除項目，不移除應用程式	Elimina la voce, non l'app	Apaga a entrada, não o app	登録を消すだけで、アプリは消しません	Usuwa wpis, nie aplikację
Desktop icon	Desktop-Symbol	Icône bureau	바탕 화면 아이콘	Icono de escritorio	Значок на столе	Συντόμευση	桌面图标	桌面圖示	Icona sul desktop	Ícone no desktop	デスクトップアイコン	Ikona na pulpicie
Detecting device…	Gerät wird erkannt…	Détection de l'appareil…	장치 감지 중…	Detectando el dispositivo…	Определение устройства…	Εντοπισμός συσκευής…	正在识别设备…	正在辨識裝置…	Rilevamento del dispositivo…	Detectando dispositivo…	デバイスを検出中…	Wykrywanie urządzenia…
Did not confirm in time.	Nicht rechtzeitig bestätigt.	Pas confirmé à temps.	제때 확인되지 않았습니다.	No confirmó a tiempo.	Не подтвердил вовремя.	Δεν επιβεβαιώθηκε εγκαίρως.	未能及时确认。	未能及時確認。	Nessuna conferma in tempo.	Não confirmou a tempo.	時間内に確認されませんでした。	Brak potwierdzenia na czas.
Did not enable in time.	Nicht rechtzeitig aktiviert.	Pas activé à temps.	제때 활성화되지 않았습니다.	No se activó a tiempo.	Не включился вовремя.	Δεν ενεργοποιήθηκε εγκαίρως.	未能及时启用。	未能及時啟用。	Non attivato in tempo.	Não ativou a tempo.	時間内に有効になりませんでした。	Nie włączyło się na czas.
Different device	Anderes Gerät	Autre appareil	다른 장치	Otro dispositivo	Другое устройство	Άλλη συσκευή	另一台设备	另一台裝置	Dispositivo diverso	Dispositivo diferente	別のデバイス	Inne urządzenie
Disable MSI Center M	MSI Center M abschalten	Désactiver MSI Center M	MSI Center M 비활성화	Desactivar MSI Center M	Отключить MSI Center M	Απενεργοποίηση του MSI Center M	停用 MSI Center M	停用 MSI Center M	Disattiva MSI Center M	Desativar o MSI Center M	MSI Center M を無効化	Wyłącz MSI Center M
Disable MSI Center M first.	Erst MSI Center M abschalten.	Désactivez d'abord MSI Center M.	먼저 MSI Center M을 끄세요.	Desactiva antes MSI Center M.	Сначала отключите MSI Center M.	Απενεργοποιήστε πρώτα το MSI Center M.	请先停用 MSI Center M。	請先停用 MSI Center M。	Disattiva prima MSI Center M.	Desative o MSI Center M primeiro.	先に MSI Center M を無効にしてください。	Najpierw wyłącz MSI Center M.
Disabled	Aus	Désactivé	사용 안 함	Desactivado	Отключено	Ανενεργό	已关闭	已關閉	Disattivato	Desativado	無効	Wyłączone
Do I have to switch MSI Center M off?	Muss ich MSI Center M abschalten?	Dois-je désactiver MSI Center M ?	MSI Center M을 꺼야 하나요?	¿Tengo que desactivar MSI Center M?	Нужно ли выключать MSI Center M?	Πρέπει να κλείσω το MSI Center M;	必须关掉 MSI Center M 吗？	必須關掉 MSI Center M 嗎？	Devo spegnere MSI Center M?	Preciso desligar o MSI Center M?	MSI Center M は切る必要がありますか？	Czy muszę wyłączyć MSI Center M?
Do I need the Game Bar for the game library?	Brauche ich die Game Bar für die Spielebibliothek?	Ai-je besoin du Game Bar pour la bibliothèque ?	게임 라이브러리에 게임 바가 필요한가요?	¿Necesito la Game Bar para la biblioteca?	Нужен ли Game Bar для библиотеки игр?	Χρειάζομαι το Game Bar για τη βιβλιοθήκη;	游戏库需要 Game Bar 吗？	遊戲庫需要 Game Bar 嗎？	Mi serve la Game Bar per la libreria dei giochi?	Preciso da Game Bar para a biblioteca de jogos?	ゲームライブラリに Game Bar は必要ですか？	Czy biblioteka gier wymaga Game Bar?
Do not remove ClawTweaks through the Windows app list.	Deinstalliere ClawTweaks nicht über die Windows-App-Liste.	Ne supprime pas ClawTweaks depuis la liste des applications Windows.	Windows 앱 목록에서 ClawTweaks를 제거하지 마세요.	No elimines ClawTweaks desde la lista de aplicaciones de Windows.	Не удаляйте ClawTweaks через список приложений Windows.	Μην αφαιρείτε το ClawTweaks από τη λίστα εφαρμογών των Windows.	不要从 Windows 应用列表中删除 ClawTweaks。	不要從 Windows 應用程式清單中移除 ClawTweaks。	Non rimuovere ClawTweaks dall'elenco app di Windows.	Não remova o ClawTweaks pela lista de apps do Windows.	Windows のアプリ一覧から ClawTweaks を削除しないでください。	Nie usuwaj ClawTweaks przez listę aplikacji Windows.
Downgrade	Ältere Version	Rétrogradation	이전 버전	Bajar versión	Откатить	Υποβάθμιση	降级	降級	Downgrade	Reverter versão	ダウングレード	Cofnij wersję
Download and package install in progress.	Download und Paketinstallation laufen.	Téléchargement et installation en cours.	다운로드 및 패키지 설치 진행 중.	Descarga e instalación en curso.	Идёт загрузка и установка пакета.	Γίνεται λήψη και εγκατάσταση πακέτου.	正在下载并安装包。	正在下載並安裝套件。	Download e installazione del pacchetto in corso.	Download e instalação do pacote em andamento.	ダウンロードとパッケージのインストール中です。	Trwa pobieranie i instalacja pakietu.
Download the ClawTweaks setup and run that instead.	Lade das ClawTweaks-Setup herunter und führe stattdessen dieses aus.	Téléchargez le programme d'installation ClawTweaks et lancez-le à la place.	ClawTweaks 설치 파일을 내려받아 대신 실행하세요.	Descarga el instalador de ClawTweaks y ejécutalo en su lugar.	Скачайте установщик ClawTweaks и запустите его вместо этого.	Κατεβάστε το setup του ClawTweaks και εκτελέστε εκείνο.	请下载 ClawTweaks 安装程序并运行它。	請下載 ClawTweaks 安裝程式並執行它。	Scarica il setup di ClawTweaks e avvia quello.	Baixe o setup do ClawTweaks e execute-o no lugar.	ClawTweaks のセットアップをダウンロードして、そちらを実行してください。	Pobierz instalator ClawTweaks i uruchom go zamiast tego.
Downloading	Lädt	Téléchargement	다운로드 중	Descargando	Загрузка	Γίνεται λήψη	正在下载	正在下載	Download in corso	Baixando	ダウンロード中	Pobieranie
E-core EPP	E-Kerne EPP	EPP cœurs E	E코어 EPP	EPP núcleos E	EPP E-ядер	EPP E-core	E 核 EPP	E 核心 EPP	EPP E-core	EPP E-core	E コア EPP	EPP E-core
E-core max	E-Kerne max.	Max cœurs E	E코어 최대	Máx. núcleos E	Макс. E-ядер	Μέγιστο E-core	E 核最大值	E 核心最大值	Max E-core	Máx. E-core	E コア最大	Maks. E-core
E-core state	E-Kerne Zustand	État cœurs E	E코어 상태	Estado núcleos E	Состояние E-ядер	Κατάσταση E-core	E 核状态	E 核心狀態	Stato E-core	Estado E-core	E コア状態	Stan E-core
Edit name	Name ändern	Modifier le nom	이름 편집	Editar nombre	Изменить имя	Αλλαγή ονόματος	修改名称	修改名稱	Modifica nome	Editar nome	名前を編集	Edytuj nazwę
Edit search	Suche ändern	Modifier	검색 편집	Editar búsqueda	Изменить запрос	Αλλαγή αναζήτησης	修改搜索	修改搜尋	Modifica ricerca	Editar busca	検索を編集	Edytuj zapytanie
Enable the virtual controller first.	Erst den virtuellen Controller aktivieren.	Activez d'abord la manette virtuelle.	먼저 가상 컨트롤러를 켜세요.	Activa antes el mando virtual.	Сначала включите виртуальный контроллер.	Ενεργοποιήστε πρώτα το εικονικό χειριστήριο.	请先启用虚拟手柄。	請先啟用虛擬控制器。	Attiva prima il controller virtuale.	Ative o controle virtual primeiro.	先に仮想コントローラーを有効にしてください。	Najpierw włącz wirtualny kontroler.
Enable virtual controller	Virtuellen Controller aktivieren	Activer la manette virtuelle	가상 컨트롤러 활성화	Activar el mando virtual	Включить виртуальный контроллер	Ενεργοποίηση εικονικού χειριστηρίου	启用虚拟手柄	啟用虛擬控制器	Attiva il controller virtuale	Ativar controle virtual	仮想コントローラーを有効化	Włącz wirtualny kontroler
Enabled	An	Activé	사용	Activado	Включено	Ενεργό	已开启	已開啟	Attivato	Ativado	有効	Włączone
Enter the slot ClawTweaks sits at, then Run.	Den Platz eintragen, an dem ClawTweaks sitzt, dann Starten.	Indiquez la position de ClawTweaks, puis Lancer.	ClawTweaks가 있는 위치를 입력한 뒤 실행하세요.	Indica la posición de ClawTweaks y pulsa Ejecutar.	Укажите позицию ClawTweaks, затем «Выполнить».	Δώστε τη θέση όπου βρίσκεται το ClawTweaks και πατήστε Εκτέλεση.	输入 ClawTweaks 所在的位置，然后按「运行」。	輸入 ClawTweaks 所在的位置，然後按「執行」。	Inserisci la posizione di ClawTweaks, poi Esegui.	Informe a posição do ClawTweaks e depois Executar.	ClawTweaks がある位置を入力して「実行」を押してください。	Podaj pozycję ClawTweaks, potem Uruchom.
Exit	Beenden	Quitter	종료	Salir	Выход	Έξοδος	退出	結束	Esci	Sair	終了	Wyjdź
Expected for a same-version reinstall — the helper doesn't restart or show a UAC prompt when nothing changed. Open the Game Bar (Win+G) to check it's still running.	Bei einer Neuinstallation derselben Version normal — der Helper startet nicht neu und zeigt keine UAC-Abfrage, wenn sich nichts geändert hat. Öffne die Game Bar (Win+G), um zu prüfen, ob er noch läuft.	Normal pour une réinstallation de la même version — l'assistant ne redémarre pas et n'affiche pas d'invite UAC si rien n'a changé. Ouvre la Game Bar (Win+G) pour vérifier qu'il tourne toujours.	동일한 버전을 다시 설치할 때는 정상입니다 — 변경된 것이 없으면 헬퍼는 다시 시작하거나 UAC 창을 표시하지 않습니다. Game Bar(Win+G)를 열어 실행 중인지 확인하세요.	Es normal al reinstalar la misma versión — el asistente no se reinicia ni muestra un aviso de UAC si nada ha cambiado. Abre la Game Bar (Win+G) para comprobar que sigue en marcha.	Ожидаемо при переустановке той же версии — помощник не перезапускается и не показывает UAC, если ничего не изменилось. Откройте Game Bar (Win+G), чтобы убедиться, что он работает.	Αναμενόμενο σε επανεγκατάσταση ίδιας έκδοσης — ο helper δεν επανεκκινεί ούτε εμφανίζει UAC όταν δεν άλλαξε τίποτα. Ανοίξτε το Game Bar (Win+G) για να δείτε ότι εκτελείται ακόμη.	同版本重装时属于正常 — 没有变化时 helper 不会重启，也不会弹出 UAC。打开 Game Bar (Win+G) 确认它仍在运行。	同版本重裝時屬於正常 — 沒有變化時 helper 不會重新啟動，也不會跳出 UAC。開啟 Game Bar (Win+G) 確認它仍在執行。	Normale per una reinstallazione della stessa versione — l'helper non si riavvia né mostra un prompt UAC se nulla è cambiato. Apri la Game Bar (Win+G) per verificare che sia ancora attivo.	Esperado ao reinstalar a mesma versão — o helper não reinicia nem mostra o UAC se nada mudou. Abra a Game Bar (Win+G) para conferir se ele ainda está em execução.	同じバージョンの再インストールでは正常です — 変化がなければヘルパーは再起動も UAC 表示もしません。Game Bar (Win+G) を開いて動作を確認してください。	Normalne przy reinstalacji tej samej wersji — helper nie uruchamia się ponownie ani nie pokazuje UAC, gdy nic się nie zmieniło. Otwórz Game Bar (Win+G), aby sprawdzić, czy nadal działa.
Experimental versions (nightly)	Experimentelle Versionen (Nightly)	Versions expérimentales (nightly)	실험 버전 (나이트리)	Versiones experimentales (nightly)	Экспериментальные версии (nightly)	Πειραματικές εκδόσεις (nightly)	实验版 (nightly)	實驗版 (nightly)	Versioni sperimentali (nightly)	Versões experimentais (nightly)	実験版 (nightly)	Wersje eksperymentalne (nightly)
Folder is gone	Ordner fehlt	Dossier introuvable	폴더 없음	Carpeta perdida	Папка пропала	Ο φάκελος δεν υπάρχει	文件夹已不存在	資料夾已不存在	La cartella non c'è più	A pasta sumiu	フォルダーがありません	Folder zniknął
FPS cap	FPS-Limit	Limite FPS	FPS 제한	Límite FPS	Лимит FPS	Όριο FPS	帧率限制	幀率限制	Limite FPS	Limite FPS	FPS上限	Limit FPS
Favorites	Favoriten	Favoris	즐겨찾기	Favoritos	Избранное	Αγαπημένα	收藏	收藏	Preferiti	Favoritos	お気に入り	Ulubione
Final clean-up and check. MSI Center M is handled here (after installation) because it fights ClawTweaks for the controller and LED.	Letzte Aufräumarbeiten und Prüfung. MSI Center M kommt hier dran (nach der Installation), weil es ClawTweaks um Controller und LED streitig macht.	Dernier nettoyage et vérification. MSI Center M est traité ici (après l'installation) car il dispute la manette et la LED à ClawTweaks.	마지막 정리 및 확인입니다. MSI Center M은 컨트롤러와 LED를 두고 ClawTweaks와 충돌하므로 설치 후 여기서 처리합니다.	Limpieza y comprobación finales. MSI Center M se trata aquí (tras instalar) porque le disputa a ClawTweaks el mando y el LED.	Финальная очистка и проверка. MSI Center M обрабатывается здесь (после установки), потому что он борется с ClawTweaks за контроллер и подсветку.	Τελικό καθάρισμα και έλεγχος. Το MSI Center M ρυθμίζεται εδώ (μετά την εγκατάσταση) επειδή διεκδικεί το χειριστήριο και το LED από το ClawTweaks.	最后的清理和检查。MSI Center M 在这里处理 (安装之后)，因为它会和 ClawTweaks 争抢手柄和 LED。	最後的清理和檢查。MSI Center M 在這裡處理 (安裝之後)，因為它會和 ClawTweaks 搶控制器和 LED。	Pulizia e verifica finali. MSI Center M viene gestito qui (dopo l'installazione) perché contende a ClawTweaks il controller e i LED.	Limpeza e verificação finais. O MSI Center M é tratado aqui (após a instalação) porque disputa o controle e o LED com o ClawTweaks.	最後の片付けと確認です。MSI Center M はコントローラーと LED を ClawTweaks と奪い合うため、ここで (インストール後に) 処理します。	Końcowe porządki i sprawdzenie. MSI Center M jest obsługiwany tutaj (po instalacji), bo walczy z ClawTweaks o kontroler i LED.
Final controller check	Letzte Controller-Prüfung	Vérification finale de la manette	마지막 컨트롤러 확인	Comprobación final del mando	Финальная проверка контроллера	Τελικός έλεγχος χειριστηρίου	手柄最终检查	控制器最終檢查	Verifica finale del controller	Verificação final do controle	コントローラーの最終確認	Końcowe sprawdzenie kontrolera
Finish here and close the window.	Hier fertig, Fenster schließen.	Terminer ici et fermer la fenêtre.	여기서 끝내고 창을 닫습니다.	Termina aquí y cierra la ventana.	Завершить здесь и закрыть окно.	Τέλος εδώ, κλείστε το παράθυρο.	到此结束并关闭窗口。	到此結束並關閉視窗。	Termina qui e chiudi la finestra.	Termine aqui e feche a janela.	ここで終了してウィンドウを閉じます。	Zakończ tutaj i zamknij okno.
Firmware button remapping is there too, and works without it.	Ein Button-Remapping über die Firmware gibt es ebenfalls, das läuft auch ohne.	Un remappage des boutons par le firmware existe aussi, et fonctionne sans lui.	펌웨어 버튼 리매핑도 있으며, 이것 없이도 동작합니다.	También existe el remapeo de botones por firmware, y funciona sin él.	Переназначение кнопок в прошивке тоже есть и работает без него.	Υπάρχει και αντιστοίχιση πλήκτρων στο firmware, που δουλεύει και χωρίς αυτό.	固件按键映射也在那里，没有它也能用。	韌體按鍵對應也在那裡，沒有它也能用。	C'è anche il remap dei tasti via firmware, e funziona senza.	O remapeamento de botões por firmware também existe e funciona sem ele.	ファームウェアのボタン割り当てもあり、これなしでも動きます。	Mapowanie przycisków w firmware też tam jest i działa bez niego.
First install on this PC — Windows will ask for permission once.	Erste Installation auf diesem PC — Windows fragt einmal nach der Erlaubnis.	Première installation sur ce PC — Windows demandera l'autorisation une fois.	이 PC의 첫 설치입니다 — Windows가 한 번 권한을 묻습니다.	Primera instalación en este PC — Windows pedirá permiso una vez.	Первая установка на этом ПК — Windows один раз запросит разрешение.	Πρώτη εγκατάσταση σε αυτόν τον υπολογιστή — τα Windows θα ζητήσουν άδεια μία φορά.	这台电脑上的首次安装 — Windows 会要求一次授权。	這台電腦上的首次安裝 — Windows 會要求一次授權。	Prima installazione su questo PC — Windows chiederà il permesso una volta.	Primeira instalação neste PC — o Windows pedirá permissão uma vez.	この PC では初回インストールです — Windows が一度だけ許可を求めます。	Pierwsza instalacja na tym PC — Windows raz poprosi o zgodę.
Frame generation	Frame Generation	Génération d'images	프레임 생성	Generación de fotogramas	Генерация кадров	Δημιουργία καρέ	帧生成	畫格生成	Frame generation	Geração de quadros	フレーム生成	Generowanie klatek
Front and M back-button mapping, gyro with smoothing, per-game profiles.	Front- und M-Back-Button-Mapping, Gyro mit Glättung, Profile pro Spiel.	Mappage des boutons avant et des palettes M, gyro lissé, profils par jeu.	전면 및 M 백 버튼 매핑, 스무딩 자이로, 게임별 프로필.	Mapeo de botones frontales y traseros M, giro suavizado, perfiles por juego.	Назначение передних и задних кнопок M, гироскоп со сглаживанием, профили для игр.	Αντιστοίχιση μπροστινών και πίσω πλήκτρων M, gyro με εξομάλυνση, προφίλ ανά παιχνίδι.	正面和 M 背键映射、带平滑的陀螺仪、每个游戏的配置文件。	正面和 M 背鍵對應、帶平滑的陀螺儀、每款遊戲的設定檔。	Mappatura dei tasti frontali e M posteriori, giroscopio con smoothing, profili per gioco.	Mapeamento dos botões frontais e M traseiros, giroscópio com suavização, perfis por jogo.	前面と背面 M ボタンの割り当て、スムージング付きジャイロ、ゲームごとのプロファイル。	Mapowanie przycisków przednich i tylnych M, żyroskop z wygładzaniem, profile per gra.
Fullscreen	Vollbild	Plein écran	전체 화면	Pantalla completa	Полный экран	Πλήρης οθόνη	全屏	全螢幕	Schermo intero	Tela cheia	全画面	Pełny ekran
GPU scaling	GPU-Skalierung	Échelle GPU	GPU 스케일링	Escalado de GPU	Масштаб GPU	Κλιμάκωση GPU	GPU 缩放	GPU 縮放	Scaling GPU	Escala da GPU	GPU スケーリング	Skalowanie GPU
Game Library	Bibliothek	Bibliothèque	라이브러리	Biblioteca	Библиотека игр	Βιβλιοθήκη	游戏库	遊戲庫	Libreria giochi	Biblioteca de jogos	ゲームライブラリ	Biblioteka gier
Get ClawTweaks	ClawTweaks holen	Obtenir ClawTweaks	ClawTweaks 받기	Obtener ClawTweaks	Получить ClawTweaks	Λήψη του ClawTweaks	获取 ClawTweaks	取得 ClawTweaks	Scarica ClawTweaks	Obter o ClawTweaks	ClawTweaks を入手	Pobierz ClawTweaks
Go into Library Settings and switch on Start in the library.	Öffne die Bibliothekseinstellungen und schalte In der Bibliothek starten ein.	Ouvrez les paramètres de la bibliothèque et activez Démarrer dans la bibliothèque.	라이브러리 설정에서 라이브러리에서 시작을 켜세요.	Abre los ajustes de la biblioteca y activa Iniciar en la biblioteca.	Откройте настройки библиотеки и включите «Запускать в библиотеке».	Πηγαίνετε στις Ρυθμίσεις βιβλιοθήκης και ενεργοποιήστε την Εκκίνηση στη βιβλιοθήκη.	进入游戏库设置，打开「在游戏库中启动」。	進入遊戲庫設定，開啟「在遊戲庫中啟動」。	Vai in Impostazioni libreria e attiva Avvia nella libreria.	Vá em Configurações da biblioteca e ative Iniciar na biblioteca.	ライブラリ設定を開き、「ライブラリで起動」を有効にしてください。	Wejdź w Ustawienia biblioteki i włącz Uruchamiaj w bibliotece.
Guided setup	Geführte Einrichtung	Installation guidée	단계별 설치	Instalación guiada	Пошаговая настройка	Οδηγός ρύθμισης	引导式设置	引導式設定	Setup guidato	Configuração guiada	ガイド付き設定	Asystent konfig.
Gyro	Gyro	Gyro	자이로	Giro	Гироскоп		陀螺仪	陀螺儀	Gyro	Giro	ジャイロ	Żyroskop
Hair triggers	Hair Trigger	Gâchettes courtes	헤어 트리거	Gatillos cortos	Чуткие триггеры	Σκανδάλες ακαριαίες	快发扳机	快發扳機	Hair trigger	Gatilhos sensíveis	ヘアトリガー	Czułe spusty
Hardware controller confirmed.	Hardware-Controller bestätigt.	Manette matérielle confirmée.	하드웨어 컨트롤러를 확인했습니다.	Mando físico confirmado.	Аппаратный контроллер подтверждён.	Το υλικό χειριστήριο επιβεβαιώθηκε.	已确认硬件手柄。	已確認硬體控制器。	Controller hardware confermato.	Controle de hardware confirmado.	ハードウェアコントローラーを確認しました。	Kontroler sprzętowy potwierdzony.
Helps set the most important ClawTweaks settings.	Hilft bei den wichtigsten ClawTweaks-Einstellungen.	Aide à régler l'essentiel de ClawTweaks.	가장 중요한 ClawTweaks 설정을 도와줍니다.	Ayuda con los ajustes clave de ClawTweaks.	Помогает задать самые важные настройки ClawTweaks.	Βοηθά να ρυθμίσετε τις σημαντικότερες ρυθμίσεις του ClawTweaks.	帮助设定 ClawTweaks 最重要的选项。	協助設定 ClawTweaks 最重要的選項。	Aiuta a impostare le opzioni più importanti di ClawTweaks.	Ajuda a definir as configurações mais importantes do ClawTweaks.	ClawTweaks の主要な設定を整えます。	Pomaga ustawić najważniejsze opcje ClawTweaks.
Hidden	Verborgen	Masqué	숨김	Oculta	Скрыто	Κρυφό	已隐藏	已隱藏	Nascosto	Oculto	非表示	Ukryte
Hidden until you unlock it.	Verborgen, bis du sie freischaltest.	Caché jusqu'à ce que vous le débloquiez.	달성할 때까지 숨겨짐.	Oculto hasta que lo desbloquees.	Скрыто, пока не откроете.	Κρυφό μέχρι να το ξεκλειδώσετε.	解锁后才会显示。	解鎖後才會顯示。	Nascosto finché non lo sblocchi.	Oculta até você desbloquear.	解除するまで隠れています。	Ukryte, dopóki nie odblokujesz.
Hide	Verbergen	Masquer	숨기기	Ocultar	Скрыть	Απόκρυψη	隐藏	隱藏	Nascondi	Ocultar	隠す	Ukryj
Hide a tab with A.	Blende einen Tab mit A aus.	Masquez un onglet avec A.	A로 탭을 숨기세요.	Oculta una pestaña con A.	Скройте вкладку кнопкой A.	Κρύψτε μια καρτέλα με Ⓐ.	用 Ⓐ 隐藏标签。	用 Ⓐ 隱藏標籤。	Nascondi una scheda con A.	Oculte uma aba com A.	Ⓐ でタブを隠します。	Ukryj kartę przyciskiem A.
HidHide and usbip install kernel drivers. Reboot the device once after installing them, then run this setup again.	HidHide und usbip installieren Kerneltreiber. Nach der Installation das Gerät einmal neu starten und dieses Setup erneut ausführen.	HidHide et usbip installent des pilotes noyau. Redémarrez l'appareil une fois après les avoir installés, puis relancez ce setup.	HidHide와 usbip은 커널 드라이버를 설치합니다. 설치 후 장치를 한 번 재부팅한 다음 이 설치를 다시 실행하세요.	HidHide y usbip instalan controladores de núcleo. Reinicia el dispositivo una vez tras instalarlos y vuelve a ejecutar este setup.	HidHide и usbip устанавливают драйверы ядра. После их установки один раз перезагрузите устройство и снова запустите этот установщик.	Το HidHide και το usbip εγκαθιστούν οδηγούς πυρήνα. Επανεκκινήστε μία φορά τη συσκευή μετά την εγκατάστασή τους και τρέξτε ξανά αυτό το setup.	HidHide 和 usbip 会安装内核驱动。安装后请重启设备一次，然后重新运行此安装程序。	HidHide 和 usbip 會安裝核心驅動程式。安裝後請重新啟動裝置一次，然後重新執行此安裝程式。	HidHide e usbip installano driver kernel. Riavvia il dispositivo una volta dopo averli installati, poi rilancia questo setup.	HidHide e usbip instalam drivers de kernel. Reinicie o dispositivo uma vez após instalá-los e execute este setup de novo.	HidHide と usbip はカーネルドライバーを入れます。インストール後に一度デバイスを再起動し、このセットアップをもう一度実行してください。	HidHide i usbip instalują sterowniki jądra. Po ich instalacji uruchom urządzenie ponownie, potem uruchom ten instalator jeszcze raz.
How do I uninstall and go back to MSI Center M?	Wie deinstalliere ich und kehre zu MSI Center M zurück?	Comment désinstaller et revenir à MSI Center M ?	어떻게 제거하고 MSI Center M으로 돌아가나요?	¿Cómo desinstalo y vuelvo a MSI Center M?	Как удалить и вернуться к MSI Center M?	Πώς απεγκαθιστώ και γυρίζω στο MSI Center M;	如何卸载并回到 MSI Center M？	如何解除安裝並回到 MSI Center M？	Come disinstallo e torno a MSI Center M?	Como desinstalo e volto ao MSI Center M?	アンインストールして MSI Center M に戻すには？	Jak odinstalować i wrócić do MSI Center M?
In virtual mode the physical pad is hidden and one virtual VIIPER controller is active; in hardware mode the physical pad is used directly.	Im virtuellen Modus wird der physische Pad versteckt und ein virtueller VIIPER-Controller ist aktiv; im Hardware-Modus wird der physische Pad direkt benutzt.	En mode virtuel la manette physique est masquée et une manette VIIPER virtuelle est active ; en mode matériel la manette physique est utilisée directement.	가상 모드에서는 물리 패드가 숨겨지고 VIIPER 가상 컨트롤러가 활성화되며, 하드웨어 모드에서는 물리 패드를 직접 사용합니다.	En modo virtual el mando físico se oculta y hay un mando virtual VIIPER activo; en modo hardware se usa el mando físico directamente.	В виртуальном режиме физический геймпад скрыт и активен один виртуальный контроллер VIIPER; в аппаратном режиме физический геймпад используется напрямую.	Στην εικονική λειτουργία το φυσικό χειριστήριο κρύβεται και είναι ενεργό ένα εικονικό χειριστήριο VIIPER· στη λειτουργία υλικού χρησιμοποιείται απευθείας το φυσικό.	虚拟模式下物理手柄被隐藏，只有一个虚拟 VIIPER 手柄在工作；硬件模式下直接使用物理手柄。	虛擬模式下實體控制器被隱藏，只有一個虛擬 VIIPER 控制器在運作；硬體模式下直接使用實體控制器。	In modalità virtuale il pad fisico è nascosto ed è attivo un controller virtuale VIIPER; in modalità hardware il pad fisico viene usato direttamente.	No modo virtual o controle físico fica oculto e um controle virtual VIIPER fica ativo; no modo hardware o controle físico é usado diretamente.	仮想モードでは物理パッドが隠され、仮想 VIIPER コントローラーが 1 台有効になります。ハードウェアモードでは物理パッドをそのまま使います。	W trybie wirtualnym fizyczny pad jest ukryty i aktywny jest jeden wirtualny kontroler VIIPER; w trybie sprzętowym fizyczny pad jest używany bezpośrednio.
Info	Info	Infos	정보	Info	Инфо		信息	資訊	Info		情報	
Install	Installieren	Installer	설치	Instalar	Установить	Εγκατάσταση	安装	安裝	Installa	Instalar	インストール	Zainstaluj
Install ClawTweaks	ClawTweaks installieren	Installer ClawTweaks	ClawTweaks 설치	Instalar ClawTweaks	Установить ClawTweaks	Εγκατάσταση του ClawTweaks	安装 ClawTweaks	安裝 ClawTweaks	Installa ClawTweaks	Instalar o ClawTweaks	ClawTweaks をインストール	Zainstaluj ClawTweaks
Install ClawTweaks Center	ClawTweaks Center installieren	Installer ClawTweaks Center	ClawTweaks Center 설치	Instalar ClawTweaks Center	Установить ClawTweaks Center	Εγκατάσταση του ClawTweaks Center	安装 ClawTweaks Center	安裝 ClawTweaks Center	Installa ClawTweaks Center	Instalar o ClawTweaks Center	ClawTweaks Center をインストール	Zainstaluj ClawTweaks Center
Install failed — see the log for details. Try again, or run as Administrator.	Installation fehlgeschlagen — Details stehen im Log. Erneut versuchen oder als Administrator ausführen.	Échec de l'installation — voir le journal. Réessayez, ou lancez en administrateur.	설치 실패 — 자세한 내용은 로그를 보세요. 다시 시도하거나 관리자 권한으로 실행하세요.	Fallo al instalar — mira el registro. Inténtalo otra vez o ejecuta como administrador.	Установка не удалась — подробности в логе. Повторите или запустите от имени администратора.	Η εγκατάσταση απέτυχε — δείτε το αρχείο καταγραφής. Δοκιμάστε ξανά ή εκτελέστε ως διαχειριστής.	安装失败 — 详情见日志。请重试，或以管理员身份运行。	安裝失敗 — 詳情見記錄檔。請重試，或以系統管理員身分執行。	Installazione non riuscita — vedi il log per i dettagli. Riprova, o esegui come amministratore.	Falha na instalação — veja o log para detalhes. Tente de novo ou execute como administrador.	インストールに失敗しました — 詳細はログを確認してください。再試行するか、管理者として実行してください。	Instalacja nie powiodła się — szczegóły w logu. Spróbuj ponownie lub uruchom jako administrator.
Install releases, test builds and nightlies.	Releases, Test-Builds und Nightlies installieren.	Installer releases, test builds et nightlies.	릴리즈, 테스트 빌드, 나이트리를 설치합니다.	Instala releases, test builds y nightlies.	Устанавливайте релизы, тестовые сборки и nightly.	Εγκαταστήστε εκδόσεις, δοκιμαστικές και nightly.	安装正式版、测试版和 nightly。	安裝正式版、測試版和 nightly。	Installa release, build di test e nightly.	Instale releases, builds de teste e nightlies.	リリース版、テスト版、nightly をインストールできます。	Instaluj wydania, wersje testowe i nightly.
Install this version	Diese Version installieren	Installer cette version	이 버전 설치	Instalar esta versión	Установить эту версию	Εγκατάσταση αυτής της έκδοσης	安装此版本	安裝此版本	Installa questa versione	Instalar esta versão	このバージョンをインストール	Zainstaluj tę wersję
Install this version?	Diese Version installieren?	Installer cette version ?	이 버전을 설치할까요?	¿Instalar esta versión?	Установить эту версию?	Εγκατάσταση αυτής της έκδοσης;	安装此版本？	安裝此版本？	Installare questa versione?	Instalar esta versão?	このバージョンをインストール？	Zainstalować tę wersję?
Install timed out.	Installation abgelaufen.	Délai d'installation dépassé.	설치 시간이 초과되었습니다.	Tiempo de instalación agotado.	Время установки истекло.	Λήξη χρόνου εγκατάστασης.	安装超时。	安裝逾時。	Installazione scaduta.	Tempo esgotado na instalação.	インストールがタイムアウト。	Instalacja: upłynął czas.
Installation complete	Installation abgeschlossen	Installation terminée	설치 완료	Instalación completada	Установка завершена	Η εγκατάσταση ολοκληρώθηκε	安装完成	安裝完成	Installazione completata	Instalação concluída	インストール完了	Instalacja zakończona
Installed but not running (fine). Uninstall it from Windows Settings › Apps if you want it gone permanently.	Installiert, läuft aber nicht (in Ordnung). Über Windows-Einstellungen › Apps deinstallieren, wenn es dauerhaft weg soll.	Installé mais pas lancé (correct). Désinstallez-le depuis Paramètres Windows › Applications pour le supprimer définitivement.	설치되어 있으나 실행 중 아님 (정상). 완전히 없애려면 Windows 설정 › 앱에서 제거하세요.	Instalado pero sin ejecutarse (bien). Desinstálalo en Configuración de Windows › Aplicaciones para quitarlo del todo.	Установлен, но не запущен (это нормально). Удалите его в Параметры Windows › Приложения, если хотите избавиться насовсем.	Εγκατεστημένο αλλά δεν εκτελείται (εντάξει). Απεγκαταστήστε το από Ρυθμίσεις Windows › Εφαρμογές αν θέλετε να φύγει οριστικά.	已安装但未运行 (没问题)。若要彻底删除，请从 Windows 设置 › 应用中卸载。	已安裝但未執行 (沒問題)。若要徹底移除，請從 Windows 設定 › 應用程式中解除安裝。	Installato ma non in esecuzione (va bene). Disinstallalo da Impostazioni di Windows › App se vuoi toglierlo del tutto.	Instalado, mas não em execução (tudo bem). Desinstale em Configurações do Windows › Aplicativos se quiser removê-lo de vez.	インストール済みですが動作していません (問題ありません)。完全に消すなら Windows の設定 › アプリから削除してください。	Zainstalowany, ale nie działa (w porządku). Odinstaluj go w Ustawienia Windows › Aplikacje, jeśli chcesz się go pozbyć na stałe.
Installed — background helper started	Installiert — Hintergrund-Helper gestartet	Installé — helper démarré	설치됨 — 백그라운드 헬퍼 시작됨	Instalado — helper iniciado	Установлено — фоновый помощник запущен	Εγκαταστάθηκε — ο helper ξεκίνησε στο παρασκήνιο	已安装 — 后台 helper 已启动	已安裝 — 背景 helper 已啟動	Installato — helper in background avviato	Instalado — helper em segundo plano iniciado	インストール完了 — ヘルパーを起動しました	Zainstalowano — helper w tle uruchomiony
Installing package…	Paket wird installiert…	Installation du paquet…	패키지 설치 중…	Instalando el paquete…	Установка пакета…	Εγκατάσταση πακέτου…	正在安装包…	正在安裝套件…	Installazione del pacchetto…	Instalando o pacote…	パッケージをインストール中…	Instalowanie pakietu…
Installing...	Installiere...	Installation...	설치 중...	Instalando...	Установка...	Εγκατάσταση...	正在安装...	正在安裝...	Installazione...	Instalando...	インストール中...	Instalowanie...
Integer	Ganzzahlig	Entier	정수 배율	Entero	Целое	Ακέραιο	整数	整數	Intero	Inteiro	整数	Całkowite
Invisible	Unsichtbar	Invisible	오프라인 표시	Invisible	Невидимка	Αόρατος	隐身	隱身	Invisibile	Invisível	オフライン表示	Niewidoczny
Invisible (short)	Unsichtb.	Invis.	오프라인 표시	Invis.	Невид.	Αόρ.	隐身	隱身	Invis.	Invis.	オフ表示	Niewid.
It is the standard mode in ClawTweaks.	Das ist der Standardmodus in ClawTweaks.	C'est le mode standard de ClawTweaks.	ClawTweaks의 기본 모드입니다.	Es el modo estándar de ClawTweaks.	Это стандартный режим в ClawTweaks.	Είναι η κανονική λειτουργία στο ClawTweaks.	这是 ClawTweaks 的标准模式。	這是 ClawTweaks 的標準模式。	È la modalità standard di ClawTweaks.	É o modo padrão no ClawTweaks.	ClawTweaks では標準のモードです。	To standardowy tryb w ClawTweaks.
It resets the charge limit, the fan and the controller first.	Es setzt vorher Ladelimit, Lüfter und Controller zurück.	Il réinitialise d'abord la limite de charge, le ventilateur et la manette.	먼저 충전 제한과 팬, 컨트롤러를 되돌립니다.	Primero restablece el límite de carga, el ventilador y el mando.	Сначала он сбрасывает лимит заряда, вентилятор и контроллер.	Επαναφέρει πρώτα το όριο φόρτισης, τον ανεμιστήρα και το χειριστήριο.	它会先重置充电限制、风扇和手柄。	它會先重設充電限制、風扇和控制器。	Prima ripristina limite di carica, ventola e controller.	Ele restaura primeiro o limite de carga, a ventoinha e o controle.	先に充電制限、ファン、コントローラーを元に戻します。	Najpierw przywraca limit ładowania, wentylator i kontroler.
It starts with Windows through its scheduled task.	Er startet mit Windows über seine geplante Aufgabe.	Il démarre avec Windows via sa tâche planifiée.	예약 작업을 통해 Windows와 함께 시작합니다.	Arranca con Windows mediante su tarea programada.	Запускается вместе с Windows через задачу планировщика.	Ξεκινά με τα Windows μέσω της προγραμματισμένης εργασίας του.	它通过计划任务随 Windows 启动。	它透過排程工作隨 Windows 啟動。	Si avvia con Windows tramite la sua attività pianificata.	Ele inicia com o Windows pela sua tarefa agendada.	タスクスケジューラのタスクで Windows と一緒に起動します。	Uruchamia się z Windows przez zadanie zaplanowane.
It walks you through every step.	Es führt dich durch jeden Schritt.	Il te guide à chaque étape.	모든 단계를 안내해 줍니다.	Te guía por cada paso.	Проведёт вас через каждый шаг.	Σας καθοδηγεί σε κάθε βήμα.	它会带你走完每一步。	它會帶你走完每一步。	Ti guida passo per passo.	Ele guia você em cada etapa.	すべての手順を案内します。	Prowadzi Cię przez każdy krok.
It writes TDP, fan curve, LEDs, controller and the on-screen display.	Er schreibt TDP, Lüfterkurve, LEDs, Controller und das Overlay.	Il écrit le TDP, la courbe du ventilateur, les LED, la manette et l'overlay.	TDP, 팬 커브, LED, 컨트롤러, 화면 표시를 씁니다.	Escribe el TDP, la curva del ventilador, los LED, el mando y el overlay.	Он записывает TDP, кривую вентилятора, подсветку, контроллер и экранный оверлей.	Γράφει TDP, καμπύλη ανεμιστήρα, LED, χειριστήριο και την εμφάνιση στην οθόνη.	它写入 TDP、风扇曲线、LED、手柄和屏幕显示。	它寫入 TDP、風扇曲線、LED、控制器和螢幕顯示。	Scrive TDP, curva della ventola, LED, controller e overlay.	Ele grava TDP, curva da ventoinha, LEDs, controle e o overlay na tela.	TDP、ファンカーブ、LED、コントローラー、画面表示を書き込みます。	Zapisuje TDP, krzywą wentylatora, LED, kontroler i nakładkę ekranową.
Keep everything	Alles behalten	Tout garder	그대로 두기	Conservar todo	Оставить всё	Διατήρηση όλων	全部保留	全部保留	Mantieni tutto	Manter tudo	すべて残す	Zachowaj wszystko
Keeps your session in memory.	Behält deine Sitzung im Arbeitsspeicher.	Conserve ta session en mémoire.	세션을 메모리에 유지합니다.	Mantiene tu sesión en memoria.	Сохраняет сессию в памяти.	Κρατά τη συνεδρία σας στη μνήμη.	把会话保留在内存中。	把工作階段保留在記憶體中。	Mantiene la sessione in memoria.	Mantém a sessão na memória.	セッションをメモリに保持します。	Zachowuje sesję w pamięci.
Keyboard	Tastatur	Clavier	키보드	Teclado	Клавиатура	Πληκτρολόγιο	键盘	鍵盤	Tastiera	Teclado	キーボード	Klawiatura
Language	Sprache	Langue	언어	Idioma	Язык	Γλώσσα	语言	語言	Lingua	Idioma	言語	Język
Last played	Zuletzt gespielt	Dernière partie	마지막 플레이	Última partida	Последняя игра	Τελευταίο παιχνίδι	最近游玩	最近遊玩	Ultima partita	Jogado por último	最終プレイ	Ostatnio grane
Layout	Belegung	Disposition	배치	Diseño	Раскладка	Διάταξη	布局	版面	Layout		レイアウト	Układ
Library quick menu	Bibliothek Schnellmenü	Menu rapide de la bibliothèque	라이브러리 빠른 메뉴	Menú rápido de la biblioteca	Быстрое меню библиотеки	Γρήγορο μενού βιβλιοθήκης	游戏库快捷菜单	遊戲庫快捷選單	Menu rapido libreria	Menu rápido da biblioteca	ライブラリのクイックメニュー	Szybkie menu biblioteki
Leave the library open.	Bibliothek offen lassen.	Laisser la bibliothèque ouverte.	라이브러리를 열어 둡니다.	Deja la biblioteca abierta.	Оставить библиотеку открытой.	Αφήστε τη βιβλιοθήκη ανοιχτή.	让游戏库保持打开。	讓遊戲庫保持開啟。	Lascia aperta la libreria.	Deixe a biblioteca aberta.	ライブラリを開いたままにします。	Zostaw bibliotekę otwartą.
Left stick	Linker Stick	Stick gauche	왼쪽 스틱	Stick izquierdo	Левый стик	Αριστερός μοχλός	左摇杆	左搖桿	Stick sinistro	Analógico esq.	左スティック	Lewa gałka
Left trigger	Linker Trigger	Gâchette gauche	왼쪽 트리거	Gatillo izquierdo	Левый триггер	Αριστερή σκανδάλη	左扳机	左板機	Grilletto sinistro	Gatilho esquerdo	左トリガー	Lewy spust
Looking for pictures…	Bilder werden gesucht…	Recherche d'images…	사진을 찾는 중…	Buscando imágenes…	Поиск изображений…	Αναζήτηση εικόνων…	正在查找图片…	正在尋找圖片…	Ricerca delle immagini…	Procurando imagens…	画像を探しています…	Szukanie obrazów…
Move a tab with LB and RB.	Verschiebe einen Tab mit LB und RB.	Déplacez un onglet avec LB et RB.	LB와 RB로 탭을 옮기세요.	Mueve una pestaña con LB y RB.	Переместите вкладку кнопками LB и RB.	Μετακινήστε μια καρτέλα με LB και RB.	用 LB 和 RB 移动标签。	用 LB 和 RB 移動標籤。	Sposta una scheda con LB e RB.	Mova uma aba com LB e RB.	LB と RB でタブを移動します。	Przesuń kartę przyciskami LB i RB.
None	Keiner	Aucun	없음	Ninguno	Нет	Καμία	无	無	Nessuno	Nenhum	なし	Brak
Not set	Nicht belegt	Non défini	설정 안 됨	Sin definir	Не задано	Δεν ορίστηκε	未设置	未設定	Non definito	Não definido	未設定	Brak
No background	Kein Hintergrund	Aucun fond	배경 없음	Sin fondo	Без фона	Χωρίς φόντο	无背景	無背景	Nessuno sfondo	Sem fundo	背景なし	Bez tła
No JPG, PNG or BMP files in that folder.	Keine JPG-, PNG- oder BMP-Dateien in dem Ordner.	Aucun fichier JPG, PNG ou BMP dans ce dossier.	해당 폴더에 JPG, PNG, BMP 파일이 없습니다.	No hay archivos JPG, PNG o BMP en esa carpeta.	В этой папке нет файлов JPG, PNG или BMP.	Δεν υπάρχουν αρχεία JPG, PNG ή BMP σε αυτόν τον φάκελο.	该文件夹中没有 JPG、PNG 或 BMP 文件。	該資料夾中沒有 JPG、PNG 或 BMP 檔案。	Nessun file JPG, PNG o BMP in quella cartella.	Nenhum arquivo JPG, PNG ou BMP nessa pasta.	そのフォルダーに JPG、PNG、BMP がありません。	Brak plików JPG, PNG lub BMP w tym folderze.
Needs the mouse or the touchscreen	Braucht Maus oder Touchscreen	Nécessite la souris ou l'écran tactile	마우스나 터치가 필요합니다	Necesita ratón o pantalla táctil	Нужна мышь или сенсорный экран	Χρειάζεται ποντίκι ή οθόνη αφής	需要鼠标或触摸屏	需要滑鼠或觸控螢幕	Serve il mouse o il touchscreen	Precisa do mouse ou da tela sensível ao toque	マウスかタッチ操作が必要です	Wymaga myszy lub ekranu dotykowego
No suggestions on this machine.	Keine Vorschläge auf diesem Rechner.	Aucune suggestion sur cette machine.	이 PC에는 제안할 폴더가 없습니다.	Sin sugerencias en este equipo.	На этом компьютере нет подсказок.	Καμία πρόταση σε αυτό το μηχάνημα.	这台机器上没有建议。	這台機器上沒有建議。	Nessun suggerimento su questa macchina.	Nenhuma sugestão nesta máquina.	この PC では候補がありません。	Brak propozycji na tym komputerze.
No picked cover on this game	Für dieses Spiel wurde keins gewählt	Aucune jaquette choisie pour ce jeu	이 게임에는 선택한 커버가 없습니다	No hay portada elegida para este juego	Для этой игры обложка не выбрана	Δεν έχει επιλεγεί εξώφυλλο για αυτό το παιχνίδι	这个游戏没有选定封面	這款遊戲沒有選定封面	Nessuna copertina scelta per questo gioco	Nenhuma capa escolhida neste jogo	このゲームにはカバーが選ばれていません	Brak wybranej okładki dla tej gry
Nothing unlocked yet.	Noch nichts freigeschaltet.	Rien de débloqué pour l'instant.	아직 달성한 항목이 없습니다.	Aún no has desbloqueado nada.	Пока ничего не открыто.	Τίποτα ξεκλείδωτο ακόμη.	还没有解锁任何内容。	還沒有解鎖任何內容。	Nulla di sbloccato ancora.	Nada desbloqueado ainda.	まだ何も解除されていません。	Nic jeszcze nie odblokowano.
Open release page	Release-Seite öffnen	Page des versions	릴리스 페이지 열기	Página de versiones	Открыть страницу релиза	Άνοιγμα σελίδας έκδοσης	打开发布页	開啟發佈頁	Apri la pagina delle release	Abrir página da release	リリースページを開く	Otwórz stronę wydania
Recent reflections	Spiegelung in Recent	Reflets dans Recent	최근 반사 효과	Reflejos en Recientes	Отражения в «Недавних»	Πρόσφατες σκέψεις	最近倒影	最近倒影	Riflessi in Recent	Reflexos em Recentes	最近の映り込み	Odbicia w Ostatnich
Set	Gesetzt	Défini	설정됨	Definido	Задать	Ορισμός	已设置	已設定	Imposta	Definir	設定済み	Ustaw
Remove background	Hintergrund entfernen	Retirer le fond	배경 제거	Quitar el fondo	Убрать фон	Αφαίρεση φόντου	移除背景	移除背景	Rimuovi sfondo	Remover fundo	背景を消す	Usuń tło
Setting the picture…	Bild wird gesetzt…	Application de l'image…	이미지 적용 중…	Aplicando la imagen…	Установка изображения…	Ορισμός εικόνας…	正在设置图片…	正在設定圖片…	Impostazione dell'immagine…	Definindo a imagem…	画像を設定中…	Ustawianie obrazu…
Pick a folder once. Sub-folders are included.	Einmal einen Ordner wählen. Unterordner zählen mit.	Choisissez un dossier une fois. Les sous-dossiers comptent.	폴더를 한 번만 선택하세요. 하위 폴더도 포함됩니다.	Elige una carpeta una vez. Incluye subcarpetas.	Выберите папку один раз. Подпапки учитываются.	Επιλέξτε φάκελο μία φορά. Οι υποφάκελοι περιλαμβάνονται.	选一次文件夹，包含子文件夹。	選一次資料夾，包含子資料夾。	Scegli una cartella una volta. Le sottocartelle sono incluse.	Escolha uma pasta uma vez. Subpastas são incluídas.	フォルダーを一度選びます。サブフォルダーも含みます。	Wybierz folder raz. Podfoldery są uwzględniane.
Reset	Rücksetzen	Réinit.	초기화	Restablecer	Сбросить	Επαναφορά	重置	重設	Reset	Redefinir	リセット	Resetuj
Reset cover	Cover zurücksetzen	Jaquette d'origine	커버 초기화	Portada original	Обложка по умолч.	Επαναφορά εξωφύλλου	重置封面	重設封面	Copertina base	Capa padrão	カバーを戻す	Domyślna okładka
Own image	Eigenes Bild	Image perso	내 이미지	Imagen propia	Своя картинка	Δική σας εικόνα	自有图片	自有圖片	Tua immagine	Imagem própria	自分の画像	Własny obraz
Pick the folder your pictures are in	Ordner mit deinen Bildern wählen	Choisir le dossier de vos images	사진이 있는 폴더를 선택하세요	Elige la carpeta con tus imágenes	Выберите папку с вашими изображениями	Επιλέξτε τον φάκελο με τις εικόνες σας	选择存放图片的文件夹	選擇存放圖片的資料夾	Scegli la cartella con le tue immagini	Escolha a pasta onde estão suas imagens	画像が入っているフォルダーを選んでください	Wybierz folder ze swoimi obrazami
Show	Anzeigen	Afficher	표시	Mostrar	Показать	Εμφάνιση	显示	顯示	Mostra	Mostrar	表示	Pokaż
Shown	Sichtbar	Affiché	표시	Visible	Показано	Ορατή	已显示	已顯示	Visibile	Visível	表示中	Widoczne
Steam games only	Nur bei Steam-Spielen	Jeux Steam uniquement	Steam 게임만 해당	Solo para juegos de Steam	Только игры Steam	Μόνο παιχνίδια Steam	仅 Steam 游戏	僅 Steam 遊戲	Solo giochi Steam	Só jogos Steam	Steam のゲームのみ	Tylko gry Steam
Steam has no list for this game	Steam hat keine Liste für dieses Spiel	Steam n'a pas de liste pour ce jeu	Steam에 이 게임 목록이 없음	Steam no tiene lista para este juego	У Steam нет списка для этой игры	Το Steam δεν έχει λίστα για αυτό το παιχνίδι	Steam 没有这个游戏的清单	Steam 沒有這款遊戲的清單	Steam non ha un elenco per questo gioco	O Steam não tem lista para este jogo	このゲームには Steam の一覧がありません	Steam nie ma listy dla tej gry
System tray / Processes	Systemtray/Prozesse	Zone de notification/Processus	시스템 트레이/프로세스	Bandeja del sistema/Procesos	Системный трей / Процессы	Περιοχή ειδοποιήσεων / Διεργασίες	通知区域 / 进程	通知區 / 處理程序	Area di notifica / Processi	Bandeja do sistema / Processos	通知領域 / プロセス	Zasobnik / Procesy
This file does not install ClawTweaks Center	Diese Datei installiert ClawTweaks Center nicht	Ce fichier n'installe pas ClawTweaks Center	이 파일은 ClawTweaks Center를 설치하지 않습니다	Este archivo no instala ClawTweaks Center	Этот файл не устанавливает ClawTweaks Center	Αυτό το αρχείο δεν εγκαθιστά το ClawTweaks Center	此文件不会安装 ClawTweaks Center	此檔案不會安裝 ClawTweaks Center	Questo file non installa ClawTweaks Center	Este arquivo não instala o ClawTweaks Center	このファイルは ClawTweaks Center をインストールしません	Ten plik nie instaluje ClawTweaks Center
Use as background	Als Hintergrund	Comme fond	배경으로 사용	Como fondo	Сделать фоном	Χρήση ως φόντο	用作背景	用作背景	Usa come sfondo	Usar como fundo	背景に使う	Użyj jako tła
Use this folder	Diesen Ordner nehmen	Utiliser ce dossier	이 폴더 사용	Usar esta carpeta	Использовать эту папку	Χρήση αυτού του φακέλου	使用此文件夹	使用此資料夾	Usa questa cartella	Usar esta pasta	このフォルダーを使う	Użyj tego folderu
View	Ansehen	Voir	보기	Ver	Вид	Προβολή	查看	檢視	Vista	Exibir	表示	Widok
Where are your pictures?	Wo liegen deine Bilder?	Où sont vos images ?	사진이 어디에 있나요?	¿Dónde están tus imágenes?	Где ваши изображения?	Πού είναι οι εικόνες σας;	你的图片在哪里？	你的圖片在哪裡？	Dove sono le tue immagini?	Onde estão suas imagens?	画像はどこにありますか？	Gdzie są Twoje obrazy?
Use one of your own images…	Eigenes Bild verwenden…	Utiliser une de vos images…	내 이미지 사용…	Usar una de tus imágenes…	Использовать своё изображение…	Χρήση δικής σας εικόνας…	使用自己的图片…	使用自己的圖片…	Usa una tua immagine…	Use uma imagem sua…	自分の画像を使う…	Użyj własnego obrazu…
Windows tools	Windows-Tools	Outils Windows	Windows 도구	Herramientas Windows	Инструменты Windows	Εργαλεία Windows	Windows 工具	Windows 工具	Strumenti Windows	Ferramentas do Windows	Windows ツール	Narzędzia Windows
Windows Explorer	Windows Explorer	Explorateur Windows	파일 탐색기	Explorador de Windows	Проводник Windows	Εξερεύνηση των Windows	文件资源管理器	檔案總管	Esplora file	Explorador do Windows	エクスプローラー	Eksplorator Windows
Task Manager	Task-Manager	Gestionnaire tâches	작업 관리자	Admin. de tareas	Диспетчер задач	Διαχείριση εργασιών	任务管理器	工作管理員	Gestione attività	Gerenc. de Tarefas	タスクマネージャー	Menedżer zadań
Windows Settings	Windows-Einstellungen	Paramètres Windows	Windows 설정	Configuración de Windows	Параметры Windows	Ρυθμίσεις Windows	Windows 设置	Windows 設定	Impostazioni Windows	Configurações do Windows	Windows の設定	Ustawienia Windows
Control Panel (classic)	Systemsteuerung (klassisch)	Panneau de configuration (classique)	제어판(클래식)	Panel de control (clásico)	Панель управления (классическая)	Πίνακας Ελέγχου (κλασικός)	控制面板 (经典)	控制台 (傳統)	Pannello di controllo	Painel de Controle (clássico)	コントロール パネル (従来型)	Panel sterowania (klasyczny)
Computer Management	Computerverwaltung	Gestion de l'ordinateur	컴퓨터 관리	Administración de equipos	Управление компьютером	Διαχείριση υπολογιστή	计算机管理	電腦管理	Gestione computer	Gerenciamento do Computador	コンピューターの管理	Zarządzanie komputerem
Installed apps	Installierte Apps	Applications installées	설치된 앱	Aplicaciones instaladas	Установл. приложения	Εγκατεστημένες εφαρμογές	已安装的应用	已安裝的應用程式	App installate	Aplicativos instalados	インストール済みアプリ	Zainstalowane aplikacje
Use the library as the Windows full screen experience	Die Bibliothek als Windows-Vollbildmodus nutzen	Utiliser la bibliothèque comme mode plein écran de Windows	라이브러리를 Windows 전체 화면 모드로 사용	Usar la biblioteca como modo de pantalla completa de Windows	Использовать библиотеку как полноэкранный режим Windows	Χρήση της βιβλιοθήκης ως εμπειρία πλήρους οθόνης των Windows	把游戏库作为 Windows 全屏体验	把遊戲庫作為 Windows 全螢幕體驗	Usa la libreria come esperienza a schermo intero di Windows	Usar a biblioteca como experiência de tela cheia do Windows	ライブラリを Windows の全画面エクスペリエンスにする	Użyj biblioteki jako trybu pełnoekranowego Windows
Download the ClawTweaks setup from the releases page.	Lade das ClawTweaks-Setup von der Releases-Seite.	Télécharge le programme d'installation ClawTweaks depuis la page des releases.	릴리스 페이지에서 ClawTweaks 설치 파일을 다운로드하세요.	Descarga el instalador de ClawTweaks desde la página de releases.	Скачайте установщик ClawTweaks со страницы релизов.	Κατεβάστε το setup του ClawTweaks από τη σελίδα εκδόσεων.	从发布页下载 ClawTweaks 安装程序。	從發佈頁下載 ClawTweaks 安裝程式。	Scarica il setup di ClawTweaks dalla pagina delle release.	Baixe o setup do ClawTweaks na página de releases.	リリースページから ClawTweaks のセットアップをダウンロードしてください。	Pobierz instalator ClawTweaks ze strony wydań.
Answer Yes when it asks about the full screen mode.	Beantworte die Frage nach dem Vollbildmodus mit Ja.	Réponds Oui à la question sur le mode plein écran.	전체 화면 모드를 묻는 질문에 예라고 답하세요.	Responde Sí a la pregunta sobre el modo de pantalla completa.	Ответьте «Да», когда спросит о полноэкранном режиме.	Απαντήστε Ναι όταν ρωτήσει για τη λειτουργία πλήρους οθόνης.	当它询问全屏模式时选择「是」。	當它詢問全螢幕模式時選擇「是」。	Rispondi Sì quando chiede della modalità a schermo intero.	Responda Sim quando perguntar sobre o modo de tela cheia.	全画面モードについて聞かれたら「はい」と答えてください。	Odpowiedz Tak, gdy zapyta o tryb pełnoekranowy.
Open releases	Releases öffnen	Ouvrir les releases	릴리스 열기	Abrir releases	Открыть релизы	Άνοιγμα εκδόσεων	打开发布页	開啟發佈頁	Apri le release	Abrir releases	リリースを開く	Otwórz wydania
Default browser	Standardbrowser	Navigateur par défaut	기본 브라우저	Navegador predeterminado	Браузер по умолчанию	Προεπιλεγμένος περιηγητής	默认浏览器	預設瀏覽器	Browser predefinito	Navegador padrão	既定のブラウザー	Domyślna przeglądarka
Download CTW wallpapers	CTW-Hintergründe laden	Télécharger les fonds CTW	CTW 배경 다운로드	Descargar fondos CTW	Скачать обои CTW	Λήψη ταπετσαριών CTW	下载 CTW 壁纸	下載 CTW 桌布	Scarica sfondi CTW	Baixar papéis de parede CTW	CTW の壁紙をダウンロード	Pobierz tapety CTW
ClawTweaks wallpapers	ClawTweaks-Hintergründe	Fonds ClawTweaks	ClawTweaks 배경	Fondos de ClawTweaks	Обои ClawTweaks	Ταπετσαρίες ClawTweaks	ClawTweaks 壁纸	ClawTweaks 桌布	Sfondi ClawTweaks	Papéis de parede ClawTweaks	ClawTweaks の壁紙	Tapety ClawTweaks
Downloaded when you pick one.	Wird beim Auswählen geladen.	Téléchargé quand tu en choisis un.	선택하면 다운로드됩니다.	Se descarga al elegir uno.	Загружается при выборе.	Κατεβαίνει όταν επιλέξετε μία.	选中时才下载。	選取時才下載。	Scaricato quando ne scegli uno.	Baixado quando você escolhe um.	選んだときにダウンロードされます。	Pobierana po wybraniu.
Looking for wallpapers…	Hintergründe werden gesucht…	Recherche de fonds…	배경을 찾는 중…	Buscando fondos…	Поиск обоев…	Αναζήτηση ταπετσαριών…	正在查找壁纸…	正在尋找桌布…	Ricerca degli sfondi…	Procurando papéis de parede…	壁紙を探しています…	Szukanie tapet…
The wallpaper list could not be reached. Check your connection.	Die Hintergrund-Liste ist nicht erreichbar. Prüfe deine Verbindung.	Liste des fonds inaccessible. Vérifie ta connexion.	배경 목록에 연결하지 못했습니다. 연결을 확인하세요.	No se pudo acceder a la lista de fondos. Comprueba tu conexión.	Не удалось получить список обоев. Проверьте подключение.	Δεν βρέθηκε η λίστα ταπετσαριών. Ελέγξτε τη σύνδεσή σας.	无法获取壁纸列表。请检查网络连接。	無法取得桌布清單。請檢查網路連線。	Elenco degli sfondi non raggiungibile. Controlla la connessione.	Não foi possível obter a lista de papéis de parede. Verifique sua conexão.	壁紙の一覧を取得できませんでした。接続を確認してください。	Nie można pobrać listy tapet. Sprawdź połączenie.
No wallpapers published yet.	Noch keine Hintergründe veröffentlicht.	Aucun fond publié pour l'instant.	아직 공개된 배경이 없습니다.	Aún no hay fondos publicados.	Обои ещё не опубликованы.	Δεν έχουν δημοσιευτεί ταπετσαρίες ακόμη.	还没有发布壁纸。	還沒有發佈桌布。	Nessuno sfondo pubblicato ancora.	Nenhum papel de parede publicado ainda.	まだ壁紙は公開されていません。	Nie opublikowano jeszcze tapet.
Library Settings	Bibliothek Einstellungen	Réglages bibliothèque	라이브러리 설정	Ajustes de biblioteca	Настройки библиотеки	Ρυθμίσεις βιβλιοθήκης	游戏库设置	遊戲庫設定	Impostazioni libreria	Configurações da biblioteca	ライブラリ設定	Ustawienia biblioteki
Library settings	Bibliothek Einstellungen	Réglages bibliothèque	라이브러리 설정	Ajustes de biblioteca	Настройки библиотеки	Ρυθμίσεις βιβλιοθήκης	游戏库设置	遊戲庫設定	Impostazioni libreria	Configurações da biblioteca	ライブラリ設定	Ustawienia biblioteki
Loading the page…	Seite wird geladen…	Chargement de la page…	문서를 불러오는 중…	Cargando la página…	Загрузка страницы…	Φόρτωση σελίδας…	正在加载页面…	正在載入頁面…	Caricamento della pagina…	Carregando a página…	ページを読み込み中…	Wczytywanie strony…
Loading…	Lädt…	Chargement…	불러오는 중…	Cargando…	Загрузка…	Φόρτωση…	加载中…	載入中…	Caricamento…	Carregando…	読み込み中…	Wczytywanie…
MSI Center M and its Game Bar widget are back.	MSI Center M und sein Game-Bar-Widget sind zurück.	MSI Center M et son widget Game Bar sont de retour.	MSI Center M과 게임 바 위젯이 돌아왔습니다.	MSI Center M y su widget de Game Bar han vuelto.	MSI Center M и его виджет Game Bar вернулись.	Το MSI Center M και το widget του στο Game Bar επέστρεψαν.	MSI Center M 及其 Game Bar 小组件已恢复。	MSI Center M 及其 Game Bar 小工具已恢復。	MSI Center M e il suo widget della Game Bar sono tornati.	O MSI Center M e seu widget da Game Bar estão de volta.	MSI Center M とその Game Bar ウィジェットが戻りました。	MSI Center M i jego widżet Game Bar wróciły.
MSI Center M is back, but its Game Bar widget could not be restored. Reinstall MSI Center M to get the widget back.	MSI Center M ist zurück, sein Game-Bar-Widget aber nicht. Installiere MSI Center M neu, um das Widget zurückzubekommen.	MSI Center M est de retour, mais pas son widget Game Bar. Réinstalle MSI Center M pour récupérer le widget.	MSI Center M은 돌아왔지만 게임 바 위젯은 복구되지 않았습니다. 위젯을 되찾으려면 MSI Center M을 다시 설치하세요.	MSI Center M ha vuelto, pero su widget de Game Bar no. Reinstala MSI Center M para recuperarlo.	MSI Center M вернулся, но его виджет Game Bar восстановить не удалось. Переустановите MSI Center M, чтобы вернуть виджет.	Το MSI Center M επέστρεψε, αλλά το widget του στο Game Bar δεν αποκαταστάθηκε. Εγκαταστήστε ξανά το MSI Center M για να επιστρέψει το widget.	MSI Center M 已恢复，但它的 Game Bar 小组件没能恢复。重新安装 MSI Center M 即可找回小组件。	MSI Center M 已恢復，但它的 Game Bar 小工具沒能恢復。重新安裝 MSI Center M 即可找回小工具。	MSI Center M è tornato, ma il suo widget della Game Bar no. Reinstalla MSI Center M per riavere il widget.	O MSI Center M voltou, mas seu widget da Game Bar não pôde ser restaurado. Reinstale o MSI Center M para recuperar o widget.	MSI Center M は戻りましたが、Game Bar ウィジェットは復元できませんでした。ウィジェットを戻すには MSI Center M を再インストールしてください。	MSI Center M wrócił, ale nie udało się przywrócić jego widżetu Game Bar. Zainstaluj MSI Center M ponownie, aby odzyskać widżet.
MSI Center M is not installed on this device.	MSI Center M ist auf diesem Gerät nicht installiert.	MSI Center M n'est pas installé sur cet appareil.	이 기기에는 MSI Center M이 설치되어 있지 않습니다.	MSI Center M no está instalado en este dispositivo.	MSI Center M на этом устройстве не установлен.	Το MSI Center M δεν είναι εγκατεστημένο σε αυτή τη συσκευή.	这台设备上没有安装 MSI Center M。	這台裝置上沒有安裝 MSI Center M。	MSI Center M non è installato su questo dispositivo.	O MSI Center M não está instalado neste dispositivo.	このデバイスに MSI Center M はインストールされていません。	MSI Center M nie jest zainstalowany na tym urządzeniu.
Macro	Makro	Macro	매크로	Macro	Макрос		宏	巨集	Macro		マクロ	Makro
Main versions	Hauptversionen	Versions principales	주요 버전	Versiones principales	Основные версии	Κύριες εκδόσεις	正式版本	正式版本	Versioni principali	Versões principais	通常版	Wersje główne
Manage your ClawTweaks settings — back them up, restore a previous backup, or reset everything to a clean state.	Verwalte deine ClawTweaks-Einstellungen — sichern, ein Backup zurückholen oder alles zurücksetzen.	Gérez vos réglages ClawTweaks — sauvegarde, restauration, ou remise à zéro complète.	ClawTweaks 설정을 관리합니다 — 백업, 복원, 또는 전체 초기화.	Gestiona tus ajustes de ClawTweaks — copia, restaura o restablece todo.	Управляйте настройками ClawTweaks — сохраните копию, восстановите прежнюю или сбросьте всё.	Διαχειριστείτε τις ρυθμίσεις σας ClawTweaks — κρατήστε αντίγραφο, επαναφέρετε ένα προηγούμενο ή επαναφέρετε τα πάντα σε καθαρή κατάσταση.	管理你的 ClawTweaks 设置 — 备份、还原之前的备份，或全部重置为干净状态。	管理你的 ClawTweaks 設定 — 備份、還原之前的備份，或全部重設為乾淨狀態。	Gestisci le impostazioni di ClawTweaks — fai un backup, ripristinane uno precedente o azzera tutto.	Gerencie suas configurações do ClawTweaks — faça backup, restaure um backup anterior ou redefina tudo.	ClawTweaks の設定を管理します — バックアップ、以前のバックアップの復元、すべてのリセットができます。	Zarządzaj ustawieniami ClawTweaks — utwórz kopię, przywróć wcześniejszą lub zresetuj wszystko.
Menu	Menü	Menu	메뉴	Menú	Меню	Μενού	菜单	選單	Menu		メニュー	
Minimize	Minimieren	Réduire	최소화	Minimizar	Свернуть	Ελαχιστοποίηση	最小化	最小化	Riduci	Minimizar	最小化	Minimalizuj
Minimize Center	Center minimieren	Réduire Center	Center 최소화	Minimizar Center	Свернуть Center	Ελαχιστοποίηση του Center	最小化 Center	最小化 Center	Riduci Center a icona	Minimizar o Center	Center を最小化	Minimalizuj Center
Mode: Fresh install	Modus: Neuinstallation	Mode : installation neuve	모드: 새로 설치	Modo: instalación nueva	Режим: чистая установка	Λειτουργία: Νέα εγκατάσταση	模式: 全新安装	模式: 全新安裝	Modalità: nuova installazione	Modo: instalação nova	モード: 新規インストール	Tryb: nowa instalacja
Mode: Update	Modus: Update	Mode : mise à jour	모드: 업데이트	Modo: actualizar	Режим: обновление	Λειτουργία: Ενημέρωση	模式: 更新	模式: 更新	Modo: aggiornamento	Modo: atualização	モード: 更新	Tryb: aktualizacja
Mouse	Maus	Souris	마우스	Ratón	Мышь	Ποντίκι	鼠标	滑鼠	Mouse		マウス	Mysz
My Apps	Meine Apps	Mes apps	내 앱	Mis apps	Мои прилож.	Εφαρμογές	我的应用	我的應用程式	Le mie app	Meus apps	マイアプリ	Moje apl.
NOT detected (VID_0DB0). The controller is missing, or MSI Center M has taken it over.	NICHT erkannt (VID_0DB0). Der Controller fehlt, oder MSI Center M hat ihn übernommen.	NON détecté (VID_0DB0). La manette est absente, ou MSI Center M l'a prise.	감지되지 않음 (VID_0DB0). 컨트롤러가 없거나 MSI Center M이 가져갔습니다.	NO detectado (VID_0DB0). Falta el mando, o MSI Center M lo ha tomado.	НЕ обнаружен (VID_0DB0). Контроллер отсутствует, или его захватил MSI Center M.	ΔΕΝ εντοπίστηκε (VID_0DB0). Λείπει το χειριστήριο ή το έχει πάρει το MSI Center M.	未检测到 (VID_0DB0)。手柄不存在，或已被 MSI Center M 接管。	未偵測到 (VID_0DB0)。控制器不存在，或已被 MSI Center M 接管。	NON rilevato (VID_0DB0). Il controller manca, oppure MSI Center M se n'è impossessato.	NÃO detectado (VID_0DB0). O controle está ausente ou o MSI Center M assumiu o controle dele.	検出されません (VID_0DB0)。コントローラーが無いか、MSI Center M が占有しています。	NIE wykryto (VID_0DB0). Kontrolera brakuje lub przejął go MSI Center M.
Nearest Neighbour	Nächster Nachbar	Plus proche voisin	최근접 이웃	Vecino más cercano	Ближайший сосед		最近邻	最近鄰	Nearest Neighbour	Vizinho mais próximo	ニアレストネイバー	Najbliższy sąsiad
New update — background helper started	Neues Update — Hintergrund-Helper gestartet	Nouvelle mise à jour — helper démarré	새 업데이트 — 백그라운드 헬퍼 시작됨	Nueva actualización — helper iniciado	Новое обновление — фоновый помощник запущен	Νέα ενημέρωση — ο helper ξεκίνησε στο παρασκήνιο	新的更新 — 后台 helper 已启动	新的更新 — 背景 helper 已啟動	Nuovo aggiornamento — helper in background avviato	Nova atualização — helper em segundo plano iniciado	新しい更新 — ヘルパーを起動しました	Nowa aktualizacja — helper w tle uruchomiony
Newer than installed	Neuer als installiert	Plus récente qu'installée	설치된 것보다 최신	Más nueva que la instalada	Новее установленной	Νεότερη από την εγκατεστημένη	比已安装的更新	比已安裝的新	Più recente di quella installata	Mais nova que a instalada	インストール済みより新しい	Nowsza niż zainstalowana
Next: controller health, required tools, the signing certificate, then the app itself. Each step re-checks live and won't let you continue until it's satisfied.	Als Nächstes: Controller-Zustand, benötigte Tools, das Signaturzertifikat, dann die App selbst. Jeder Schritt prüft live und lässt dich erst weiter, wenn er erfüllt ist.	Ensuite : état de la manette, outils requis, certificat de signature, puis l'app elle-même. Chaque étape revérifie en direct et ne laisse pas continuer avant d'être satisfaite.	다음 순서: 컨트롤러 상태, 필요한 도구, 서명 인증서, 그리고 앱 자체입니다. 각 단계는 실시간으로 다시 확인하며 충족될 때까지 진행할 수 없습니다.	A continuación: estado del mando, herramientas necesarias, el certificado de firma y luego la app. Cada paso se revisa en vivo y no deja continuar hasta cumplirse.	Далее: состояние контроллера, нужные инструменты, сертификат подписи, затем само приложение. Каждый шаг проверяется вживую и не пропустит дальше, пока не выполнен.	Στη συνέχεια: υγεία χειριστηρίου, απαιτούμενα εργαλεία, το πιστοποιητικό υπογραφής και μετά η ίδια η εφαρμογή. Κάθε βήμα ελέγχει ξανά ζωντανά και δεν σας αφήνει να συνεχίσετε πριν ικανοποιηθεί.	接下来：手柄状态、必需工具、签名证书，然后是应用本身。每一步都会实时重新检查，条件不满足就无法继续。	接下來：控制器狀態、必要工具、簽署憑證，然後是應用程式本身。每一步都會即時重新檢查，條件不符就無法繼續。	Ora: stato del controller, strumenti richiesti, certificato di firma, poi l'app stessa. Ogni passo ricontrolla dal vivo e non ti fa proseguire finché non è a posto.	A seguir: estado do controle, ferramentas necessárias, certificado de assinatura e depois o app. Cada etapa verifica ao vivo e só deixa continuar quando estiver satisfeita.	次は、コントローラーの状態、必要なツール、署名証明書、そして本体です。各手順はその場で再確認し、条件を満たすまで先へ進めません。	Dalej: stan kontrolera, wymagane narzędzia, certyfikat podpisu, a potem sama aplikacja. Każdy krok sprawdza na żywo i nie pozwoli przejść dalej, dopóki nie będzie spełniony.
No .cer bundled with this setup build (dev run).	Kein .cer in diesem Setup-Build enthalten (Dev-Lauf).	Aucun .cer fourni avec ce build (exécution dev).	이 설치 빌드에 .cer이 없습니다 (개발 실행).	Este build no incluye .cer (ejecución de desarrollo).	В этой сборке установщика нет .cer (dev-запуск).	Δεν περιλαμβάνεται .cer σε αυτή την έκδοση setup (δοκιμαστική εκτέλεση).	此安装程序版本未附带 .cer (开发运行)。	此安裝程式版本未附帶 .cer (開發執行)。	Nessun .cer incluso in questa build del setup (esecuzione dev).	Nenhum .cer incluído neste build do setup (execução de dev).	このセットアップビルドには .cer が入っていません (開発用実行)。	Brak pliku .cer w tej wersji instalatora (wersja dev).
No .msix bundled with this setup build (dev run).	Kein .msix in diesem Setup-Build enthalten (Dev-Lauf).	Aucun .msix fourni avec ce build (exécution dev).	이 설치 빌드에 .msix가 없습니다 (개발 실행).	Este build no incluye .msix (ejecución de desarrollo).	В этой сборке установщика нет .msix (dev-запуск).	Δεν περιλαμβάνεται .msix σε αυτή την έκδοση setup (δοκιμαστική εκτέλεση).	此安装程序版本未附带 .msix (开发运行)。	此安裝程式版本未附帶 .msix (開發執行)。	Nessun .msix incluso in questa build del setup (esecuzione dev).	Nenhum .msix incluído neste build do setup (execução de dev).	このセットアップビルドには .msix が入っていません (開発用実行)。	Brak pliku .msix w tej wersji instalatora (wersja dev).
No Epic games installed.	Keine Epic-Spiele installiert.	Aucun jeu Epic installé.	설치된 Epic 게임이 없습니다.	No hay juegos de Epic.	Игры Epic не установлены.	Δεν υπάρχουν παιχνίδια Epic.	没有已安装的 Epic 游戏。	沒有已安裝的 Epic 遊戲。	Nessun gioco Epic installato.	Nenhum jogo Epic instalado.	Epic のゲームがありません。	Brak zainstalowanych gier Epic.
No ROM has been played yet.	Noch kein ROM gespielt.	Aucune ROM jouée.	플레이한 ROM이 없습니다.	Aún no has jugado ROMs.	Ни один ROM ещё не запускался.	Δεν έχει παιχτεί ακόμη κανένα ROM.	还没有玩过任何 ROM。	還沒有玩過任何 ROM。	Nessuna ROM giocata finora.	Nenhuma ROM foi jogada ainda.	まだ ROM をプレイしていません。	Nie zagrano jeszcze w żaden ROM.
No ROMs in your Playnite library.	Keine ROMs in deiner Playnite-Bibliothek.	Aucune ROM dans votre bibliothèque Playnite.	Playnite 라이브러리에 ROM이 없습니다.	No hay ROMs en tu biblioteca de Playnite.	В библиотеке Playnite нет ROM-ов.	Δεν υπάρχουν ROM στη βιβλιοθήκη Playnite.	Playnite 游戏库中没有 ROM。	Playnite 遊戲庫中沒有 ROM。	Nessuna ROM nella tua libreria Playnite.	Nenhuma ROM na sua biblioteca Playnite.	Playnite のライブラリに ROM がありません。	Brak ROM-ów w bibliotece Playnite.
No Steam games installed.	Keine Steam-Spiele installiert.	Aucun jeu Steam installé.	설치된 Steam 게임이 없습니다.	No hay juegos de Steam.	Игры Steam не установлены.	Δεν υπάρχουν παιχνίδια Steam.	没有已安装的 Steam 游戏。	沒有已安裝的 Steam 遊戲。	Nessun gioco Steam installato.	Nenhum jogo Steam instalado.	Steam のゲームがありません。	Brak zainstalowanych gier Steam.
No Steam library found on this device.	Keine Steam-Bibliothek auf diesem Gerät gefunden.	Aucune bibliothèque Steam trouvée sur cet appareil.	이 기기에서 Steam 라이브러리를 찾지 못했습니다.	No se encontró una biblioteca de Steam en este dispositivo.	Библиотека Steam на этом устройстве не найдена.	Δεν βρέθηκε βιβλιοθήκη Steam σε αυτή τη συσκευή.	这台设备上没有找到 Steam 游戏库。	這台裝置上沒有找到 Steam 遊戲庫。	Nessuna libreria Steam trovata su questo dispositivo.	Nenhuma biblioteca Steam encontrada neste dispositivo.	このデバイスに Steam ライブラリが見つかりません。	Nie znaleziono biblioteki Steam na tym urządzeniu.
No Xbox games installed.	Keine Xbox-Spiele installiert.	Aucun jeu Xbox installé.	설치된 Xbox 게임이 없습니다.	No hay juegos de Xbox.	Игры Xbox не установлены.	Δεν υπάρχουν παιχνίδια Xbox.	没有已安装的 Xbox 游戏。	沒有已安裝的 Xbox 遊戲。	Nessun gioco Xbox installato.	Nenhum jogo Xbox instalado.	Xbox のゲームがありません。	Brak zainstalowanych gier Xbox.
No apps added yet.	Noch keine Apps hinzugefügt.	Aucune app ajoutée.	아직 추가된 앱이 없습니다.	Aún no hay apps añadidas.	Приложения ещё не добавлены.	Καμία εφαρμογή ακόμη.	还没有添加应用。	還沒有新增應用程式。	Nessuna app aggiunta ancora.	Nenhum app adicionado ainda.	まだアプリを追加していません。	Nie dodano jeszcze aplikacji.
No backup selected	Kein Backup ausgewählt	Aucun backup sélectionné	선택된 백업 없음	Sin copia seleccionada	Копия не выбрана	Δεν επιλέχθηκε αντίγραφο	未选择备份	未選擇備份	Nessun backup selezionato	Nenhum backup selecionado	バックアップが選ばれていません	Nie wybrano kopii
No backups found	Keine Backups gefunden	Aucun backup trouvé	백업을 찾지 못했습니다	No hay copias	Копии не найдены	Δεν βρέθηκαν αντίγραφα	没有找到备份	沒有找到備份	Nessun backup trovato	Nenhum backup encontrado	バックアップがありません	Nie znaleziono kopii
No duplicate helper detected	Kein doppelter Helper gefunden	Aucun helper en double	중복 헬퍼 없음	Sin helpers duplicados	Дублирующий помощник не найден	Δεν εντοπίστηκε διπλός helper	没有发现重复的 helper	沒有發現重複的 helper	Nessun helper duplicato rilevato	Nenhum helper duplicado detectado	重複ヘルパーは見つかりません	Nie wykryto zdublowanego helpera
No existing ClawTweaks installation was found. The setup will guide you through the full first-time installation.	Keine vorhandene ClawTweaks-Installation gefunden. Das Setup führt dich durch die komplette Erstinstallation.	Aucune installation ClawTweaks trouvée. Le setup vous guide dans la première installation complète.	기존 ClawTweaks 설치가 없습니다. 설치 프로그램이 최초 설치 전체를 안내합니다.	No hay instalación previa de ClawTweaks. El setup te guía en la primera instalación.	Установка ClawTweaks не найдена. Установщик проведёт вас через полную первую установку.	Δεν βρέθηκε υπάρχουσα εγκατάσταση ClawTweaks. Το setup θα σας οδηγήσει στην πλήρη πρώτη εγκατάσταση.	没有找到已有的 ClawTweaks 安装。安装程序会引导你完成完整的首次安装。	沒有找到既有的 ClawTweaks 安裝。安裝程式會引導你完成完整的首次安裝。	Nessuna installazione di ClawTweaks trovata. Il setup ti guida nella prima installazione completa.	Nenhuma instalação do ClawTweaks foi encontrada. O setup guiará você pela primeira instalação completa.	既存の ClawTweaks インストールは見つかりませんでした。セットアップが初回インストールを最後まで案内します。	Nie znaleziono instalacji ClawTweaks. Instalator przeprowadzi Cię przez pełną pierwszą instalację.
No favorites yet.	Noch keine Favoriten.	Aucun favori.	즐겨찾기가 없습니다.	No hay favoritos.	Избранного пока нет.	Κανένα αγαπημένο ακόμη.	还没有收藏。	還沒有收藏。	Nessun preferito ancora.	Nenhum favorito ainda.	お気に入りはまだありません。	Brak ulubionych.
No game has been played yet.	Noch kein Spiel gespielt.	Aucun jeu joué pour l'instant.	아직 플레이한 게임이 없습니다.	Aún no has jugado a nada.	Ни одна игра ещё не запускалась.	Δεν έχει παιχτεί ακόμη κανένα παιχνίδι.	还没有玩过任何游戏。	還沒有玩過任何遊戲。	Nessun gioco giocato finora.	Nenhum jogo foi jogado ainda.	まだゲームをプレイしていません。	Nie zagrano jeszcze w żadną grę.
No games found.	Keine Spiele gefunden.	Aucun jeu trouvé.	게임을 찾지 못했습니다.	No se encontraron juegos.	Игры не найдены.	Δεν βρέθηκαν παιχνίδια.	没有找到游戏。	沒有找到遊戲。	Nessun gioco trovato.	Nenhum jogo encontrado.	ゲームが見つかりません。	Nie znaleziono gier.
No games from these stores installed.	Keine Spiele aus diesen Stores installiert.	Aucun jeu de ces stores n'est installé.	이 스토어의 게임이 설치되어 있지 않습니다.	No hay juegos instalados de estas tiendas.	Игры из этих магазинов не установлены.	Δεν υπάρχουν εγκατεστημένα παιχνίδια από αυτά τα καταστήματα.	没有安装这些商店的游戏。	沒有安裝這些商店的遊戲。	Nessun gioco di questi store installato.	Nenhum jogo dessas lojas instalado.	これらのストアのゲームがありません。	Brak zainstalowanych gier z tych sklepów.
No installable package found after staging.	Nach dem Bereitstellen kein installierbares Paket gefunden.	Aucun paquet installable après la préparation.	준비 후 설치 가능한 패키지를 찾지 못했습니다.	No se encontró paquete instalable tras preparar.	После подготовки не найден устанавливаемый пакет.	Δεν βρέθηκε πακέτο προς εγκατάσταση μετά την προετοιμασία.	准备之后没有找到可安装的包。	準備之後沒有找到可安裝的套件。	Nessun pacchetto installabile trovato dopo la preparazione.	Nenhum pacote instalável encontrado após a preparação.	準備後にインストールできるパッケージが見つかりません。	Nie znaleziono pakietu do instalacji po przygotowaniu.
No portrait covers found for that search.	Keine Hochkant-Cover für diese Suche gefunden.	Aucune jaquette portrait pour cette recherche.	해당 검색에 세로 커버가 없습니다.	No hay portadas verticales para esa búsqueda.	По этому запросу вертикальных обложек нет.	Δεν βρέθηκαν κάθετα εξώφυλλα για αυτή την αναζήτηση.	这次搜索没有找到竖版封面。	這次搜尋沒有找到直式封面。	Nessuna copertina verticale trovata per questa ricerca.	Nenhuma capa vertical encontrada para essa busca.	その検索では縦型カバーが見つかりません。	Nie znaleziono pionowych okładek dla tego zapytania.
No restart necessary.	Kein Neustart nötig.	Aucun redémarrage requis.	재부팅이 필요 없습니다.	No hace falta reiniciar.	Перезагрузка не нужна.	Δεν χρειάζεται επανεκκίνηση.	无需重启。	不需重新啟動。	Nessun riavvio necessario.	Nenhum reinício necessário.	再起動は不要です。	Ponowne uruchomienie niepotrzebne.
No uninstaller found for the older version.	Kein Deinstallationsprogramm für die ältere Version gefunden.	Aucun désinstalleur trouvé pour l'ancienne version.	이전 버전의 제거 프로그램을 찾지 못했습니다.	No se encontró desinstalador de la versión antigua.	Деинсталлятор старой версии не найден.	Δεν βρέθηκε πρόγραμμα απεγκατάστασης για την παλιότερη έκδοση.	没有找到旧版本的卸载程序。	沒有找到舊版本的解除安裝程式。	Nessun programma di disinstallazione trovato per la versione precedente.	Nenhum desinstalador encontrado para a versão antiga.	古いバージョンのアンインストーラーが見つかりません。	Nie znaleziono deinstalatora starszej wersji.
No virtual pad detected — rolled back to the hardware controller.	Kein virtueller Pad erkannt — zurück zum Hardware-Controller.	Aucune manette virtuelle détectée — retour à la manette physique.	가상 패드를 찾지 못해 하드웨어 컨트롤러로 되돌렸습니다.	No se detectó mando virtual — se volvió al mando físico.	Виртуальный геймпад не обнаружен — возврат к аппаратному контроллеру.	Δεν εντοπίστηκε εικονικό χειριστήριο — επιστροφή στο υλικό χειριστήριο.	未检测到虚拟手柄 — 已回退到硬件手柄。	未偵測到虛擬控制器 — 已回復為硬體控制器。	Nessun pad virtuale rilevato — tornato al controller hardware.	Nenhum controle virtual detectado — voltou ao controle de hardware.	仮想パッドが検出されません — ハードウェアコントローラーに戻しました。	Nie wykryto wirtualnego pada — powrót do kontrolera sprzętowego.
No. The library runs on its own, without the Game Bar.	Nein. Die Bibliothek läuft eigenständig, ohne die Game Bar.	Non. La bibliothèque fonctionne seule, sans le Game Bar.	아니요. 라이브러리는 게임 바 없이 단독으로 동작합니다.	No. La biblioteca funciona sola, sin la Game Bar.	Нет. Библиотека работает сама, без Game Bar.	Όχι. Η βιβλιοθήκη λειτουργεί μόνη της, χωρίς το Game Bar.	不需要。游戏库独立运行，不依赖 Game Bar。	不需要。遊戲庫獨立運作，不需要 Game Bar。	No. La libreria funziona da sola, senza la Game Bar.	Não. A biblioteca funciona sozinha, sem a Game Bar.	いいえ。ライブラリは Game Bar なしで単独で動きます。	Nie. Biblioteka działa samodzielnie, bez Game Bar.
Not Installed	Nicht installiert	Non installés	미설치	No instalados	Не установлено	Μη εγκατεστημένο	未安装	未安裝	Non installato	Não instalado	未インストール	Niezainstalowane
Not a recognized backup	Kein erkanntes Backup	Backup non reconnu	인식되지 않는 백업	Copia no reconocida	Копия не распознана	Μη αναγνωρισμένο αντίγραφο	不是可识别的备份	不是可辨識的備份	Backup non riconosciuto	Backup não reconhecido	バックアップとして認識できません	Nierozpoznana kopia
Not checked yet.	Noch nicht geprüft.	Pas encore vérifié.	아직 확인하지 않음.	Aún sin comprobar.	Ещё не проверено.	Δεν έχει ελεγχθεί ακόμη.	尚未检查。	尚未檢查。	Non ancora verificato.	Ainda não verificado.	まだ確認していません。	Jeszcze nie sprawdzono.
Not in the bar yet — favorite ClawTweaks in the Game Bar (Win+G), then Check.	Noch nicht in der Bar — ClawTweaks in der Game Bar (Win+G) favorisieren, dann Prüfen.	Pas encore dans la barre — mettez ClawTweaks en favori (Win+G), puis Vérifier.	아직 없습니다 — Game Bar(Win+G)에서 ClawTweaks를 즐겨찾기한 뒤 확인하세요.	Aún no está — marca ClawTweaks como favorito (Win+G) y pulsa Comprobar.	Ещё не в панели — добавьте ClawTweaks в избранное Game Bar (Win+G), затем «Проверить».	Δεν είναι ακόμη στη μπάρα — κάντε το ClawTweaks αγαπημένο στο Game Bar (Win+G) και μετά Έλεγχος.	还不在栏中 — 在 Game Bar (Win+G) 中收藏 ClawTweaks，然后按「检查」。	還不在列中 — 在 Game Bar (Win+G) 中收藏 ClawTweaks，然後按「檢查」。	Non ancora nella barra — aggiungi ClawTweaks ai preferiti della Game Bar (Win+G), poi Verifica.	Ainda não está na barra — favorite o ClawTweaks na Game Bar (Win+G) e depois Verificar.	まだバーにありません — Game Bar (Win+G) で ClawTweaks をお気に入りにしてから「確認」を押してください。	Jeszcze nie na pasku — dodaj ClawTweaks do ulubionych w Game Bar (Win+G), potem Sprawdź.
Not installed	Nicht installiert	Non installé	미설치	No instalado	Не установлено	Μη εγκατεστημένο	未安装	未安裝	Non installato	Não instalado	未インストール	Niezainstalowane
Not mounted right now. Expected only while virtual mode is running — normal at setup time.	Gerade nicht eingebunden. Nur im virtuellen Modus zu erwarten — bei der Einrichtung normal.	Pas monté actuellement. Attendu seulement en mode virtuel — normal à l'installation.	현재 연결되어 있지 않습니다. 가상 모드에서만 나타나며 설치 중에는 정상입니다.	Ahora no está montado. Solo se espera en modo virtual — normal al instalar.	Сейчас не смонтирован. Ожидается только в виртуальном режиме — при установке это нормально.	Δεν είναι συνδεδεμένο τώρα. Αναμένεται μόνο όσο τρέχει η εικονική λειτουργία — φυσιολογικό κατά την εγκατάσταση.	目前未挂载。仅在虚拟模式运行时才会挂载 — 安装阶段属于正常。	目前未掛載。僅在虛擬模式執行時才會掛載 — 安裝階段屬於正常。	Non montato al momento. Previsto solo con la modalità virtuale attiva — normale durante il setup.	Não montado agora. Esperado apenas com o modo virtual ativo — normal durante o setup.	現在は接続されていません。仮想モード中のみ想定される状態で、セットアップ時は正常です。	Obecnie niezamontowany. Oczekiwany tylko w trybie wirtualnym — normalne podczas instalacji.
Not now	Jetzt nicht	Plus tard	나중에	Ahora no	Не сейчас	Όχι τώρα	暂不	暫不	Non ora	Agora não	今はしない	Nie teraz
Not present (good).	Nicht vorhanden (gut).	Absent (bien).	없음 (양호).	No presente (bien).	Отсутствует (хорошо).	Δεν υπάρχει (καλό).	不存在 (良好)。	不存在 (良好)。	Non presente (bene).	Ausente (bom).	存在しません (良好)。	Nieobecny (dobrze).
Not running (good).	Läuft nicht (gut).	Ne tourne pas (bien).	실행 중 아님 (양호).	No está activo (bien).	Не запущен (хорошо).	Δεν εκτελείται (καλό).	未运行 (良好)。	未執行 (良好)。	Non in esecuzione (bene).	Não em execução (bom).	動作していません (良好)。	Nie działa (dobrze).
Not running yet — starts after install via the Game Bar.	Läuft noch nicht — startet nach der Installation über die Game Bar.	Pas encore lancé — démarre après l'installation via la Game Bar.	아직 실행 안 됨 — 설치 후 Game Bar에서 시작합니다.	Aún no activo — arranca tras instalar, desde la Game Bar.	Ещё не запущен — стартует после установки через Game Bar.	Δεν εκτελείται ακόμη — ξεκινά μετά την εγκατάσταση μέσω του Game Bar.	尚未运行 — 安装后通过 Game Bar 启动。	尚未執行 — 安裝後透過 Game Bar 啟動。	Non ancora in esecuzione — parte dopo l'installazione tramite la Game Bar.	Ainda não em execução — inicia após a instalação pela Game Bar.	まだ動作していません — インストール後に Game Bar から起動します。	Jeszcze nie działa — uruchomi się po instalacji przez Game Bar.
Not set.	Kein Key.	Non défini.	설정 안 됨.	Sin definir.	Не задано.	Δεν ορίστηκε.	未设置。	未設定。	Non definito.	Não definido.	未設定です。	Brak.
Not supported on this device	Auf diesem Gerät nicht unterstützt	Non pris en charge sur cet appareil	이 장치에서는 지원되지 않음	No compatible con este dispositivo	Не поддерживается на этом устройстве	Δεν υποστηρίζεται σε αυτή τη συσκευή	这台设备不支持	這台裝置不支援	Non supportato su questo dispositivo	Não suportado neste dispositivo	このデバイスでは対応していません	Nieobsługiwane na tym urządzeniu
Not trusted yet — will be trusted during install.	Noch nicht vertraut — wird bei der Installation eingetragen.	Pas encore approuvé — le sera pendant l'installation.	아직 신뢰되지 않음 — 설치 중에 등록됩니다.	Aún sin confianza — se añadirá durante la instalación.	Пока не доверенный — станет доверенным при установке.	Δεν είναι ακόμη έμπιστο — θα γίνει έμπιστο κατά την εγκατάσταση.	尚未受信任 — 安装时会被信任。	尚未受信任 — 安裝時會被信任。	Non ancora attendibile — lo diventerà durante l'installazione.	Ainda não confiável — será confiado durante a instalação.	まだ信頼されていません — インストール時に信頼されます。	Jeszcze niezaufany — zostanie zaufany podczas instalacji.
Nothing found	Nichts gefunden	Rien trouvé	찾지 못했습니다	Nada encontrado	Ничего не найдено	Δεν βρέθηκε τίποτα	没有找到内容	沒有找到內容	Nessun risultato	Nada encontrado	見つかりません	Nic nie znaleziono
Nothing found to add.	Nichts zum Hinzufügen gefunden.	Rien à ajouter.	추가할 항목이 없습니다.	No hay nada que añadir.	Нечего добавить.	Δεν βρέθηκε τίποτα για προσθήκη.	没有可添加的内容。	沒有可新增的內容。	Niente da aggiungere.	Nada encontrado para adicionar.	追加できるものが見つかりません。	Nie znaleziono nic do dodania.
Nothing found yet.	Noch nichts gefunden.	Rien trouvé pour l'instant.	아직 찾은 것이 없습니다.	Aún no hay nada.	Пока ничего не найдено.	Δεν βρέθηκε τίποτα ακόμη.	暂时没有找到。	暫時沒有找到。	Ancora nessun risultato.	Nada encontrado ainda.	まだ見つかりません。	Jeszcze nic nie znaleziono.
Off	Aus	Inactif	꺼짐	Apagado	Выкл.	Ανενεργό	关	關	Off	Desl.	オフ	Wył.
Older than installed	Älter als installiert	Plus ancienne qu'installée	설치된 것보다 이전	Más antigua que la instalada	Старее установленной	Παλιότερη από την εγκατεστημένη	比已安装的旧	比已安裝的舊	Più vecchia di quella installata	Mais antiga que a instalada	インストール済みより古い	Starsza niż zainstalowana
On	An	Activé	켬	Activo	Вкл.	Ενεργό	开	開	On	Lig.	オン	Wł.
Onboarding lists it as a to-do the first time you install ClawTweaks.	Beim ersten Installieren von ClawTweaks steht es im Onboarding als Aufgabe.	Lors de la première installation de ClawTweaks, l'onboarding l'indique comme à faire.	ClawTweaks를 처음 설치할 때 온보딩에 할 일로 표시됩니다.	Al instalar ClawTweaks por primera vez, aparece como tarea en el onboarding.	При первой установке ClawTweaks это указано как задача в онбординге.	Η αρχική ρύθμιση το εμφανίζει ως εκκρεμότητα την πρώτη φορά που εγκαθιστάτε το ClawTweaks.	首次安装 ClawTweaks 时，初始设置会把它列为待办。	首次安裝 ClawTweaks 時，初始設定會把它列為待辦。	L'onboarding lo elenca come attività alla prima installazione di ClawTweaks.	O onboarding lista isso como tarefa na primeira instalação do ClawTweaks.	初回インストール時に、初期設定がやることとして表示します。	Wprowadzenie wymienia to jako zadanie przy pierwszej instalacji ClawTweaks.
Once, at the first install, to register its background task.	Einmal bei der Erstinstallation, um seine Hintergrundaufgabe anzulegen.	Une fois, à la première installation, pour créer sa tâche de fond.	최초 설치 때 한 번, 백그라운드 작업을 등록하기 위해서입니다.	Una vez, en la primera instalación, para registrar su tarea de fondo.	Один раз, при первой установке, чтобы зарегистрировать фоновую задачу.	Μία φορά, στην πρώτη εγκατάσταση, για να δηλωθεί η εργασία παρασκηνίου του.	仅在首次安装时一次，用于注册它的后台任务。	僅在首次安裝時一次，用來註冊它的背景工作。	Una volta, alla prima installazione, per registrare la sua attività in background.	Uma vez, na primeira instalação, para registrar sua tarefa em segundo plano.	初回インストール時に一度だけ、バックグラウンドのタスクを登録するためです。	Raz, przy pierwszej instalacji, aby zarejestrować zadanie w tle.
One click in the widget or in Center brings Center M back.	Ein Klick im Widget oder in Center holt Center M zurück.	Un clic dans le widget ou dans Center rend Center M.	위젯이나 Center에서 한 번만 누르면 Center M이 돌아옵니다.	Un clic en el widget o en Center devuelve Center M.	Один клик в виджете или в Center возвращает Center M.	Ένα κλικ στο widget ή στο Center επαναφέρει το Center M.	在小组件或 Center 中点一下即可让 Center M 回来。	在小工具或 Center 中按一下即可讓 Center M 回來。	Un clic nel widget o in Center riporta Center M.	Um clique no widget ou no Center traz o Center M de volta.	ウィジェットか Center のワンクリックで Center M が戻ります。	Jedno kliknięcie w widżecie lub w Center przywraca Center M.
Only Steam is supported for now.	Bisher wird nur Steam unterstützt.	Seul Steam est pris en charge pour l'instant.	현재는 Steam만 지원합니다.	Por ahora solo se admite Steam.	Пока поддерживается только Steam.	Προς το παρόν υποστηρίζεται μόνο το Steam.	目前仅支持 Steam。	目前僅支援 Steam。	Per ora è supportato solo Steam.	Por enquanto só o Steam é suportado.	今のところ Steam のみ対応しています。	Na razie obsługiwany jest tylko Steam.
Only for apps you added yourself	Nur für selbst hinzugefügte Apps	Seulement pour les apps ajoutées à la main	직접 추가한 앱에만 적용됩니다	Solo para apps añadidas por ti	Только для приложений, добавленных вручную	Μόνο για εφαρμογές που προσθέσατε εσείς	仅适用于你自己添加的应用	僅適用於你自己新增的應用程式	Solo per le app aggiunte da te	Só para apps que você mesmo adicionou	自分で追加したアプリのみ	Tylko dla aplikacji dodanych ręcznie
Only the ClawTweaks widget lives in the Game Bar.	Nur das ClawTweaks-Widget sitzt in der Game Bar.	Seul le widget ClawTweaks vit dans le Game Bar.	게임 바에 있는 것은 ClawTweaks 위젯뿐입니다.	Solo el widget de ClawTweaks vive en la Game Bar.	В Game Bar живёт только виджет ClawTweaks.	Μόνο το widget του ClawTweaks βρίσκεται στο Game Bar.	Game Bar 中只有 ClawTweaks 小组件。	Game Bar 中只有 ClawTweaks 小工具。	Solo il widget ClawTweaks vive nella Game Bar.	Só o widget do ClawTweaks fica na Game Bar.	Game Bar にあるのは ClawTweaks のウィジェットだけです。	Tylko widżet ClawTweaks mieszka w Game Bar.
Open	Öffnen	Ouvrir	열기	Abrir	Открыть	Άνοιγμα	打开	開啟	Apri	Abrir	開く	Otwórz
Open OptiClick	OptiClick öffnen	Ouvrir OptiClick	OptiClick 열기	Abrir OptiClick	Открыть OptiClick	Άνοιγμα του OptiClick	打开 OptiClick	開啟 OptiClick	Apri OptiClick	Abrir o OptiClick	OptiClick を開く	Otwórz OptiClick
Open Reset · Backup · Restore on the start screen.	Auf dem Startbildschirm Reset · Backup · Restore öffnen.	Ouvre Reset · Backup · Restore sur l'écran d'accueil.	시작 화면에서 Reset · Backup · Restore를 여세요.	Abre Reset · Backup · Restore en la pantalla de inicio.	Откройте «Сброс · Копия · Восстановление» на стартовом экране.	Ανοίξτε Επαναφορά · Αντίγραφο · Επαναφορά αντιγράφου στην αρχική οθόνη.	在起始页打开「重置 · 备份 · 还原」。	在起始畫面開啟「重設 · 備份 · 還原」。	Apri Reset · Backup · Restore nella schermata iniziale.	Abra Redefinir · Backup · Restaurar na tela inicial.	開始画面の「リセット · バックアップ · 復元」を開いてください。	Otwórz Reset · Kopia · Przywracanie na ekranie startowym.
Open Steam	Steam öffnen	Ouvrir Steam	Steam 열기	Abrir Steam	Открыть Steam	Άνοιγμα του Steam	打开 Steam	開啟 Steam	Apri Steam	Abrir o Steam	Steam を開く	Otwórz Steam
Open SteamGridDB	SteamGridDB öffnen	Ouvrir SteamGridDB	SteamGridDB 열기	Abrir SteamGridDB	Открыть SteamGridDB	Άνοιγμα του SteamGridDB	打开 SteamGridDB	開啟 SteamGridDB	Apri SteamGridDB	Abrir o SteamGridDB	SteamGridDB を開く	Otwórz SteamGridDB
Open Windows Settings, go to Apps, find "ClawTweaks Center" and uninstall it, then press Re-check.	Windows-Einstellungen öffnen, zu Apps gehen, "ClawTweaks Center" suchen und deinstallieren, dann Neu prüfen drücken.	Ouvrez les Paramètres Windows, allez dans Applications, trouvez "ClawTweaks Center", désinstallez-le, puis Revérifier.	Windows 설정을 열고 앱에서 "ClawTweaks Center"를 찾아 제거한 뒤 다시 확인을 누르세요.	Abre Configuración de Windows, ve a Aplicaciones, busca "ClawTweaks Center", desinstálalo y pulsa Recomprobar.	Откройте Параметры Windows, перейдите в Приложения, найдите «ClawTweaks Center», удалите его и нажмите «Проверить снова».	Ανοίξτε τις Ρυθμίσεις των Windows, πηγαίνετε στις Εφαρμογές, βρείτε το "ClawTweaks Center" και απεγκαταστήστε το, μετά πατήστε Επανέλεγχος.	打开 Windows 设置，进入应用，找到 "ClawTweaks Center" 并卸载，然后按「重新检查」。	開啟 Windows 設定，進入應用程式，找到 "ClawTweaks Center" 並解除安裝，然後按「重新檢查」。	Apri Impostazioni di Windows, vai in App, trova "ClawTweaks Center" e disinstallalo, poi premi Ricontrolla.	Abra as Configurações do Windows, vá em Aplicativos, encontre "ClawTweaks Center", desinstale-o e depois pressione Verificar de novo.	Windows の設定 → アプリで「ClawTweaks Center」を探してアンインストールし、「再確認」を押してください。	Otwórz Ustawienia Windows, przejdź do Aplikacje, znajdź „ClawTweaks Center” i odinstaluj, potem naciśnij Sprawdź ponownie.
Open all	Alle öffnen	Tout ouvrir	모두 열기	Abrir todo	Открыть все	Άνοιγμα όλων	全部打开	全部開啟	Apri tutto	Abrir tudo	すべて開く	Otwórz wszys.
Open download page	Downloadseite öffnen	Page de téléchargement	다운로드 페이지 열기	Abrir página de descarga	Открыть страницу загрузки	Άνοιγμα σελίδας λήψης	打开下载页	開啟下載頁	Apri pagina di download	Abrir página de download	ダウンロードページを開く	Otwórz stronę pobierania
ClawTweaks is not running	ClawTweaks läuft nicht	ClawTweaks ne tourne pas	ClawTweaks가 실행 중이 아닙니다	ClawTweaks no se está ejecutando	ClawTweaks не запущен	Το ClawTweaks δεν εκτελείται	ClawTweaks 未运行	ClawTweaks 未執行	ClawTweaks non è in esecuzione	O ClawTweaks não está em execução	ClawTweaks が動作していません	ClawTweaks nie działa
Install ClawTweaks with the Setup to get versions here.	Installiere ClawTweaks mit dem Setup, um hier Versionen zu bekommen.	Installez ClawTweaks avec le Setup pour voir les versions ici.	여기서 버전을 받으려면 Setup으로 ClawTweaks를 설치하세요.	Instala ClawTweaks con el Setup para ver versiones aquí.	Установите ClawTweaks через установщик, чтобы видеть здесь версии.	Εγκαταστήστε το ClawTweaks με το Setup για να εμφανιστούν εδώ οι εκδόσεις.	用安装程序安装 ClawTweaks，这里才会列出版本。	用安裝程式安裝 ClawTweaks，這裡才會列出版本。	Installa ClawTweaks con il Setup per vedere qui le versioni.	Instale o ClawTweaks com o Setup para ver versões aqui.	ここにバージョンを表示するには、セットアップで ClawTweaks を入れてください。	Zainstaluj ClawTweaks instalatorem, aby zobaczyć tu wersje.
Get the Setup	Setup herunterladen	Obtenir le Setup	Setup 받기	Obtener el Setup	Получить установщик	Λήψη του Setup	获取安装程序	取得安裝程式	Scarica il Setup	Obter o Setup	セットアップを入手	Pobierz instalator
Open download pages	Downloadseiten öffnen	Ouvrir les pages	다운로드 페이지 열기	Abrir páginas	Открыть страницы загрузки	Άνοιγμα σελίδων λήψης	打开下载页面	開啟下載頁面	Apri le pagine di download	Abrir páginas de download	ダウンロードページを開く	Otwórz strony pobierania
Open in browser	Im Browser öffnen	Ouvrir dans le navigateur	브라우저로 열기	Abrir en el navegador	Открыть в браузере	Άνοιγμα στον περιηγητή	在浏览器中打开	在瀏覽器中開啟	Apri nel browser	Abrir no navegador	ブラウザーで開く	Otwórz w przeglądarce
Open the Game Bar (Win+G) once to start it, then press Ⓨ. You can still uninstall Center.	Öffne einmal die Game Bar (Win+G), dann Ⓨ drücken. Center lässt sich trotzdem deinstallieren.	Ouvre le Game Bar (Win+G) une fois, puis appuie sur Ⓨ. Tu peux quand même désinstaller Center.	게임 바(Win+G)를 한 번 연 다음 Ⓨ를 누르세요. Center는 그래도 제거할 수 있습니다.	Abre la Game Bar (Win+G) una vez y pulsa Ⓨ. Aun así puedes desinstalar Center.	Откройте Game Bar (Win+G) один раз, чтобы запустить его, затем нажмите Ⓨ. Center всё ещё можно удалить.	Ανοίξτε μία φορά το Game Bar (Win+G) για να ξεκινήσει και μετά πατήστε Ⓨ. Μπορείτε ακόμη να απεγκαταστήσετε το Center.	打开一次 Game Bar (Win+G) 让它启动，然后按 Ⓨ。你仍然可以卸载 Center。	開啟一次 Game Bar (Win+G) 讓它啟動，然後按 Ⓨ。你仍然可以解除安裝 Center。	Apri la Game Bar (Win+G) una volta per avviarlo, poi premi Ⓨ. Puoi comunque disinstallare Center.	Abra a Game Bar (Win+G) uma vez para iniciá-lo e pressione Ⓨ. Você ainda pode desinstalar o Center.	Game Bar (Win+G) を一度開いて起動してから Ⓨ を押してください。Center のアンインストールは今もできます。	Otwórz raz Game Bar (Win+G), aby go uruchomić, potem naciśnij Ⓨ. Nadal możesz odinstalować Center.
Open the Game Bar (Win+G), favorite ClawTweaks, then Check.	Game Bar öffnen (Win+G), ClawTweaks favorisieren, dann Prüfen.	Ouvrez la Game Bar (Win+G), mettez ClawTweaks en favori, puis Vérifier.	Game Bar(Win+G)를 열고 ClawTweaks를 즐겨찾기한 뒤 확인하세요.	Abre la Game Bar (Win+G), marca ClawTweaks y pulsa Comprobar.	Откройте Game Bar (Win+G), добавьте ClawTweaks в избранное, затем «Проверить».	Ανοίξτε το Game Bar (Win+G), κάντε αγαπημένο το ClawTweaks και μετά Έλεγχος.	打开 Game Bar (Win+G)，收藏 ClawTweaks，然后按「检查」。	開啟 Game Bar (Win+G)，收藏 ClawTweaks，然後按「檢查」。	Apri la Game Bar (Win+G), metti ClawTweaks tra i preferiti, poi Verifica.	Abra a Game Bar (Win+G), favorite o ClawTweaks e depois Verificar.	Game Bar (Win+G) を開き、ClawTweaks をお気に入りにしてから「確認」を押してください。	Otwórz Game Bar (Win+G), dodaj ClawTweaks do ulubionych, potem Sprawdź.
Open the Game Bar manually (Win+G).	Game Bar von Hand öffnen (Win+G).	Ouvrez la Game Bar à la main (Win+G).	Game Bar를 직접 여세요 (Win+G).	Abre la Game Bar a mano (Win+G).	Откройте Game Bar вручную (Win+G).	Ανοίξτε το Game Bar χειροκίνητα (Win+G).	手动打开 Game Bar (Win+G)。	手動開啟 Game Bar (Win+G)。	Apri la Game Bar manualmente (Win+G).	Abra a Game Bar manualmente (Win+G).	Game Bar を手動で開いてください (Win+G)。	Otwórz Game Bar ręcznie (Win+G).
Open the Game Bar once if it is not running.	Öffne einmal die Game Bar, falls er nicht läuft.	Ouvre le Game Bar une fois s'il ne tourne pas.	실행되지 않으면 게임 바를 한 번 여세요.	Abre la Game Bar una vez si no está en marcha.	Откройте Game Bar один раз, если он не запущен.	Ανοίξτε μία φορά το Game Bar αν δεν εκτελείται.	如果 Game Bar 没在运行，请先打开一次。	如果 Game Bar 沒在執行，請先開啟一次。	Apri la Game Bar una volta se non è in esecuzione.	Abra a Game Bar uma vez se ela não estiver em execução.	動いていなければ Game Bar を一度開いてください。	Otwórz raz Game Bar, jeśli nie działa.
Opening Game Bar — the ClawTweaks widget will start the helper…	Game Bar wird geöffnet — das ClawTweaks-Widget startet den Helper…	Ouverture de la Game Bar — le widget ClawTweaks démarre le helper…	Game Bar를 여는 중 — ClawTweaks 위젯이 헬퍼를 시작합니다…	Abriendo la Game Bar — el widget de ClawTweaks arrancará el helper…	Открытие Game Bar — виджет ClawTweaks запустит помощник…	Άνοιγμα του Game Bar — το widget του ClawTweaks θα ξεκινήσει τον helper…	正在打开 Game Bar — ClawTweaks 小组件会启动 helper…	正在開啟 Game Bar — ClawTweaks 小工具會啟動 helper…	Apertura della Game Bar — il widget ClawTweaks avvierà l'helper…	Abrindo a Game Bar — o widget do ClawTweaks iniciará o helper…	Game Bar を開いています — ClawTweaks ウィジェットがヘルパーを起動します…	Otwieranie Game Bar — widżet ClawTweaks uruchomi helper…
OptiScaler wiki	OptiScaler-Wiki	Wiki OptiScaler	OptiScaler 위키	Wiki OptiScaler	Вики OptiScaler	Wiki του OptiScaler			Wiki OptiScaler	Wiki do OptiScaler	OptiScaler の wiki	Wiki OptiScaler
Other Stores	Andere Stores	Autres stores	기타 스토어	Otras tiendas	Другие магазины	Άλλα καταστήματα	其他商店	其他商店	Altri store	Outras lojas	その他のストア	Inne sklepy
Output	Ausgabe	Sortie	출력	Salida	Вывод	Έξοδος	输出	輸出	Uscita	Saída	出力	Wyjście
P-core EPP	P-Kerne EPP	EPP cœurs P	P코어 EPP	EPP núcleos P	EPP P-ядер	EPP P-core	P 核 EPP	P 核心 EPP	EPP P-core	EPP P-core	P コア EPP	EPP P-core
P-core max	P-Kerne max.	Max cœurs P	P코어 최대	Máx. núcleos P	Макс. P-ядер	Μέγιστο P-core	P 核最大值	P 核心最大值	Max P-core	Máx. P-core	P コア最大	Maks. P-core
P-core state	P-Kerne Zustand	État cœurs P	P코어 상태	Estado núcleos P	Состояние P-ядер	Κατάσταση P-core	P 核状态	P 核心狀態	Stato P-core	Estado P-core	P コア状態	Stan P-core
Package installed.	Paket installiert.	Paquet installé.	패키지가 설치되었습니다.	Paquete instalado.	Пакет установлен.	Το πακέτο εγκαταστάθηκε.	包已安装。	套件已安裝。	Pacchetto installato.	Pacote instalado.	パッケージをインストール。	Pakiet zainstalowany.
Performance	Leistung	Performance	성능	Rendimiento	Производительность	Επιδόσεις	性能	效能	Prestazioni	Desempenho	パフォーマンス	Wydajność
Physical MSI Claw controller	Physischer MSI-Claw-Controller	Manette MSI Claw physique	물리 MSI Claw 컨트롤러	Mando físico MSI Claw	Физический контроллер MSI Claw	Φυσικό χειριστήριο MSI Claw	MSI Claw 物理手柄	MSI Claw 實體控制器	Controller fisico MSI Claw	Controle físico do MSI Claw	MSI Claw の物理コントローラー	Fizyczny kontroler MSI Claw
Pick a backup to restore. A safety copy of the current state is taken automatically first, then the helper restarts to load the restored settings.	Wähle ein Backup zum Zurückholen. Vom aktuellen Stand wird zuerst automatisch eine Sicherung angelegt, danach startet der Helper neu und lädt die Einstellungen.	Choisissez un backup à restaurer. Une copie de sécurité de l'état actuel est faite d'abord, puis le helper redémarre pour charger les réglages.	복원할 백업을 선택하세요. 현재 상태를 먼저 자동으로 백업한 뒤 헬퍼가 다시 시작하며 설정을 불러옵니다.	Elige una copia para restaurar. Primero se guarda automáticamente el estado actual y después el helper se reinicia para cargar los ajustes.	Выберите копию для восстановления. Сначала автоматически сохраняется страховочная копия текущего состояния, затем помощник перезапускается с восстановленными настройками.	Επιλέξτε αντίγραφο για επαναφορά. Πρώτα κρατιέται αυτόματα εφεδρικό αντίγραφο της τρέχουσας κατάστασης και μετά ο helper επανεκκινεί για να φορτώσει τις ρυθμίσεις.	选择要还原的备份。系统会先自动为当前状态留一份副本，然后 helper 重启以加载还原后的设置。	選擇要還原的備份。系統會先自動為目前狀態留一份副本，然後 helper 重新啟動以載入還原後的設定。	Scegli un backup da ripristinare. Prima viene fatta in automatico una copia di sicurezza dello stato attuale, poi l'helper si riavvia per caricare le impostazioni ripristinate.	Escolha um backup para restaurar. Uma cópia de segurança do estado atual é feita antes, e o helper reinicia para carregar as configurações restauradas.	復元するバックアップを選んでください。先に現在の状態の控えが自動で作られ、その後ヘルパーが再起動して設定を読み込みます。	Wybierz kopię do przywrócenia. Najpierw automatycznie zapisywana jest kopia bieżącego stanu, potem helper uruchamia się ponownie z przywróconymi ustawieniami.
Platform	Plattform	Plateforme	플랫폼	Plataforma	Платформа	Πλατφόρμα	平台	平台	Piattaforma	Plataforma	ストア	Platforma
Play	Spielen	Jouer	실행	Jugar	Играть	Παίξτε	开始游戏	開始遊戲	Gioca	Jogar	プレイ	Graj
Play your Steam, Epic and Xbox games.	Steam-, Epic- und Xbox-Spiele spielen.	Jouez à vos jeux Steam, Epic et Xbox.	Steam, Epic, Xbox 게임을 실행합니다.	Juega a tus juegos de Steam, Epic y Xbox.	Играйте в свои игры Steam, Epic и Xbox.	Παίξτε τα παιχνίδια σας από Steam, Epic και Xbox.	畅玩你的 Steam、Epic 和 Xbox 游戏。	暢玩你的 Steam、Epic 和 Xbox 遊戲。	Gioca ai tuoi giochi Steam, Epic e Xbox.	Jogue seus jogos Steam, Epic e Xbox.	Steam、Epic、Xbox のゲームをプレイできます。	Graj w swoje gry Steam, Epic i Xbox.
Playnite is not installed.	Playnite ist nicht installiert.	Playnite n'est pas installé.	Playnite가 설치되지 않았습니다.	Playnite no está instalado.	Playnite не установлен.	Το Playnite δεν είναι εγκατεστημένο.	没有安装 Playnite。	沒有安裝 Playnite。	Playnite non è installato.	O Playnite não está instalado.	Playnite がインストールされていません。	Playnite nie jest zainstalowany.
Portrait covers only. No match? Edit the text above and search again.	Nur Hochkant-Cover. Nichts dabei? Text oben ändern und neu suchen.	Jaquettes portrait uniquement. Rien ? Modifiez le texte et relancez.	세로 커버만 표시됩니다. 없으면 위 문구를 고쳐 다시 검색하세요.	Solo portadas verticales. ¿Nada? Cambia el texto y busca otra vez.	Только вертикальные обложки. Нет совпадений? Измените текст выше и повторите поиск.	Μόνο κάθετα εξώφυλλα. Δεν βρέθηκε; Αλλάξτε το κείμενο πιο πάνω και ψάξτε ξανά.	仅竖版封面。没有匹配？修改上面的文字再搜一次。	僅直式封面。沒有符合的？修改上面的文字再搜尋一次。	Solo copertine verticali. Nessun risultato? Modifica il testo sopra e cerca di nuovo.	Só capas verticais. Sem resultado? Edite o texto acima e busque de novo.	縦型カバーのみです。見つからない場合は上の文字を直して検索し直してください。	Tylko pionowe okładki. Brak wyniku? Zmień tekst powyżej i szukaj ponownie.
Preparing your library…	Bibliothek wird vorbereitet…	Préparation de la bibliothèque…	라이브러리 준비 중…	Preparando la biblioteca…	Подготовка библиотеки…	Προετοιμασία της βιβλιοθήκης σας…	正在准备你的游戏库…	正在準備你的遊戲庫…	Preparazione della libreria…	Preparando sua biblioteca…	ライブラリを準備中…	Przygotowywanie biblioteki…
Preparing…	Wird vorbereitet…	Préparation…	준비 중…	Preparando…	Подготовка…	Προετοιμασία…	准备中…	準備中…	Preparazione…	Preparando…	準備中…	Przygotowywanie…
Present — a common double-input source. Check Steam Input if you see doubled inputs.	Vorhanden — eine häufige Quelle für doppelte Eingaben. Bei Doppeleingaben Steam Input prüfen.	Présent — source fréquente de double saisie. Vérifiez Steam Input si les entrées doublent.	존재함 — 입력이 중복되는 흔한 원인입니다. 중복 입력이 보이면 Steam Input을 확인하세요.	Presente — causa habitual de entradas dobles. Revisa Steam Input si se duplican.	Присутствует — частый источник двойного ввода. Проверьте Steam Input, если видите двойные нажатия.	Υπάρχει — συνηθισμένη πηγή διπλής εισόδου. Ελέγξτε το Steam Input αν βλέπετε διπλές εισόδους.	存在 — 双重输入的常见来源。若出现重复输入，请检查 Steam Input。	存在 — 雙重輸入的常見來源。若出現重複輸入，請檢查 Steam Input。	Presente — una causa comune di doppio input. Controlla Steam Input se gli input risultano doppi.	Presente — fonte comum de entrada duplicada. Verifique o Steam Input se notar entradas duplas.	存在します — 二重入力のよくある原因です。入力が重なる場合は Steam Input を確認してください。	Obecny — częste źródło podwójnego wejścia. Sprawdź Steam Input, jeśli widzisz zdublowane wejścia.
Preserve Aspect Ratio	Seitenverhältnis beibehalten	Conserver les proportions	화면 비율 유지	Mantener la proporción	Сохранять пропорции	Διατήρηση αναλογιών	保持宽高比	保持長寬比	Mantieni proporzioni	Manter proporção	縦横比を保つ	Zachowaj proporcje
Preset	Preset	Préréglage	프리셋	Preajuste	Пресет	Προεπιλογή	预设	預設	Preset		プリセット	
Press Ⓐ on a question to open it.	Ⓐ auf einer Frage öffnet sie.	Appuie sur Ⓐ sur une question pour l'ouvrir.	질문에서 Ⓐ를 누르면 열립니다.	Pulsa Ⓐ en una pregunta para abrirla.	Нажмите Ⓐ на вопросе, чтобы открыть его.	Πατήστε Ⓐ σε μια ερώτηση για να την ανοίξετε.	在问题上按 Ⓐ 展开。	在問題上按 Ⓐ 展開。	Premi Ⓐ su una domanda per aprirla.	Pressione Ⓐ em uma pergunta para abri-la.	質問を開くには Ⓐ を押します。	Naciśnij Ⓐ na pytaniu, aby je otworzyć.
Press Ⓐ to install ClawTweaks.	Ⓐ drücken, um ClawTweaks zu installieren.	Appuyez sur Ⓐ pour installer ClawTweaks.	Ⓐ 를 누르면 ClawTweaks가 설치됩니다.	Pulsa Ⓐ para instalar ClawTweaks.	Нажмите Ⓐ, чтобы установить ClawTweaks.	Πατήστε Ⓐ για εγκατάσταση του ClawTweaks.	按 Ⓐ 安装 ClawTweaks。	按 Ⓐ 安裝 ClawTweaks。	Premi Ⓐ per installare ClawTweaks.	Pressione Ⓐ para instalar o ClawTweaks.	Ⓐ で ClawTweaks をインストールします。	Naciśnij Ⓐ, aby zainstalować ClawTweaks.
Press Ⓐ to open the download pages for the missing tools, install them, then press Ⓨ to re-check.	Ⓐ öffnet die Downloadseiten der fehlenden Tools; nach dem Installieren mit Ⓨ erneut prüfen.	Ⓐ ouvre les pages de téléchargement des outils manquants ; installez-les puis Ⓨ pour revérifier.	Ⓐ 는 빠진 도구의 다운로드 페이지를 엽니다. 설치한 뒤 Ⓨ 로 다시 확인하세요.	Ⓐ abre las páginas de descarga de las herramientas que faltan; instálalas y pulsa Ⓨ para revisar.	Нажмите Ⓐ, чтобы открыть страницы загрузки недостающих инструментов, установите их, затем нажмите Ⓨ для повторной проверки.	Πατήστε Ⓐ για να ανοίξουν οι σελίδες λήψης των εργαλείων που λείπουν, εγκαταστήστε τα και μετά πατήστε Ⓨ για επανέλεγχο.	按 Ⓐ 打开缺失工具的下载页，安装后按 Ⓨ 重新检查。	按 Ⓐ 開啟缺少工具的下載頁，安裝後按 Ⓨ 重新檢查。	Premi Ⓐ per aprire le pagine di download degli strumenti mancanti, installali, poi premi Ⓨ per ricontrollare.	Pressione Ⓐ para abrir as páginas de download das ferramentas ausentes, instale-as e pressione Ⓨ para verificar de novo.	Ⓐ で不足ツールのダウンロードページを開き、インストールしてから Ⓨ で再確認してください。	Naciśnij Ⓐ, aby otworzyć strony pobierania brakujących narzędzi, zainstaluj je, potem naciśnij Ⓨ, aby sprawdzić ponownie.
Preview versions for trying upcoming changes	Vorabversionen, um kommende Änderungen auszuprobieren	Versions d'essai pour tester les changements à venir	다가올 변경 사항을 미리 시험해 보는 버전	Versiones previas para probar los próximos cambios	Предварительные версии для проверки будущих изменений	Εκδόσεις προεπισκόπησης για δοκιμή επερχόμενων αλλαγών	用于试用后续改动的预览版	用來試用後續變更的預覽版	Versioni di anteprima per provare le novità in arrivo	Versões de prévia para testar as próximas mudanças	今後の変更を試すためのプレビュー版	Wersje zapoznawcze do testowania nadchodzących zmian
Probing controller topology	Controller-Topologie wird geprüft	Analyse de la manette	컨트롤러 구성을 확인하는 중	Analizando el mando	Определение топологии контроллера	Έλεγχος τοπολογίας χειριστηρίου	正在探测手柄拓扑	正在偵測控制器結構	Analisi della topologia del controller	Sondando a topologia do controle	コントローラー構成を確認中	Badanie topologii kontrolera
Puts the charge limit, the fan and the controller back.	Setzt Ladelimit, Lüfter und Controller zurück.	Restaure la limite de charge, le ventilateur et la manette.	충전 제한과 팬, 컨트롤러를 되돌립니다.	Restaura el límite de carga, el ventilador y el mando.	Возвращает лимит заряда, вентилятор и контроллер.	Επαναφέρει το όριο φόρτισης, τον ανεμιστήρα και το χειριστήριο.	把充电限制、风扇和手柄恢复原状。	把充電限制、風扇和控制器恢復原狀。	Ripristina limite di carica, ventola e controller.	Restaura o limite de carga, a ventoinha e o controle.	充電制限、ファン、コントローラーを元に戻します。	Przywraca limit ładowania, wentylator i kontroler.
REBOOT REQUIRED	NEUSTART NÖTIG	REDÉMARRAGE REQUIS	재부팅 필요	REINICIO NECESARIO	НУЖНА ПЕРЕЗАГРУЗКА	ΑΠΑΙΤΕΙΤΑΙ ΕΠΑΝΕΚΚΙΝΗΣΗ	需要重启	需要重新啟動	RIAVVIO NECESSARIO	REINÍCIO NECESSÁRIO	再起動が必要です	WYMAGANY RESTART
Re-check	Neu prüfen	Revérifier	다시 확인	Recomprobar	Перепроверить	Επανέλεγχος	重新检查	重新檢查	Ricontrolla	Reverificar	再確認	Sprawdź znów
Re-enables MSI's tasks, service and Game Bar widget.	Aktiviert MSIs Aufgaben, Dienst und Game-Bar-Widget wieder.	Réactive les tâches, le service et le widget Game Bar de MSI.	MSI의 작업, 서비스, 게임 바 위젯을 다시 켭니다.	Reactiva las tareas, el servicio y el widget de Game Bar de MSI.	Снова включает задачи, службу и виджет Game Bar от MSI.	Ενεργοποιεί ξανά τις εργασίες, την υπηρεσία και το widget της MSI.	重新启用 MSI 的任务、服务和 Game Bar 小组件。	重新啟用 MSI 的工作、服務和 Game Bar 小工具。	Riattiva le attività, il servizio e il widget Game Bar di MSI.	Reativa as tarefas, o serviço e o widget da Game Bar da MSI.	MSI のタスク、サービス、Game Bar ウィジェットを元に戻します。	Ponownie włącza zadania, usługę i widżet Game Bar MSI.
Reading installed apps…	Installierte Apps werden gelesen…	Lecture des apps installées…	설치된 앱을 읽는 중…	Leyendo apps instaladas…	Чтение установленных приложений…	Ανάγνωση εγκατεστημένων εφαρμογών…	正在读取已安装的应用…	正在讀取已安裝的應用程式…	Lettura delle app installate…	Lendo os apps instalados…	インストール済みアプリを読み込み中…	Odczyt zainstalowanych aplikacji…
Recent	Zuletzt	Récents	최근	Recientes	Недавние	Πρόσφατα	最近	最近	Recenti	Recentes	最近	Ostatnie
Recommendation	Empfehlung	Recommandation	권장 사항	Recomendación	Рекомендация	Σύσταση	建议	建議	Consiglio	Recomendação	おすすめ	Zalecenie
Recommended for everyday use	Empfohlen für den täglichen Gebrauch	Recommandé pour un usage quotidien	일상적인 사용에 권장	Recomendado para el uso diario	Рекомендуется для повседневного использования	Συνιστάται για καθημερινή χρήση	推荐日常使用	推薦日常使用	Consigliata per l'uso quotidiano	Recomendada para o dia a dia	普段使いにおすすめ	Zalecana do codziennego użytku
Refresh	Neu laden	Actualiser	새로 고침	Actualizar	Обновить	Ανανέωση	刷新	重新整理	Aggiorna	Atualizar	更新	Odśwież
Refresh rate	Bildwiederholrate	Rafraîchissement	주사율	Tasa de refresco	Частота обновления	Ρυθμός ανανέωσης	刷新率	更新率	Frequenza	Taxa de atualização	リフレッシュレート	Częstotliwość
Refresh status	Status neu laden	Actualiser l'état	상태 새로 고침	Actualizar estado	Обновить статус	Ανανέωση κατάστασης	刷新状态	重新整理狀態	Aggiorna stato	Atualizar status	状態を更新	Odśwież stan
Relaunching from install location...	Neustart vom Installationsort...	Redémarrage depuis l'installation...	설치 위치에서 다시 시작...	Reiniciando desde la instalación...	Перезапуск из папки установки...	Επανεκκίνηση από τη θέση εγκατάστασης...	正在从安装位置重新启动...	正在從安裝位置重新啟動...	Riavvio dalla cartella di installazione...	Reiniciando a partir da pasta de instalação...	インストール先から起動し直しています...	Ponowne uruchamianie z folderu instalacji...
Remove from Favorites	Aus Favoriten entfernen	Retirer des favoris	즐겨찾기 해제	Quitar de favoritos	Убрать из избранного	Αφαίρεση από τα αγαπημένα	从收藏中移除	從收藏中移除	Rimuovi dai preferiti	Remover dos favoritos	お気に入りから外す	Usuń z ulubionych
Remove from library	Aus Bibliothek entfernen	Retirer de la bibliothèque	라이브러리에서 제거	Quitar de la biblioteca	Убрать из библиотеки	Αφαίρεση από τη βιβλιοθήκη	从游戏库中移除	從遊戲庫中移除	Rimuovi dalla libreria	Remover da biblioteca	ライブラリから削除	Usuń z biblioteki
Remove the old version	Alte Version entfernen	Supprimer l'ancienne version	이전 버전 제거	Quitar la versión antigua	Удалить старую версию	Αφαίρεση της παλιάς έκδοσης	删除旧版本	移除舊版本	Rimuovi la versione precedente	Remover a versão antiga	古いバージョンを削除	Usuń starą wersję
Removes the app, its background helper and its scheduled task.	Entfernt die App, ihren Hintergrund-Helper und ihre geplante Aufgabe.	Supprime l'app, son helper en arrière-plan et sa tâche planifiée.	앱과 백그라운드 헬퍼, 예약 작업을 제거합니다.	Quita la app, su helper en segundo plano y su tarea programada.	Удаляет приложение, его фоновый помощник и задачу планировщика.	Αφαιρεί την εφαρμογή, τον helper της και την προγραμματισμένη εργασία της.	删除该应用、它的后台 helper 和计划任务。	移除該應用程式、它的背景 helper 和排程工作。	Rimuove l'app, il suo helper in background e la sua attività pianificata.	Remove o app, seu helper em segundo plano e sua tarefa agendada.	アプリ、バックグラウンドのヘルパー、そのタスクを削除します。	Usuwa aplikację, jej helper w tle i zadanie zaplanowane.
Removes this app and closes it.	Entfernt diese App und schließt sie.	Supprime cette app et la ferme.	이 앱을 제거하고 닫습니다.	Quita esta app y la cierra.	Удаляет это приложение и закрывает его.	Αφαιρεί αυτή την εφαρμογή και την κλείνει.	删除此应用并关闭它。	移除此應用程式並關閉它。	Rimuove questa app e la chiude.	Remove este app e o fecha.	このアプリを閉じて削除します。	Usuwa tę aplikację i ją zamyka.
Removing Center…	Entfernt Center…	Suppression de Center…	Center 제거 중…	Quitando Center…	Удаление Center…	Αφαίρεση του Center…	正在删除 Center…	正在移除 Center…	Rimozione di Center…	Removendo o Center…	Center を削除中…	Usuwanie Center…
Removing ClawTweaks…	Entfernt ClawTweaks…	Suppression de ClawTweaks…	ClawTweaks 제거 중…	Quitando ClawTweaks…	Удаление ClawTweaks…	Αφαίρεση του ClawTweaks…	正在删除 ClawTweaks…	正在移除 ClawTweaks…	Rimozione di ClawTweaks…	Removendo o ClawTweaks…	ClawTweaks を削除中…	Usuwanie ClawTweaks…
Removing leftover helper…	Übrig gebliebenen Helper entfernen…	Suppression du helper restant…	남은 헬퍼 제거 중…	Quitando el helper sobrante…	Удаление оставшегося помощника…	Αφαίρεση υπολειπόμενου helper…	正在删除残留的 helper…	正在移除殘留的 helper…	Rimozione dell'helper residuo…	Removendo helper restante…	残ったヘルパーを削除中…	Usuwanie pozostałego helpera…
Renaming looks for new cover art.	Beim Umbenennen wird neues Cover gesucht.	Renommer relance la recherche de jaquette.	이름을 바꾸면 커버를 다시 찾습니다.	Al renombrar se busca nueva portada.	Переименование ищет новые обложки.	Η μετονομασία ψάχνει για νέο εξώφυλλο.	重命名时会寻找新封面。	重新命名時會尋找新封面。	Rinominare cerca nuove copertine.	Renomear procura novas capas.	名前を変えると新しいカバーを探します。	Zmiana nazwy szuka nowych okładek.
Required tools	Benötigte Tools	Outils requis	필요한 도구	Herramientas necesarias	Нужные инструменты	Απαιτούμενα εργαλεία	必需工具	必要工具	Strumenti richiesti	Ferramentas necessárias	必要なツール	Wymagane narzędzia
Required tools (HidHide, RTSS, usbip, PawnIO) already installed.	Benötigte Tools (HidHide, RTSS, usbip, PawnIO) sind installiert.	Outils requis (HidHide, RTSS, usbip, PawnIO) déjà installés.	필요한 도구(HidHide, RTSS, usbip, PawnIO)가 이미 설치됨.	Herramientas necesarias (HidHide, RTSS, usbip, PawnIO) ya instaladas.	Нужные инструменты (HidHide, RTSS, usbip, PawnIO) уже установлены.	Τα απαιτούμενα εργαλεία (HidHide, RTSS, usbip, PawnIO) είναι ήδη εγκατεστημένα.	必需工具 (HidHide、RTSS、usbip、PawnIO) 已安装。	必要工具 (HidHide、RTSS、usbip、PawnIO) 已安裝。	Strumenti richiesti (HidHide, RTSS, usbip, PawnIO) già installati.	Ferramentas necessárias (HidHide, RTSS, usbip, PawnIO) já instaladas.	必要なツール (HidHide、RTSS、usbip、PawnIO) はインストール済みです。	Wymagane narzędzia (HidHide, RTSS, usbip, PawnIO) są już zainstalowane.
Requirements	Voraussetzungen	Prérequis	요구 사항	Requisitos	Требования	Απαιτήσεις	要求	需求	Requisiti	Requisitos	必要条件	Wymagania
Rescan	Neu laden	Rescanner	다시 검색	Reescanear	Обновить	Νέα σάρωση	重新扫描	重新掃描	Riesamina	Reexaminar	再スキャン	Skanuj znów
Reset complete	Reset fertig	Reset terminé	초기화 완료	Restablecimiento listo	Сброс завершён	Επαναφορά ολοκληρώθηκε	重置完成	重設完成	Reset completato	Redefinição concluída	リセット完了	Reset zakończony
Reset failed	Reset fehlgeschlagen	Échec du reset	초기화 실패	Fallo al restablecer	Ошибка сброса	Η επαναφορά απέτυχε	重置失败	重設失敗	Reset non riuscito	Falha na redefinição	リセットに失敗	Błąd resetu
Reset the app, or back up your profiles.	App zurücksetzen oder Profile sichern.	Réinitialiser l'app ou sauvegarder vos profils.	앱을 초기화하거나 프로필을 백업합니다.	Restablece la app o guarda tus perfiles.	Сбросьте приложение или сохраните копию профилей.	Επαναφέρετε την εφαρμογή ή κρατήστε αντίγραφο των προφίλ σας.	重置应用，或备份你的配置文件。	重設應用程式，或備份你的設定檔。	Azzera l'app o fai un backup dei profili.	Redefina o app ou faça backup dos seus perfis.	アプリをリセットするか、プロファイルをバックアップします。	Zresetuj aplikację lub zapisz kopię profili.
Resetting all ClawTweaks settings…	Setzt alle ClawTweaks-Einstellungen zurück…	Réinitialisation de tous les réglages ClawTweaks…	모든 ClawTweaks 설정을 초기화하는 중…	Restableciendo todos los ajustes de ClawTweaks…	Сброс всех настроек ClawTweaks…	Επαναφορά όλων των ρυθμίσεων ClawTweaks…	正在重置所有 ClawTweaks 设置…	正在重設所有 ClawTweaks 設定…	Azzeramento di tutte le impostazioni ClawTweaks…	Redefinindo todas as configurações do ClawTweaks…	ClawTweaks の設定をすべてリセット中…	Resetowanie wszystkich ustawień ClawTweaks…
Resolution	Auflösung	Résolution	해상도	Resolución	Разрешение	Ανάλυση	分辨率	解析度	Risoluzione	Resolução	解像度	Rozdzielczość
Restart	Neu starten	Redémarrer	다시 시작	Reiniciar	Перезапуск	Επανεκκίνηση	重新启动	重新啟動	Riavvia	Reiniciar	再起動	Restartuj
Restore	Zurücksetzen	Restaurer	되돌리기	Restaurar	Восстановить	Επαναφορά	还原	還原	Ripristina	Restaurar	復元	Przywróć
Restore Backup	Backup zurückspielen	Restaurer un backup	백업 복원	Restaurar copia	Восстановить копию	Επαναφορά αντιγράφου	还原备份	還原備份	Ripristina backup	Restaurar backup	バックアップの復元	Przywróć kopię
Restore Backup takes a safety copy before it writes.	Restore Backup legt vorher eine Sicherheitskopie an.	Restore Backup fait une copie de sécurité avant d'écrire.	Restore Backup은 쓰기 전에 안전 복사본을 만듭니다.	Restore Backup hace una copia de seguridad antes de escribir.	«Восстановить копию» сохраняет страховочную копию перед записью.	Η Επαναφορά αντιγράφου κρατά εφεδρικό αντίγραφο πριν γράψει.	「还原备份」写入前会先留一份副本。	「還原備份」寫入前會先留一份副本。	Ripristina backup fa una copia di sicurezza prima di scrivere.	Restaurar backup faz uma cópia de segurança antes de gravar.	「バックアップの復元」は書き込む前に控えを取ります。	Przywróć kopię zapisuje kopię bezpieczeństwa przed zapisem.
Restore complete	Zurückspielen fertig	Restauration terminée	복원 완료	Restauración lista	Восстановление завершено	Η επαναφορά ολοκληρώθηκε	还原完成	還原完成	Ripristino completato	Restauração concluída	復元完了	Przywracanie zakończone
Restore failed	Nicht zurückgespielt	Restauration échouée	복원 실패	Fallo al restaurar	Ошибка восстановления	Η επαναφορά απέτυχε	还原失败	還原失敗	Ripristino non riuscito	Falha na restauração	復元に失敗しました	Błąd przywracania
Restore the device	Gerät zurücksetzen	Restaurer l'appareil	기기 되돌리기	Restaurar el dispositivo	Восстановить устройство	Επαναφορά της συσκευής	还原设备	還原裝置	Ripristina il dispositivo	Restaurar o dispositivo	デバイスを復元	Przywróć urządzenie
Restore the device and remove everything.	Gerät zurücksetzen und alles entfernen.	Restaure l'appareil et supprime tout.	기기를 되돌리고 모두 제거합니다.	Restaura el dispositivo y lo quita todo.	Восстанавливает устройство и удаляет всё.	Επαναφέρετε τη συσκευή και αφαιρέστε τα πάντα.	还原设备并删除全部内容。	還原裝置並移除全部內容。	Ripristina il dispositivo e rimuovi tutto.	Restaura o dispositivo e remove tudo.	デバイスを復元してすべて削除します。	Przywraca urządzenie i usuwa wszystko.
Restore the device first	Erst das Gerät zurücksetzen	Restaure l'appareil d'abord	먼저 기기를 되돌리세요	Restaura el dispositivo primero	Сначала восстановите устройство	Επαναφέρετε πρώτα τη συσκευή	请先还原设备	請先還原裝置	Ripristina prima il dispositivo	Restaure o dispositivo primeiro	先にデバイスを復元してください	Najpierw przywróć urządzenie
Restore this backup?	Dieses Backup zurückholen?	Restaurer ce backup ?	이 백업을 복원할까요?	¿Restaurar esta copia?	Восстановить эту копию?	Επαναφορά αυτού του αντιγράφου;	还原这个备份？	還原這個備份？	Ripristinare questo backup?	Restaurar este backup?	このバックアップを復元しますか？	Przywrócić tę kopię?
Restoring the hardware…	Stellt die Hardware wieder her…	Restauration du matériel…	하드웨어를 되돌리는 중…	Restaurando el hardware…	Восстановление железа…	Επαναφορά του υλικού…	正在还原硬件…	正在還原硬體…	Ripristino dell'hardware…	Restaurando o hardware…	ハードウェアを復元中…	Przywracanie sprzętu…
Retro scaling	Retro-Skalierung	Échelle rétro	레트로 스케일링	Escalado retro	Ретро-масштабирование	Retro κλιμάκωση	复古缩放	復古縮放	Scaling retro	Escala retrô	レトロスケーリング	Skalowanie retro
Right stick	Rechter Stick	Stick droit	오른쪽 스틱	Stick derecho	Правый стик	Δεξιός μοχλός	右摇杆	右搖桿	Stick destro	Analógico dir.	右スティック	Prawa gałka
Right stick actions	Rechter Stick-Aktionen	Actions du stick droit	오른쪽 스틱 동작	Acciones del stick derecho	Действия правого стика	Ενέργειες δεξιού μοχλού	右摇杆动作	右搖桿動作	Azioni dello stick destro	Ações do analógico direito	右スティックの動作	Akcje prawej gałki
Right stick: right jumps to the end, left to the start	Rechter Stick: rechts ans Ende, links an den Anfang	Stick droit : à droite vers la fin, à gauche vers le début	오른쪽 스틱: 오른쪽은 끝으로, 왼쪽은 처음으로	Stick derecho: derecha al final, izquierda al inicio	Правый стик: вправо — в конец, влево — в начало	Δεξιός μοχλός: δεξιά πάει στο τέλος, αριστερά στην αρχή	右摇杆：向右跳到末尾，向左跳到开头	右搖桿：向右跳到結尾，向左跳到開頭	Stick destro: a destra salta alla fine, a sinistra all'inizio	Analógico direito: direita pula para o fim, esquerda para o início	右スティック: 右で末尾、左で先頭へ	Prawa gałka: w prawo skacze na koniec, w lewo na początek
Right trigger	Rechter Trigger	Gâchette droite	오른쪽 트리거	Gatillo derecho	Правый триггер	Δεξιά σκανδάλη	右扳机	右板機	Grilletto destro	Gatilho direito	右トリガー	Prawy spust
Route	Route	Route	경로	Ruta	Маршрут	Διαδρομή	路径	路徑	Percorso	Rota	経路	Trasa
Run	Starten	Lancer	실행	Ejecutar	Запуск	Εκτέλεση	运行	執行	Esegui	Executar	実行	Uruchom
Run in background	Im Hintergrund laufen	Exécuter en arrière-plan	백그라운드 실행	Ejecutar en segundo plano	Работать в фоне	Εκτέλεση στο παρασκήνιο	在后台运行	在背景執行	Esegui in background	Executar em segundo plano	バックグラウンドで実行	Działaj w tle
Running — it can fight ClawTweaks for the controller and LED. You'll be guided to deactivate it after the app is installed.	Läuft — es kann ClawTweaks um Controller und LED streitig machen. Nach der Installation wirst du durch das Abschalten geführt.	En cours — il peut disputer la manette et la LED à ClawTweaks. Vous serez guidé pour le désactiver après l'installation.	실행 중 — 컨트롤러와 LED를 두고 ClawTweaks와 충돌할 수 있습니다. 설치 후 비활성화 방법을 안내합니다.	En ejecución — puede disputarle a ClawTweaks el mando y el LED. Se te guiará para desactivarlo tras instalar.	Запущен — может бороться с ClawTweaks за контроллер и подсветку. После установки приложения вам помогут его отключить.	Εκτελείται — μπορεί να διεκδικήσει το χειριστήριο και το LED από το ClawTweaks. Θα καθοδηγηθείτε να το απενεργοποιήσετε μετά την εγκατάσταση.	正在运行 — 它可能与 ClawTweaks 争抢手柄和 LED。安装完成后会引导你停用它。	正在執行 — 它可能與 ClawTweaks 搶控制器和 LED。安裝完成後會引導你停用它。	In esecuzione — può contendere a ClawTweaks il controller e i LED. Verrai guidato a disattivarlo dopo l'installazione dell'app.	Em execução — pode disputar o controle e o LED com o ClawTweaks. Você será guiado para desativá-lo após instalar o app.	動作中 — コントローラーと LED を ClawTweaks と奪い合うことがあります。インストール後に無効化を案内します。	Działa — może walczyć z ClawTweaks o kontroler i LED. Po instalacji aplikacji zostaniesz poprowadzony do jego wyłączenia.
Running. Press Ⓐ to close it now. For a permanent fix, uninstall it from Windows Settings › Apps and reinstall the latest version if you still need it.	Läuft. Mit Ⓐ jetzt schließen. Dauerhaft: über Windows-Einstellungen › Apps deinstallieren und bei Bedarf die neueste Version neu installieren.	En cours. Ⓐ pour le fermer maintenant. Définitivement : désinstallez-le dans Paramètres Windows › Applications et réinstallez la dernière version si besoin.	실행 중입니다. Ⓐ 를 누르면 지금 닫습니다. 완전히 없애려면 Windows 설정 › 앱에서 제거하고 필요하면 최신 버전을 다시 설치하세요.	En ejecución. Pulsa Ⓐ para cerrarlo ahora. De forma permanente: desinstálalo en Configuración de Windows › Aplicaciones y reinstala la última versión si la necesitas.	Запущен. Нажмите Ⓐ, чтобы закрыть его сейчас. Для окончательного решения удалите его в Параметры Windows › Приложения и переустановите последнюю версию, если он вам ещё нужен.	Εκτελείται. Πατήστε Ⓐ για να κλείσει τώρα. Για μόνιμη λύση απεγκαταστήστε το από Ρυθμίσεις Windows › Εφαρμογές και εγκαταστήστε ξανά τη νεότερη έκδοση αν το χρειάζεστε.	正在运行。按 Ⓐ 立即关闭。要彻底解决，请从 Windows 设置 › 应用中卸载，需要时再装最新版。	正在執行。按 Ⓐ 立即關閉。要徹底解決，請從 Windows 設定 › 應用程式中解除安裝，需要時再裝最新版。	In esecuzione. Premi Ⓐ per chiuderlo ora. Per una soluzione definitiva disinstallalo da Impostazioni di Windows › App e reinstalla l'ultima versione se ti serve ancora.	Em execução. Pressione Ⓐ para fechá-lo agora. Para resolver de vez, desinstale-o em Configurações do Windows › Aplicativos e reinstale a versão mais recente se ainda precisar dele.	動作中です。Ⓐ で今すぐ閉じられます。恒久的に直すには Windows の設定 › アプリから削除し、必要なら最新版を入れ直してください。	Działa. Naciśnij Ⓐ, aby go teraz zamknąć. Aby rozwiązać to na stałe, odinstaluj go w Ustawienia Windows › Aplikacje i zainstaluj najnowszą wersję, jeśli nadal go potrzebujesz.
Save	Speichern	Sauver	저장	Guardar	Сохранить	Αποθήκευση	保存	儲存	Salva	Salvar	保存	Zapisz
Saves all your profiles and settings into a single ZIP. The Game Bar is briefly closed so the widget's data can be copied — reopen it (Win+G) afterwards.	Sichert alle Profile und Einstellungen in eine ZIP-Datei. Die Game Bar wird kurz geschlossen, damit die Widget-Daten kopiert werden können — danach mit Win+G wieder öffnen.	Enregistre tous vos profils et réglages dans un seul ZIP. La Game Bar se ferme brièvement pour copier les données du widget — rouvrez-la avec Win+G.	모든 프로필과 설정을 하나의 ZIP으로 저장합니다. 위젯 데이터를 복사하기 위해 Game Bar가 잠시 닫히므로 나중에 Win+G로 다시 여세요.	Guarda todos tus perfiles y ajustes en un único ZIP. La Game Bar se cierra un momento para copiar los datos del widget — reábrela con Win+G.	Сохраняет все профили и настройки в один ZIP. Game Bar ненадолго закрывается, чтобы скопировать данные виджета — откройте его снова (Win+G).	Αποθηκεύει όλα τα προφίλ και τις ρυθμίσεις σας σε ένα ZIP. Το Game Bar κλείνει για λίγο ώστε να αντιγραφούν τα δεδομένα του widget — ανοίξτε το ξανά (Win+G) μετά.	把所有配置文件和设置保存成一个 ZIP。Game Bar 会短暂关闭以便复制小组件的数据 — 完成后请用 (Win+G) 重新打开。	把所有設定檔和設定存成一個 ZIP。Game Bar 會短暫關閉以便複製小工具的資料 — 完成後請用 (Win+G) 重新開啟。	Salva tutti i profili e le impostazioni in un unico ZIP. La Game Bar viene chiusa brevemente per copiare i dati del widget — riaprila (Win+G) dopo.	Salva todos os perfis e configurações em um único ZIP. A Game Bar fecha por um instante para copiar os dados do widget — reabra-a (Win+G) depois.	プロファイルと設定をすべて 1 つの ZIP に保存します。ウィジェットのデータを写すため Game Bar を一時的に閉じます — 終わったら (Win+G) で開き直してください。	Zapisuje wszystkie profile i ustawienia w jednym ZIP-ie. Game Bar zostaje na chwilę zamknięty, aby skopiować dane widżetu — otwórz go potem (Win+G).
Saves your session to disk.	Speichert deine Sitzung auf die Platte.	Enregistre ta session sur le disque.	세션을 디스크에 저장합니다.	Guarda tu sesión en el disco.	Сохраняет сессию на диск.	Αποθηκεύει τη συνεδρία σας στον δίσκο.	把会话保存到磁盘。	把工作階段存到磁碟。	Salva la sessione su disco.	Salva sua sessão no disco.	セッションをディスクに保存します。	Zapisuje sesję na dysku.
Search	Suchen	Rechercher	검색	Buscar	Поиск	Αναζήτηση	搜索	搜尋	Cerca	Buscar	検索	Szukaj
Search SteamGridDB for a different cover	Auf SteamGridDB ein anderes Cover suchen	Chercher une autre jaquette sur SteamGridDB	SteamGridDB에서 다른 커버 찾기	Busca otra portada en SteamGridDB	Искать другую обложку в SteamGridDB	Αναζήτηση άλλου εξωφύλλου στο SteamGridDB	在 SteamGridDB 上搜索其他封面	在 SteamGridDB 上搜尋其他封面	Cerca un'altra copertina su SteamGridDB	Buscar outra capa no SteamGridDB	SteamGridDB で別のカバーを検索	Szukaj innej okładki w SteamGridDB
Searching…	Suche läuft…	Recherche…	검색 중…	Buscando…	Поиск…	Αναζήτηση…	搜索中…	搜尋中…	Ricerca…	Buscando…	検索中…	Szukanie…
Select	Auswählen	Choisir	선택	Seleccionar	Выбрать	Επιλογή	选择	選擇	Seleziona	Selecionar	選択	Wybierz
Set a SteamGridDB key in Settings first	Erst einen SteamGridDB-Key in den Einstellungen setzen	Définissez d'abord une clé SteamGridDB	먼저 설정에서 SteamGridDB 키를 입력하세요	Define antes una clave de SteamGridDB	Сначала задайте ключ SteamGridDB в настройках	Ορίστε πρώτα κλειδί SteamGridDB στις Ρυθμίσεις	请先在设置中填写 SteamGridDB 密钥	請先在設定中填寫 SteamGridDB 金鑰	Imposta prima una chiave SteamGridDB nelle Impostazioni	Defina uma chave SteamGridDB nas Configurações primeiro	先に設定で SteamGridDB のキーを登録してください	Najpierw ustaw klucz SteamGridDB w Ustawieniach
Set as cover	Als Cover setzen	Définir en cover	커버로 설정	Usar de portada	Сделать обложкой	Ορισμός ως εξώφυλλο	设为封面	設為封面	Usa come copertina	Usar como capa	カバーに設定	Ustaw jako okładkę
Set the library as the screen Center opens on in Library Settings.	In den Library Settings die Bibliothek als Startbildschirm setzen.	Dans Library Settings, choisis la bibliothèque comme écran de départ.	Library Settings에서 라이브러리를 시작 화면으로 지정하세요.	En Library Settings elige la biblioteca como pantalla de inicio.	Сделайте библиотеку стартовым экраном Center в настройках библиотеки.	Ορίστε τη βιβλιοθήκη ως οθόνη εκκίνησης του Center στις Ρυθμίσεις βιβλιοθήκης.	在游戏库设置中把游戏库设为 Center 启动时打开的页面。	在遊戲庫設定中把遊戲庫設為 Center 啟動時開啟的畫面。	Imposta la libreria come schermata iniziale di Center in Impostazioni libreria.	Defina a biblioteca como tela inicial do Center em Configurações da biblioteca.	ライブラリ設定で、Center が開く画面をライブラリにできます。	Ustaw bibliotekę jako ekran startowy Center w Ustawieniach biblioteki.
Set up Center M, controller and Game Bar.	Center M, Controller und Game Bar einrichten.	Configurer Center M, la manette et Game Bar.	Center M, 컨트롤러, Game Bar를 설정합니다.	Configura Center M, el mando y Game Bar.	Настройте Center M, контроллер и Game Bar.	Ρυθμίστε το Center M, το χειριστήριο και το Game Bar.	设置 Center M、手柄和 Game Bar。	設定 Center M、控制器和 Game Bar。	Configura Center M, controller e Game Bar.	Configure o Center M, o controle e a Game Bar.	Center M、コントローラー、Game Bar を設定します。	Skonfiguruj Center M, kontroler i Game Bar.
Set your status	Deinen Status setzen	Définir ton statut	상태 설정	Establecer tu estado	Установить статус	Ορισμός κατάστασης	设置你的状态	設定你的狀態	Imposta il tuo stato	Definir seu status	ステータスを設定	Ustaw swój status
Set. Covers are downloaded for games with none.	Gesetzt. Fehlende Cover werden geladen.	Défini. Les jaquettes manquantes sont téléchargées.	설정됨. 없는 커버를 내려받습니다.	Definida. Se descargan las portadas que faltan.	Задан. Обложки загружаются для игр, у которых их нет.	Ορίστηκε. Κατεβαίνουν εξώφυλλα για παιχνίδια που δεν έχουν.	已设置。没有封面的游戏会自动下载。	已設定。沒有封面的遊戲會自動下載。	Impostata. Le copertine vengono scaricate per i giochi che non ne hanno.	Definida. Capas são baixadas para jogos sem capa.	設定済み。カバーが無いゲームは自動で取得します。	Ustawiono. Okładki są pobierane dla gier, które ich nie mają.
Setting cover…	Cover wird gesetzt…	Application…	커버 적용 중…	Aplicando portada…	Установка обложки…	Ορισμός εξωφύλλου…	正在设置封面…	正在設定封面…	Imposto la copertina…	Definindo a capa…	カバーを設定中…	Ustawianie okładki…
Settings	Einstellungen	Paramètres	설정	Ajustes	Настройки	Ρυθμίσεις	设置	設定	Impostazioni	Configurações	設定	Ustawienia
Settings reset.	Zurückgesetzt.	Réglages réinitialisés.	설정을 초기화했습니다.	Ajustes restablecidos.	Настройки сброшены.	Οι ρυθμίσεις επανήλθαν.	设置已重置。	設定已重設。	Impostazioni azzerate.	Configurações zeradas.	設定をリセットしました。	Ustawienia zresetowane.
Show the certificate in Explorer	Zertifikat im Explorer zeigen	Voir le certificat dans l'Explorateur	탐색기에서 인증서 보기	Ver el certificado en el Explorador	Показать сертификат в Проводнике	Εμφάνιση του πιστοποιητικού στην Εξερεύνηση	在资源管理器中显示证书	在檔案總管中顯示憑證	Mostra il certificato in Esplora file	Mostrar o certificado no Explorador	証明書をエクスプローラーで表示	Pokaż certyfikat w Eksploratorze
Shows your installed Steam, Xbox and Epic games.	Zeigt deine installierten Steam-, Xbox- und Epic-Spiele.	Affiche vos jeux Steam, Xbox et Epic installés.	설치된 Steam, Xbox, Epic 게임을 보여줍니다.	Muestra tus juegos instalados de Steam, Xbox y Epic.	Показывает установленные игры Steam, Xbox и Epic.	Δείχνει τα εγκατεστημένα παιχνίδια σας από Steam, Xbox και Epic.	显示你已安装的 Steam、Xbox 和 Epic 游戏。	顯示你已安裝的 Steam、Xbox 和 Epic 遊戲。	Mostra i giochi Steam, Xbox ed Epic installati.	Mostra seus jogos Steam, Xbox e Epic instalados.	インストール済みの Steam、Xbox、Epic のゲームを表示します。	Pokazuje zainstalowane gry Steam, Xbox i Epic.
Shut down	Herunterfahren	Éteindre	종료	Apagar	Выключить	Τερματισμός	关机	關機	Arresta	Desligar	シャットダウン	Wyłącz
Signing certificate	Signaturzertifikat	Certificat de signature	서명 인증서	Certificado de firma	Сертификат подписи	Πιστοποιητικό υπογραφής	签名证书	簽署憑證	Certificato di firma	Certificado de assinatura	署名証明書	Certyfikat podpisu
Some hardware commands could not be sent.	Manche Hardware-Befehle konnten nicht gesendet werden.	Certaines commandes matérielles n'ont pas pu être envoyées.	일부 하드웨어 명령을 보내지 못했습니다.	No se pudieron enviar algunos comandos de hardware.	Некоторые команды железу отправить не удалось.	Κάποιες εντολές υλικού δεν στάλθηκαν.	部分硬件指令未能发送。	部分硬體指令未能送出。	Alcuni comandi hardware non sono stati inviati.	Alguns comandos de hardware não puderam ser enviados.	一部のハードウェア命令を送れませんでした。	Nie udało się wysłać niektórych poleceń sprzętowych.
Square ROM art	Quadratische ROM-Cover	Jaquettes ROM carrées	정사각형 ROM 아트	Portadas ROM cuadradas	Квадратные обложки ROM	Τετράγωνα εξώφυλλα ROM	方形 ROM 图	方形 ROM 圖	Copertine ROM quadrate	Capas de ROM quadradas	正方形の ROM 画像	Kwadratowe okładki ROM
Start	Start	Accueil	시작	Inicio	Старт	Έναρξη	开始	開始	Avvia	Iniciar	開始	
Start Center with ClawTweaks	Center mit ClawTweaks starten	Démarrer Center avec ClawTweaks	ClawTweaks와 함께 시작	Iniciar Center con ClawTweaks	Запускать Center с ClawTweaks	Εκκίνηση του Center με το ClawTweaks	随 ClawTweaks 启动 Center	隨 ClawTweaks 啟動 Center	Avvia Center con ClawTweaks	Iniciar o Center com o ClawTweaks	ClawTweaks と一緒に Center を起動	Uruchamiaj Center z ClawTweaks
Start in the library	In der Bibliothek starten	Démarrer dans la bibliothèque	라이브러리로 시작	Empezar en la biblioteca	Запускать в библиотеке	Εκκίνηση στη βιβλιοθήκη	在游戏库中启动	在遊戲庫中啟動	Avvia nella libreria	Iniciar na biblioteca	ライブラリで起動	Uruchamiaj w bibliotece
Start menu, desktop and startup	Startmenü, Desktop und Autostart	Menu Démarrer, bureau et démarrage	시작 메뉴, 바탕 화면, 시작 프로그램	Menú Inicio, escritorio y arranque	Меню «Пуск», рабочий стол и автозапуск	Έναρξη, επιφάνεια εργασίας, αυτόματη εκκίνηση	开始菜单、桌面和启动项	開始功能表、桌面和啟動項	Menu Start, desktop e avvio	Menu Iniciar, área de trabalho e inicialização	スタートメニュー、デスクトップ、スタートアップ	Menu Start, pulpit i autostart
Started from Windows	Von Windows gestartet	Lancé par Windows	Windows에서 시작됨	Iniciado por Windows	Запущено из Windows	Ξεκίνησε από τα Windows	由 Windows 启动	由 Windows 啟動	Avviato da Windows	Iniciado pelo Windows	Windows から起動	Uruchomiono z Windows
Starting…	Wird gestartet…	Démarrage…	시작 중…	Iniciando…	Запуск…	Εκκίνηση…	正在启动…	正在啟動…	Avvio…	Iniciando…	起動中…	Uruchamianie…
Stay open	Offen lassen	Rester ouvert	열어 두기	Dejar abierto	Не закрывать	Παραμονή	保持打开	保持開啟	Resta aperto	Manter aberto	開いたまま	Zostaw otwarte
Steam Xbox filter driver	Steam-Xbox-Filtertreiber	Pilote de filtre Steam Xbox	Steam Xbox 필터 드라이버	Filtro Xbox de Steam	Драйвер-фильтр Xbox от Steam	Οδηγός φίλτρου Xbox του Steam	Steam 的 Xbox 过滤驱动	Steam 的 Xbox 篩選驅動程式	Driver filtro Xbox di Steam	Driver de filtro Xbox do Steam	Steam の Xbox フィルタードライバー	Sterownik filtra Xbox Steam
Steam asks you where to put it.	Steam fragt, wohin es soll.	Steam demande où l'installer.	Steam이 설치 위치를 묻습니다.	Steam te pregunta dónde ponerlo.	Steam спросит, куда её поставить.	Το Steam σας ρωτά πού θα το βάλει.	Steam 会询问放在哪里。	Steam 會詢問放在哪裡。	Steam ti chiede dove metterlo.	O Steam pergunta onde colocá-lo.	保存先は Steam が尋ねます。	Steam zapyta, gdzie ją umieścić.
Steam cover art is found automatically.	Steam-Cover werden automatisch gefunden.	Les jaquettes Steam sont trouvées automatiquement.	Steam 커버는 자동으로 찾습니다.	Las portadas de Steam se buscan solas.	Обложки Steam находятся автоматически.	Τα εξώφυλλα του Steam βρίσκονται αυτόματα.	Steam 封面会自动找到。	Steam 封面會自動找到。	Le copertine Steam vengono trovate da sole.	As capas do Steam são encontradas automaticamente.	Steam のカバーは自動で見つかります。	Okładki Steam są znajdowane automatycznie.
Steam has taken over. The download shows in Recent.	Steam hat übernommen. Der Download steht unter Zuletzt.	Steam a pris le relais. Le téléchargement apparaît dans Récents.	Steam이 이어서 처리합니다. 다운로드는 최근 항목에 표시됩니다.	Steam se encarga. La descarga aparece en Recientes.	Steam взял управление. Загрузка видна в «Недавних».	Το Steam ανέλαβε. Η λήψη φαίνεται στα Πρόσφατα.	Steam 已接手。下载会显示在「最近」中。	Steam 已接手。下載會顯示在「最近」中。	Steam ha preso il controllo. Il download compare in Recent.	O Steam assumiu. O download aparece em Recentes.	Steam が引き継ぎました。ダウンロードは「最近」に表示されます。	Steam przejął pobieranie. Widać je w Ostatnich.
SteamGridDB key	SteamGridDB-Key	Clé SteamGridDB	SteamGridDB 키	Clave de SteamGridDB	Ключ SteamGridDB	Κλειδί SteamGridDB	SteamGridDB 密钥	SteamGridDB 金鑰	Chiave SteamGridDB	Chave SteamGridDB	SteamGridDB キー	Klucz SteamGridDB
Step 1 has not run. After this, nothing on the device can switch the charge limit off or hand the fan back to firmware.	Schritt 1 lief noch nicht. Danach kann nichts auf dem Gerät das Ladelimit ausschalten oder den Lüfter an die Firmware zurückgeben.	L'étape 1 n'a pas été lancée. Ensuite, plus rien sur l'appareil ne pourra désactiver la limite de charge ni rendre le ventilateur au firmware.	1단계를 아직 실행하지 않았습니다. 이후에는 기기에서 충전 제한을 끄거나 팬을 펌웨어에 넘길 수 없습니다.	El paso 1 no se ha ejecutado. Después, nada en el dispositivo podrá desactivar el límite de carga ni devolver el ventilador al firmware.	Шаг 1 не выполнен. После этого ничто на устройстве не сможет выключить лимит заряда или вернуть вентилятор прошивке.	Το βήμα 1 δεν έχει εκτελεστεί. Μετά από αυτό, τίποτα στη συσκευή δεν μπορεί να σβήσει το όριο φόρτισης ή να επιστρέψει τον ανεμιστήρα στο firmware.	第 1 步尚未执行。在这之后，设备上没有任何东西能关掉充电限制或把风扇交回固件。	第 1 步尚未執行。在這之後，裝置上沒有任何東西能關掉充電限制或把風扇交回韌體。	Il passo 1 non è stato eseguito. Dopo, nulla sul dispositivo potrà disattivare il limite di carica o restituire la ventola al firmware.	A etapa 1 não foi executada. Depois disso, nada no dispositivo poderá desligar o limite de carga ou devolver a ventoinha ao firmware.	手順 1 が実行されていません。これ以降、デバイス上で充電制限を解除したりファンをファームウェアに戻したりできるものはありません。	Krok 1 nie został wykonany. Potem nic na urządzeniu nie wyłączy limitu ładowania ani nie odda wentylatora firmware.
Stick deadzone	Stick-Deadzone	Zone morte stick	스틱 데드존	Zona muerta del stick	Мёртвая зона стика	Νεκρή ζώνη μοχλού	摇杆死区	搖桿死區	Zona morta stick	Zona morta do analógico	スティックの遊び	Martwa strefa gałki
Stretch	Gestreckt	Étiré	늘이기	Estirado	Растянуть	Τέντωμα	拉伸	拉伸	Estendi	Esticar	引き伸ばす	Rozciągnij
System	System	Système	시스템	Sistema	Система	Σύστημα	系统	系統	Sistema	Sistema	システム	
System language	Systemsprache	Langue du système	시스템 언어	Idioma del sistema	Язык системы	Γλώσσα συστήματος	系统语言	系統語言	Lingua di sistema	Idioma do sistema	システムの言語	Język systemu
TDP boost	TDP-Boost	Boost TDP	TDP 부스트	Boost de TDP	Boost TDP	Boost TDP	TDP 加速	TDP 加速	Boost TDP	Boost de TDP	TDP ブースト	Boost TDP
Test versions	Testversionen	Versions de test	테스트 버전	Versiones de prueba	Тестовые версии	Δοκιμαστικές εκδόσεις	测试版本	測試版本	Versioni di test	Versões de teste	テスト版	Wersje testowe
That is what makes the extra controller features possible.	Erst dadurch sind die zusätzlichen Controller-Funktionen möglich.	C'est ce qui rend possibles les fonctions supplémentaires de la manette.	그덜분에 추가 컨트롤러 기능을 사용할 수 있습니다.	Eso es lo que hace posibles las funciones adicionales del mando.	Именно это делает возможными дополнительные функции контроллера.	Αυτό είναι που κάνει δυνατές τις πρόσθετες λειτουργίες χειριστηρίου.	正是它让额外的手柄功能成为可能。	正是它讓額外的控制器功能成為可能。	È ciò che rende possibili le funzioni extra del controller.	É isso que torna possíveis os recursos extras do controle.	それが追加のコントローラー機能を可能にしています。	To właśnie umożliwia dodatkowe funkcje kontrolera.
That key was rejected.	Der Key wurde abgelehnt.	Cette clé a été refusée.	키가 거부되었습니다.	Esa clave fue rechazada.	Этот ключ отклонён.	Το κλειδί απορρίφθηκε.	该密钥被拒绝。	該金鑰被拒絕。	Chiave rifiutata.	Essa chave foi rejeitada.	そのキーは拒否されました。	Ten klucz został odrzucony.
The charge limit, the fan curve and the controller mode can only be reset by ClawTweaks. Install it again to restore them, then come back here. You can still uninstall Center.	Ladelimit, Lüfterkurve und Controller-Modus kann nur ClawTweaks zurücksetzen. Installiere es erneut, setze zurück und komm hierher zurück. Center lässt sich trotzdem deinstallieren.	Seul ClawTweaks peut réinitialiser la limite de charge, la courbe du ventilateur et le mode manette. Réinstalle-le, puis reviens ici. Tu peux quand même désinstaller Center.	충전 제한, 팬 커브, 컨트롤러 모드는 ClawTweaks만 되돌릴 수 있습니다. 다시 설치한 뒤 여기로 돌아오세요. Center는 그래도 제거할 수 있습니다.	Solo ClawTweaks puede restablecer el límite de carga, la curva del ventilador y el modo del mando. Vuelve a instalarlo y regresa aquí. Aun así puedes desinstalar Center.	Лимит заряда, кривую вентилятора и режим контроллера может сбросить только ClawTweaks. Установите его снова, чтобы восстановить их, затем вернитесь сюда. Center всё ещё можно удалить.	Το όριο φόρτισης, η καμπύλη ανεμιστήρα και η λειτουργία χειριστηρίου επαναφέρονται μόνο από το ClawTweaks. Εγκαταστήστε το ξανά για να τα επαναφέρετε και επιστρέψτε εδώ. Μπορείτε ακόμη να απεγκαταστήσετε το Center.	充电限制、风扇曲线和手柄模式只能由 ClawTweaks 重置。重新安装它来恢复，然后回到这里。你仍然可以卸载 Center。	充電限制、風扇曲線和控制器模式只能由 ClawTweaks 重設。重新安裝它來恢復，然後回到這裡。你仍然可以解除安裝 Center。	Limite di carica, curva della ventola e modalità controller possono essere ripristinati solo da ClawTweaks. Reinstallalo per ripristinarli, poi torna qui. Puoi comunque disinstallare Center.	O limite de carga, a curva da ventoinha e o modo do controle só podem ser restaurados pelo ClawTweaks. Instale-o de novo para restaurá-los e volte aqui. Você ainda pode desinstalar o Center.	充電制限、ファンカーブ、コントローラーモードは ClawTweaks でしか戻せません。入れ直してから、ここに戻ってください。Center のアンインストールは今もできます。	Limit ładowania, krzywą wentylatora i tryb kontrolera może przywrócić tylko ClawTweaks. Zainstaluj go ponownie, aby je przywrócić, potem wróć tutaj. Nadal możesz odinstalować Center.
The controller did not confirm — check it before you unplug.	Der Controller hat nicht bestätigt — prüfe ihn, bevor du abziehst.	La manette n'a pas confirmé — vérifie-la avant de débrancher.	컨트롤러가 확인되지 않았습니다. 분리하기 전에 확인하세요.	El mando no confirmó — compruébalo antes de desconectar.	Контроллер не подтвердил — проверьте его перед отключением.	Το χειριστήριο δεν επιβεβαίωσε — ελέγξτε το πριν το αποσυνδέσετε.	手柄没有确认 — 拔线前请检查。	控制器沒有確認 — 拔線前請檢查。	Il controller non ha confermato — controllalo prima di scollegare.	O controle não confirmou — verifique antes de desconectar.	コントローラーが応答しませんでした — 外す前に確認してください。	Kontroler nie potwierdził — sprawdź go przed odłączeniem.
The device can be restored	Das Gerät lässt sich zurücksetzen	L'appareil peut être restauré	기기를 되돌릴 수 있습니다	El dispositivo puede restaurarse	Устройство можно восстановить	Η συσκευή μπορεί να επαναφερθεί	设备可以还原	裝置可以還原	Il dispositivo può essere ripristinato	O dispositivo pode ser restaurado	デバイスを復元できます	Urządzenie można przywrócić
The helper did not confirm in time.	Der Helper hat nicht rechtzeitig bestätigt.	Le helper n'a pas confirmé à temps.	헬퍼가 제때 확인하지 않았습니다.	El helper no confirmó a tiempo.	Помощник не подтвердил вовремя.	Ο helper δεν επιβεβαίωσε εγκαίρως.	helper 未能及时确认。	helper 未能及時確認。	L'helper non ha confermato in tempo.	O helper não confirmou a tempo.	ヘルパーが時間内に応答しませんでした。	Helper nie potwierdził na czas.
The helper is not answering	Der Helper antwortet nicht	Le helper ne répond pas	헬퍼가 응답하지 않습니다	El helper no responde	Помощник не отвечает	Ο helper δεν απαντά	helper 没有响应	helper 沒有回應	L'helper non risponde	O helper não responde	ヘルパーが応答しません	Helper nie odpowiada
The library comes back when the game ends.	Die Bibliothek kommt nach Spielende zurück.	La bibliothèque revient à la fin du jeu.	게임이 끝나면 라이브러리로 돌아옵니다.	La biblioteca vuelve al terminar el juego.	Библиотека возвращается, когда игра завершается.	Η βιβλιοθήκη επιστρέφει όταν τελειώσει το παιχνίδι.	游戏结束后游戏库会回来。	遊戲結束後遊戲庫會回來。	La libreria torna quando il gioco finisce.	A biblioteca volta quando o jogo termina.	ゲームが終わるとライブラリに戻ります。	Biblioteka wraca po zakończeniu gry.
The native controller must be clean before the virtual controller mode can work. In virtual mode the physical pad is hidden and one virtual VIIPER controller is active; in hardware mode the physical pad is used directly.	Der native Controller muss sauber sein, bevor der virtuelle Controller-Modus funktioniert. Im virtuellen Modus wird der physische Pad versteckt und ein virtueller VIIPER-Controller ist aktiv; im Hardware-Modus wird der physische Pad direkt benutzt.	La manette native doit être propre avant que le mode virtuel puisse fonctionner. En mode virtuel la manette physique est masquée et une manette VIIPER virtuelle est active ; en mode matériel la manette physique est utilisée directement.	가상 컨트롤러 모드가 동작하려면 기본 컨트롤러가 깨끗해야 합니다. 가상 모드에서는 물리 패드가 숨겨지고 VIIPER 가상 컨트롤러가 활성화되며, 하드웨어 모드에서는 물리 패드를 직접 사용합니다.	El mando nativo debe estar limpio antes de que funcione el modo de mando virtual. En modo virtual el mando físico se oculta y hay un mando virtual VIIPER activo; en modo hardware se usa el mando físico directamente.	Родной контроллер должен быть чистым, прежде чем заработает виртуальный режим. В виртуальном режиме физический геймпад скрыт и активен один виртуальный контроллер VIIPER; в аппаратном режиме физический геймпад используется напрямую.	Το εγγενές χειριστήριο πρέπει να είναι καθαρό πριν λειτουργήσει η εικονική λειτουργία. Στην εικονική λειτουργία το φυσικό χειριστήριο κρύβεται και είναι ενεργό ένα εικονικό χειριστήριο VIIPER· στη λειτουργία υλικού χρησιμοποιείται απευθείας το φυσικό.	原生手柄必须处于干净状态，虚拟手柄模式才能工作。虚拟模式下物理手柄被隐藏，只有一个虚拟 VIIPER 手柄在工作；硬件模式下直接使用物理手柄。	原生控制器必須處於乾淨狀態，虛擬控制器模式才能運作。虛擬模式下實體控制器被隱藏，只有一個虛擬 VIIPER 控制器在運作；硬體模式下直接使用實體控制器。	Il controller nativo deve essere pulito prima che la modalità virtuale possa funzionare. In modalità virtuale il pad fisico è nascosto ed è attivo un controller virtuale VIIPER; in modalità hardware il pad fisico viene usato direttamente.	O controle nativo precisa estar limpo antes que o modo de controle virtual funcione. No modo virtual o controle físico fica oculto e um controle virtual VIIPER fica ativo; no modo hardware o controle físico é usado diretamente.	仮想コントローラーモードを使うには、本体のコントローラーがきれいな状態である必要があります。仮想モードでは物理パッドが隠され、仮想 VIIPER コントローラーが 1 台有効になります。ハードウェアモードでは物理パッドをそのまま使います。	Natywny kontroler musi być czysty, zanim tryb wirtualnego kontrolera zadziała. W trybie wirtualnym fizyczny pad jest ukryty i aktywny jest jeden wirtualny kontroler VIIPER; w trybie sprzętowym fizyczny pad jest używany bezpośrednio.
The newest changes, least tested	Die neuesten Änderungen, am wenigsten getestet	Les changements les plus récents, les moins testés	가장 새로운 변경, 가장 적게 검증됨	Los cambios más nuevos, los menos probados	Самые новые изменения, меньше всего проверены	Οι νεότερες αλλαγές, λιγότερο δοκιμασμένες	最新的改动，测试最少	最新的變更，測試最少	Le novità più recenti, meno testate	As mudanças mais novas, menos testadas	最新の変更、テストは最少	Najnowsze zmiany, najmniej przetestowane
The old helper exited on its own.	Der alte Helper hat sich selbst beendet.	L'ancien assistant s'est arrêté tout seul.	이전 헬퍼가 스스로 종료되었습니다.	El asistente anterior se cerró solo.	Старый помощник завершился сам.	Ο παλιός helper τερμάτισε μόνος του.	旧的 helper 已自行退出。	舊的 helper 已自行結束。	Il vecchio helper si è chiuso da solo.	O helper antigo saiu sozinho.	古いヘルパーは自分で終了しました。	Stary helper zakończył pracę sam.
The old version's uninstaller is running — confirm its prompt. This notice disappears once it's gone (press Ⓨ to refresh).	Die Deinstallation der alten Version läuft — bestätige ihre Abfrage. Der Hinweis verschwindet, sobald sie weg ist (Ⓨ aktualisiert).	Le désinstalleur de l'ancienne version tourne — confirmez sa demande. Cet avis disparaît une fois terminé (Ⓨ pour actualiser).	이전 버전의 제거 프로그램이 실행 중입니다 — 표시되는 확인을 눌러 주세요. 제거되면 이 안내는 사라집니다 (Ⓨ로 새로 고침).	El desinstalador de la versión antigua está en marcha — confirma su aviso. Este mensaje desaparece cuando termine (Ⓨ para actualizar).	Запущен деинсталлятор старой версии — подтвердите его запрос. Это уведомление исчезнет, когда он завершится (нажмите Ⓨ для обновления).	Εκτελείται η απεγκατάσταση της παλιάς έκδοσης — επιβεβαιώστε το μήνυμά της. Η ειδοποίηση εξαφανίζεται μόλις φύγει (πατήστε Ⓨ για ανανέωση).	旧版本的卸载程序正在运行 — 请确认它的提示。它消失后此提示也会消失 (按 Ⓨ 刷新)。	舊版本的解除安裝程式正在執行 — 請確認它的提示。它消失後此提示也會消失 (按 Ⓨ 重新整理)。	Il programma di disinstallazione della vecchia versione è in esecuzione — conferma la sua richiesta. Questo avviso sparisce quando ha finito (premi Ⓨ per aggiornare).	O desinstalador da versão antiga está em execução — confirme o pedido dele. Este aviso some quando terminar (pressione Ⓨ para atualizar).	古いバージョンのアンインストーラーが動作中です — その確認に応じてください。消えると、この表示もなくなります (Ⓨ で更新)。	Deinstalator starej wersji działa — potwierdź jego monit. Ten komunikat zniknie, gdy skończy (naciśnij Ⓨ, aby odświeżyć).
The package could not be removed. Close the Game Bar and try again, or remove ClawTweaks from Settings → Apps.	Das Paket ließ sich nicht entfernen. Schließe die Game Bar und versuche es erneut, oder entferne ClawTweaks über Einstellungen → Apps.	Le paquet n'a pas pu être supprimé. Ferme le Game Bar et réessaie, ou supprime ClawTweaks depuis Paramètres → Applications.	패키지를 제거하지 못했습니다. 게임 바를 닫고 다시 시도하거나, 설정 → 앱에서 ClawTweaks를 제거하세요.	No se pudo quitar el paquete. Cierra la Game Bar e inténtalo otra vez, o quita ClawTweaks desde Configuración → Aplicaciones.	Не удалось удалить пакет. Закройте Game Bar и повторите или удалите ClawTweaks в Параметры → Приложения.	Το πακέτο δεν μπόρεσε να αφαιρεθεί. Κλείστε το Game Bar και δοκιμάστε ξανά ή αφαιρέστε το ClawTweaks από Ρυθμίσεις → Εφαρμογές.	无法删除该包。请关闭 Game Bar 后重试，或从设置 → 应用中删除 ClawTweaks。	無法移除該套件。請關閉 Game Bar 後重試，或從設定 → 應用程式中移除 ClawTweaks。	Impossibile rimuovere il pacchetto. Chiudi la Game Bar e riprova, oppure rimuovi ClawTweaks da Impostazioni → App.	Não foi possível remover o pacote. Feche a Game Bar e tente de novo, ou remova o ClawTweaks em Configurações → Aplicativos.	パッケージを削除できませんでした。Game Bar を閉じてやり直すか、設定 → アプリから ClawTweaks を削除してください。	Nie udało się usunąć pakietu. Zamknij Game Bar i spróbuj ponownie lub usuń ClawTweaks w Ustawienia → Aplikacje.
The package family conflicted with this update. Clearing it and retrying once…	Die Paketfamilie stand diesem Update im Weg. Sie wird geleert und einmal erneut versucht…	La famille de paquets bloquait cette mise à jour. Nettoyage puis nouvelle tentative…	패키지 제품군이 이 업데이트와 충돌했습니다. 정리한 뒤 한 번 다시 시도합니다…	La familia de paquetes bloqueó esta actualización. Se limpia y se reintenta una vez…	Семейство пакета конфликтует с этим обновлением. Очистка и одна повторная попытка…	Η οικογένεια πακέτου συγκρούστηκε με αυτή την ενημέρωση. Καθαρισμός και μία ακόμη προσπάθεια…	包系列与此更新冲突。正在清理并重试一次…	套件系列與此更新衝突。正在清除並重試一次…	La famiglia del pacchetto è in conflitto con questo aggiornamento. Pulizia e un nuovo tentativo…	A família do pacote entrou em conflito com esta atualização. Limpando e tentando mais uma vez…	パッケージファミリーがこの更新と衝突しました。消去して一度だけ再試行します…	Rodzina pakietu koliduje z tą aktualizacją. Czyszczenie i jedna ponowna próba…
The reset did not finish.	Das Zurücksetzen ist nicht durchgelaufen.	La réinitialisation n'a pas abouti.	초기화가 끝나지 않았습니다.	El restablecimiento no terminó.	Сброс не завершился.	Η επαναφορά δεν ολοκληρώθηκε.	重置没有完成。	重設沒有完成。	Il reset non è terminato.	A redefinição não terminou.	リセットが完了しませんでした。	Reset nie został ukończony.
The signing certificate uses Windows' own prompt, once per device.	Das Zertifikat nutzt Windows' eigene Abfrage, einmal pro Gerät.	Le certificat passe par la fenêtre de Windows, une fois par appareil.	서명 인증서는 Windows 자체 창을 쓰며, 기기당 한 번입니다.	El certificado usa la ventana de Windows, una vez por dispositivo.	Сертификат подписи использует собственный запрос Windows, один раз на устройство.	Το πιστοποιητικό υπογραφής χρησιμοποιεί το ίδιο το παράθυρο των Windows, μία φορά ανά συσκευή.	签名证书使用 Windows 自己的提示，每台设备一次。	簽署憑證使用 Windows 自己的提示，每台裝置一次。	Il certificato di firma usa la richiesta di Windows, una volta per dispositivo.	O certificado de assinatura usa o próprio pedido do Windows, uma vez por dispositivo.	署名証明書は Windows 自身の確認画面を使い、デバイスごとに一度だけです。	Certyfikat podpisu używa własnego monitu Windows, raz na urządzenie.
The widget shows what the helper does; it changes nothing by itself.	Das Widget zeigt, was der Helper tut; es ändert selbst nichts.	Le widget montre ce que fait le helper ; il ne change rien lui-même.	위젯은 헬퍼가 하는 일을 보여줄 뿐, 스스로 바꾸지 않습니다.	El widget muestra lo que hace el helper; no cambia nada por sí solo.	Виджет показывает, что делает помощник; сам он ничего не меняет.	Το widget δείχνει τι κάνει ο helper· από μόνο του δεν αλλάζει τίποτα.	小组件显示 helper 在做什么；它自己不改变任何东西。	小工具顯示 helper 在做什麼；它自己不改變任何東西。	Il widget mostra ciò che fa l'helper; da solo non cambia nulla.	O widget mostra o que o helper faz; sozinho ele não muda nada.	ウィジェットはヘルパーの動作を表示するだけで、それ自体は何も変えません。	Widżet pokazuje, co robi helper; sam nic nie zmienia.
The wiki page could not be read. Open it in a browser.	Die Wiki-Seite ließ sich nicht lesen. Öffne sie im Browser.	La page wiki n'a pas pu être lue. Ouvre-la dans le navigateur.	위키 문서를 읽지 못했습니다. 브라우저에서 열어 보세요.	No se pudo leer la página wiki. Ábrela en el navegador.	Не удалось прочитать страницу вики. Откройте её в браузере.	Η σελίδα wiki δεν διαβάστηκε. Ανοίξτε την στο πρόγραμμα περιήγησης.	无法读取 wiki 页面。请在浏览器中打开。	無法讀取 wiki 頁面。請在瀏覽器中開啟。	Impossibile leggere la pagina wiki. Aprila in un browser.	Não foi possível ler a página da wiki. Abra-a em um navegador.	wiki ページを読み込めませんでした。ブラウザーで開いてください。	Nie udało się odczytać strony wiki. Otwórz ją w przeglądarce.
This Setup build is outdated	Dieser Setup-Build ist veraltet	Ce build de Setup est obsolète	이 Setup 빌드는 오래되었습니다	Este build de Setup es antiguo	Эта сборка установщика устарела	Αυτή η έκδοση Setup είναι παρωχημένη	此安装程序版本已过时	此安裝程式版本已過時	Questa build del Setup è obsoleta	Este build do Setup está desatualizado	このセットアップは古いビルドです	Ta wersja instalatora jest nieaktualna
This installs an OLDER version than the one installed.	Das installiert eine ÄLTERE Version als die installierte.	Ceci installe une version PLUS ANCIENNE que celle installée.	설치된 것보다 이전 버전을 설치합니다.	Esto instala una versión MÁS ANTIGUA que la instalada.	Это установит версию СТАРЕЕ установленной.	Αυτό εγκαθιστά ΠΑΛΙΟΤΕΡΗ έκδοση από την εγκατεστημένη.	这会安装比已装版本更旧的版本。	這會安裝比已裝版本更舊的版本。	Installa una versione PIÙ VECCHIA di quella presente.	Isto instala uma versão MAIS ANTIGA que a instalada.	インストール済みより古いバージョンを入れます。	To instaluje STARSZĄ wersję niż zainstalowana.
This is a scaffold build without a bundled package, so there's nothing to install here. In a real setup bundle the .msix and .cer sit next to this exe.	Das ist ein Gerüst-Build ohne mitgeliefertes Paket, hier gibt es also nichts zu installieren. In einem echten Setup-Bündel liegen .msix und .cer neben dieser exe.	Ceci est un build d'ossature sans paquet, il n'y a donc rien à installer ici. Dans un vrai bundle, le .msix et le .cer sont à côté de cet exe.	이 빌드는 패키지가 포함되지 않은 골격 빌드라 설치할 것이 없습니다. 실제 설치 번들에서는 .msix와 .cer이 이 exe 옆에 있습니다.	Este es un build de andamiaje sin paquete, así que no hay nada que instalar. En un bundle real el .msix y el .cer están junto a este exe.	Это каркасная сборка без пакета, поэтому устанавливать здесь нечего. В настоящем комплекте установщика .msix и .cer лежат рядом с этим exe.	Αυτή είναι μια δοκιμαστική έκδοση χωρίς ενσωματωμένο πακέτο, οπότε δεν υπάρχει τίποτα να εγκατασταθεί. Σε πραγματικό setup το .msix και το .cer βρίσκονται δίπλα σε αυτό το exe.	这是一个没有打包应用的脚手架版本，这里没有可安装的内容。真正的安装包中，.msix 和 .cer 就在这个 exe 旁边。	這是一個沒有內附套件的測試組建，這裡沒有可安裝的內容。真正的安裝包中，.msix 和 .cer 就在這個 exe 旁邊。	Questa è una build scheletro senza pacchetto incluso, quindi qui non c'è nulla da installare. In un vero bundle di setup .msix e .cer stanno accanto a questo exe.	Este é um build de esqueleto sem pacote incluído, então não há nada para instalar aqui. Em um bundle de setup real, o .msix e o .cer ficam ao lado deste exe.	これはパッケージを同梱しない試作ビルドなので、ここからインストールするものはありません。本来のセットアップでは .msix と .cer がこの exe の隣にあります。	To wersja szkieletowa bez dołączonego pakietu, więc nie ma tu nic do zainstalowania. W prawdziwym pakiecie instalatora .msix i .cer leżą obok tego pliku exe.
This puts the device back and clears your ClawTweaks settings:	Das setzt das Gerät zurück und löscht deine ClawTweaks-Einstellungen:	Ceci restaure l'appareil et efface tes réglages ClawTweaks :	기기를 되돌리고 ClawTweaks 설정을 지웁니다:	Esto restaura el dispositivo y borra tus ajustes de ClawTweaks:	Это возвращает устройство в исходное состояние и очищает настройки ClawTweaks:	Αυτό επαναφέρει τη συσκευή και σβήνει τις ρυθμίσεις σας ClawTweaks:	这会让设备恢复原状并清除你的 ClawTweaks 设置：	這會讓裝置恢復原狀並清除你的 ClawTweaks 設定：	Ripristina il dispositivo e cancella le impostazioni ClawTweaks:	Isto restaura o dispositivo e apaga suas configurações do ClawTweaks:	デバイスを元に戻し、ClawTweaks の設定を消します:	To przywraca urządzenie i czyści ustawienia ClawTweaks:
This removes ClawTweaks Center and closes it.	Das entfernt ClawTweaks Center und schließt es.	Ceci supprime ClawTweaks Center et le ferme.	ClawTweaks Center를 제거하고 닫습니다.	Esto quita ClawTweaks Center y lo cierra.	Это удаляет ClawTweaks Center и закрывает его.	Αυτό αφαιρεί το ClawTweaks Center και το κλείνει.	这会删除 ClawTweaks Center 并关闭它。	這會移除 ClawTweaks Center 並關閉它。	Rimuove ClawTweaks Center e lo chiude.	Isto remove o ClawTweaks Center e o fecha.	ClawTweaks Center を削除して閉じます。	To usuwa ClawTweaks Center i go zamyka.
This removes the ClawTweaks app from Windows.	Das entfernt die ClawTweaks-App aus Windows.	Ceci supprime l'app ClawTweaks de Windows.	Windows에서 ClawTweaks 앱을 제거합니다.	Esto quita la app ClawTweaks de Windows.	Это удаляет приложение ClawTweaks из Windows.	Αυτό αφαιρεί την εφαρμογή ClawTweaks από τα Windows.	这会从 Windows 中删除 ClawTweaks 应用。	這會從 Windows 中移除 ClawTweaks 應用程式。	Rimuove l'app ClawTweaks da Windows.	Isto remove o app ClawTweaks do Windows.	ClawTweaks アプリを Windows から削除します。	To usuwa aplikację ClawTweaks z Windows.
This resets ALL ClawTweaks settings to a clean state:	Das setzt ALLE ClawTweaks-Einstellungen zurück:	Cela remet TOUS les réglages ClawTweaks à zéro :	모든 ClawTweaks 설정을 초기 상태로 되돌립니다:	Esto restablece TODOS los ajustes de ClawTweaks:	Это сбрасывает ВСЕ настройки ClawTweaks:	Αυτό επαναφέρει ΟΛΕΣ τις ρυθμίσεις ClawTweaks σε καθαρή κατάσταση:	这会把所有 ClawTweaks 设置重置为干净状态：	這會把所有 ClawTweaks 設定重設為乾淨狀態：	Azzera TUTTE le impostazioni ClawTweaks:	Isto redefine TODAS as configurações do ClawTweaks:	ClawTweaks の設定をすべてまっさらな状態に戻します:	To resetuje WSZYSTKIE ustawienia ClawTweaks:
This takes a moment.	Das dauert einen Moment.	Cela prend un instant.	잠시 걸립니다.	Esto tarda un momento.	Это займёт немного времени.	Αυτό θέλει λίγο χρόνο.	这需要一点时间。	這需要一點時間。	Ci vuole un momento.	Isto leva um momento.	少し時間がかかります。	To chwilę potrwa.
This version can't be installed	Diese Version lässt sich nicht installieren	Cette version ne peut pas être installée	이 버전은 설치할 수 없습니다	Esta versión no se puede instalar	Эту версию нельзя установить	Αυτή η έκδοση δεν μπορεί να εγκατασταθεί	无法安装此版本	無法安裝此版本	Questa versione non si può installare	Esta versão não pode ser instalada	このバージョンはインストールできません	Tej wersji nie można zainstalować
This version is already installed. Open it from the Start Menu or the ClawTweaks Game Bar widget instead of running this Setup file again.	Diese Version ist bereits installiert. Öffne sie über das Startmenü oder das ClawTweaks-Widget in der Game Bar, statt diese Setup-Datei erneut auszuführen.	Cette version est déjà installée. Ouvrez-la depuis le menu Démarrer ou le widget ClawTweaks de la Game Bar plutôt que de relancer ce fichier.	이 버전은 이미 설치되어 있습니다. 이 설치 파일을 다시 실행하지 말고 시작 메뉴나 Game Bar의 ClawTweaks 위젯에서 여세요.	Esta versión ya está instalada. Ábrela desde el menú Inicio o el widget de ClawTweaks en la Game Bar en vez de ejecutar este archivo otra vez.	Эта версия уже установлена. Откройте её из меню «Пуск» или виджета ClawTweaks в Game Bar вместо повторного запуска этого установщика.	Αυτή η έκδοση είναι ήδη εγκατεστημένη. Ανοίξτε την από το μενού Έναρξη ή από το widget ClawTweaks στο Game Bar, αντί να τρέξετε ξανά αυτό το Setup.	此版本已安装。请从开始菜单或 ClawTweaks 的 Game Bar 小组件打开，而不是再次运行此安装程序。	此版本已安裝。請從開始功能表或 ClawTweaks 的 Game Bar 小工具開啟，而不是再次執行此安裝程式。	Questa versione è già installata. Aprila dal menu Start o dal widget ClawTweaks della Game Bar invece di rilanciare questo file di Setup.	Esta versão já está instalada. Abra-a pelo menu Iniciar ou pelo widget do ClawTweaks na Game Bar em vez de executar este Setup de novo.	このバージョンはインストール済みです。このセットアップを実行し直さず、スタートメニューか ClawTweaks の Game Bar ウィジェットから開いてください。	Ta wersja jest już zainstalowana. Otwórz ją z menu Start lub z widżetu ClawTweaks w Game Bar zamiast ponownie uruchamiać ten instalator.
Timed out	Zeit abgelaufen	Délai dépassé	시간 초과	Tiempo agotado	Время истекло	Λήξη χρόνου	已超时	已逾時	Tempo scaduto	Tempo esgotado	タイムアウト	Koniec czasu
Transition to new Center App - Uninstall the old version	Umstieg auf das neue Center — alte Version deinstallieren	Passage au nouveau Center — désinstaller l'ancienne version	새 Center로 전환 — 이전 버전 제거	Cambio al nuevo Center — desinstala la versión antigua	Переход на новое приложение Center - удалите старую версию	Μετάβαση στη νέα εφαρμογή Center - απεγκατάσταση της παλιάς έκδοσης	迁移到新的 Center 应用 - 卸载旧版本	移轉到新的 Center 應用程式 - 解除安裝舊版本	Passaggio alla nuova app Center - Disinstalla la versione precedente	Transição para o novo app Center - Desinstale a versão antiga	新しい Center アプリへの移行 - 古いバージョンのアンインストール	Przejście na nową aplikację Center - odinstaluj starą wersję
Trusts the signing certificate, installs the app package, opens the Game Bar and waits for the helper. Safe to run again on an update.	Vertraut dem Signaturzertifikat, installiert das App-Paket, öffnet die Game Bar und wartet auf den Helper. Bei einem Update gefahrlos wiederholbar.	Approuve le certificat, installe le paquet, ouvre la Game Bar et attend le helper. Peut être relancé sans risque lors d'une mise à jour.	서명 인증서를 신뢰하고 앱 패키지를 설치한 뒤 Game Bar를 열고 헬퍼를 기다립니다. 업데이트 시 다시 실행해도 안전합니다.	Confía en el certificado, instala el paquete, abre la Game Bar y espera al helper. Se puede repetir sin riesgo en una actualización.	Доверяет сертификату подписи, устанавливает пакет приложения, открывает Game Bar и ждёт помощник. Безопасно запускать повторно при обновлении.	Κάνει έμπιστο το πιστοποιητικό υπογραφής, εγκαθιστά το πακέτο, ανοίγει το Game Bar και περιμένει τον helper. Μπορεί να εκτελεστεί ξανά σε ενημέρωση.	信任签名证书、安装应用包、打开 Game Bar 并等待 helper。更新时重复运行也是安全的。	信任簽署憑證、安裝應用程式套件、開啟 Game Bar 並等待 helper。更新時重複執行也是安全的。	Rende attendibile il certificato di firma, installa il pacchetto dell'app, apre la Game Bar e attende l'helper. Sicuro da rieseguire a un aggiornamento.	Confia no certificado de assinatura, instala o pacote do app, abre a Game Bar e aguarda o helper. Seguro executar de novo em uma atualização.	署名証明書を信頼し、アプリパッケージをインストールし、Game Bar を開いてヘルパーを待ちます。更新時にもう一度実行しても安全です。	Ufa certyfikatowi podpisu, instaluje pakiet aplikacji, otwiera Game Bar i czeka na helper. Można bezpiecznie uruchomić ponownie przy aktualizacji.
Turn MSI Center M back on	MSI Center M wieder einschalten	Réactiver MSI Center M	MSI Center M 다시 켜기	Volver a activar MSI Center M	Снова включить MSI Center M	Ενεργοποίηση ξανά του MSI Center M	重新打开 MSI Center M	重新開啟 MSI Center M	Riattiva MSI Center M	Religar o MSI Center M	MSI Center M を戻す	Włącz ponownie MSI Center M
Turn on	Einschalten	Activer	켜기	Activar	Включить	Ενεργοποίηση	开启	開啟	Attiva	Ligar	オンにする	Włącz
Turning MSI Center M back on…	Schaltet MSI Center M wieder ein…	Réactivation de MSI Center M…	MSI Center M을 다시 켜는 중…	Reactivando MSI Center M…	Повторное включение MSI Center M…	Ενεργοποίηση ξανά του MSI Center M…	正在重新打开 MSI Center M…	正在重新開啟 MSI Center M…	Riattivazione di MSI Center M…	Religando o MSI Center M…	MSI Center M を戻しています…	Ponowne włączanie MSI Center M…
Uninstall	Deinstallieren	Désinstaller	제거	Desinstalar	Удалить	Απεγκατάσταση	卸载	解除安裝	Disinstalla	Desinstalar	アンインストール	Odinstaluj
Uninstall Center	Center deinstallieren	Désinstaller Center	Center 제거	Desinstalar Center	Удалить Center	Απεγκατάσταση του Center	卸载 Center	解除安裝 Center	Disinstalla Center	Desinstalar o Center	Center をアンインストール	Odinstaluj Center
Update ClawTweaks Center	ClawTweaks Center aktualisieren	Mettre à jour ClawTweaks Center	ClawTweaks Center 업데이트	Actualizar ClawTweaks Center	Обновить ClawTweaks Center	Ενημέρωση του ClawTweaks Center	更新 ClawTweaks Center	更新 ClawTweaks Center	Aggiorna ClawTweaks Center	Atualizar o ClawTweaks Center	ClawTweaks Center を更新	Aktualizuj ClawTweaks Center
Update failed — see the log for details. Try again, or run as Administrator.	Update fehlgeschlagen — Details stehen im Log. Erneut versuchen oder als Administrator ausführen.	Échec de la mise à jour — voir le journal. Réessayez, ou lancez en administrateur.	업데이트 실패 — 자세한 내용은 로그를 보세요. 다시 시도하거나 관리자 권한으로 실행하세요.	Fallo al actualizar — mira el registro. Inténtalo otra vez o ejecuta como administrador.	Обновление не удалось — подробности в логе. Повторите или запустите от имени администратора.	Η ενημέρωση απέτυχε — δείτε το αρχείο καταγραφής. Δοκιμάστε ξανά ή εκτελέστε ως διαχειριστής.	更新失败 — 详情见日志。请重试，或以管理员身份运行。	更新失敗 — 詳情見記錄檔。請重試，或以系統管理員身分執行。	Aggiornamento non riuscito — vedi il log per i dettagli. Riprova, o esegui come amministratore.	Falha na atualização — veja o log para detalhes. Tente de novo ou execute como administrador.	更新に失敗しました — 詳細はログを確認してください。再試行するか、管理者として実行してください。	Aktualizacja nie powiodła się — szczegóły w logu. Spróbuj ponownie lub uruchom jako administrator.
Updates cost no prompt — the task does not carry a version number.	Updates kosten keine Abfrage — die Aufgabe trägt keine Versionsnummer.	Les mises à jour ne demandent rien — la tâche ne porte pas de version.	업데이트에는 창이 뜨지 않습니다. 작업에 버전 번호가 없기 때문입니다.	Las actualizaciones no piden nada: la tarea no lleva número de versión.	Обновления не требуют запроса — задача не содержит номера версии.	Οι ενημερώσεις δεν κοστίζουν ερώτημα — η εργασία δεν φέρει αριθμό έκδοσης.	更新不会弹出提示 — 任务本身不带版本号。	更新不會跳出提示 — 工作本身不帶版本號。	Gli aggiornamenti non chiedono nulla — l'attività non porta un numero di versione.	Atualizações não pedem confirmação — a tarefa não carrega número de versão.	更新では確認は出ません — タスクにバージョン番号が無いためです。	Aktualizacje nie wymagają monitu — zadanie nie zawiera numeru wersji.
Updating...	Aktualisiere...	Mise à jour...	업데이트 중...	Actualizando...	Обновление...	Ενημέρωση...	正在更新...	正在更新...	Aggiornamento...	Atualizando...	更新中...	Aktualizowanie...
Use Uninstall ClawTweaks here in Center instead.	Nimm stattdessen hier in Center „Uninstall ClawTweaks“.	Utilise plutôt Uninstall ClawTweaks ici dans Center.	대신 Center의 Uninstall ClawTweaks를 사용하세요.	Usa Uninstall ClawTweaks aquí en Center.	Вместо этого используйте «Удалить ClawTweaks» здесь, в Center.	Χρησιμοποιήστε την Απεγκατάσταση ClawTweaks εδώ στο Center.	请改用 Center 里的「卸载 ClawTweaks」。	請改用 Center 裡的「解除安裝 ClawTweaks」。	Usa invece Disinstalla ClawTweaks qui in Center.	Use Desinstalar o ClawTweaks aqui no Center em vez disso.	ここ Center の「ClawTweaks をアンインストール」を使ってください。	Zamiast tego użyj Odinstaluj ClawTweaks tutaj w Center.
Verifying the virtual pad…	Virtueller Pad wird geprüft…	Vérification de la manette…	가상 패드 확인 중…	Verificando el mando virtual…	Проверка виртуального геймпада…	Επαλήθευση του εικονικού χειριστηρίου…	正在校验虚拟手柄…	正在驗證虛擬控制器…	Verifica del pad virtuale…	Verificando o controle virtual…	仮想パッドを確認中…	Weryfikacja wirtualnego pada…
Vibration	Vibration	Vibration	진동	Vibración	Вибрация	Δόνηση	振动	震動	Vibrazione	Vibração	振動	Wibracje
Virtual controller (VIIPER)	Virtueller Controller (VIIPER)	Manette virtuelle (VIIPER)	가상 컨트롤러 (VIIPER)	Mando virtual (VIIPER)	Виртуальный контроллер (VIIPER)	Εικονικό χειριστήριο (VIIPER)	虚拟手柄 (VIIPER)	虛擬控制器 (VIIPER)	Controller virtuale (VIIPER)	Controle virtual (VIIPER)	仮想コントローラー (VIIPER)	Wirtualny kontroler (VIIPER)
Virtual controller already active — controller is healthy.	Virtueller Controller läuft bereits — Controller ist in Ordnung.	Manette virtuelle déjà active — la manette va bien.	가상 컨트롤러가 이미 활성 — 상태 양호.	Mando virtual ya activo — el mando está bien.	Виртуальный контроллер уже активен — контроллер в порядке.	Η εικονική λειτουργία είναι ήδη ενεργή — το χειριστήριο είναι υγιές.	虚拟手柄已在工作 — 手柄状态良好。	虛擬控制器已在運作 — 控制器狀態良好。	Controller virtuale già attivo — il controller è a posto.	Controle virtual já ativo — o controle está saudável.	仮想コントローラーはすでに有効です — コントローラーは正常です。	Wirtualny kontroler już aktywny — kontroler jest sprawny.
Virtual pad did not mount — rolling back to the hardware controller.	Virtueller Pad kam nicht hoch — zurück zum Hardware-Controller.	La manette virtuelle n'est pas montée — retour à la manette physique.	가상 패드가 올라오지 않아 하드웨어 컨트롤러로 되돌립니다.	El mando virtual no montó — se vuelve al mando físico.	Виртуальный геймпад не смонтировался — возврат к аппаратному контроллеру.	Το εικονικό χειριστήριο δεν συνδέθηκε — επιστροφή στο υλικό χειριστήριο.	虚拟手柄未能挂载 — 正在回退到硬件手柄。	虛擬控制器未能掛載 — 正在回復為硬體控制器。	Il pad virtuale non si è montato — torno al controller hardware.	O controle virtual não montou — voltando ao controle de hardware.	仮想パッドを接続できませんでした — ハードウェアコントローラーに戻します。	Wirtualny pad nie został zamontowany — powrót do kontrolera sprzętowego.
Waiting for UAC…	Warte auf UAC…	Attente de l'UAC…	UAC 대기 중…	Esperando a UAC…	Ожидание UAC…	Αναμονή για UAC…	正在等待 UAC…	正在等待 UAC…	In attesa dell'UAC…	Aguardando o UAC…	UAC を待っています…	Oczekiwanie na UAC…
Waiting for the ClawTweaks helper to start. If the Game Bar opened but nothing happens, select the ClawTweaks Widget in its widget menu and add it — a widget that isn't in the Game Bar yet doesn't start the helper on its own.	Warte darauf, dass der ClawTweaks-Helper startet. Wenn die Game Bar offen ist und nichts passiert, wähle das ClawTweaks-Widget in ihrem Widget-Menü aus und füge es hinzu — ein Widget, das noch nicht in der Game Bar ist, startet den Helper nicht von allein.	En attente du démarrage de l'assistant ClawTweaks. Si la Game Bar s'est ouverte sans rien faire, sélectionne le widget ClawTweaks dans son menu et ajoute-le — un widget absent de la Game Bar ne démarre pas l'assistant tout seul.	ClawTweaks 헬퍼가 시작될 때까지 기다리는 중입니다. Game Bar가 열렸지만 아무 일도 일어나지 않으면 위젯 메뉴에서 ClawTweaks 위젯을 선택해 추가하세요. Game Bar에 없는 위젯은 헬퍼를 스스로 시작하지 않습니다.	Esperando a que se inicie el asistente de ClawTweaks. Si la Game Bar se abrió y no ocurre nada, selecciona el widget de ClawTweaks en su menú de widgets y añádelo — un widget que aún no está en la Game Bar no inicia el asistente por sí solo.	Ожидание запуска помощника ClawTweaks. Если Game Bar открылся, но ничего не происходит, выберите виджет ClawTweaks в меню виджетов и добавьте его — виджет, которого ещё нет в Game Bar, сам помощник не запускает.	Αναμονή εκκίνησης του helper του ClawTweaks. Αν άνοιξε το Game Bar αλλά δεν γίνεται τίποτα, επιλέξτε το widget ClawTweaks στο μενού widget και προσθέστε το — ένα widget που δεν είναι ακόμη στο Game Bar δεν ξεκινά μόνο του τον helper.	正在等待 ClawTweaks helper 启动。如果 Game Bar 打开了却没有反应，请在小组件菜单中选择 ClawTweaks 小组件并添加 — 还不在 Game Bar 中的小组件不会自己启动 helper。	正在等待 ClawTweaks helper 啟動。如果 Game Bar 開啟了卻沒有反應，請在小工具選單中選擇 ClawTweaks 小工具並加入 — 還不在 Game Bar 中的小工具不會自己啟動 helper。	In attesa dell'avvio dell'helper ClawTweaks. Se la Game Bar si è aperta ma non succede nulla, seleziona il widget ClawTweaks nel menu dei widget e aggiungilo — un widget non ancora nella Game Bar non avvia l'helper da solo.	Aguardando o helper do ClawTweaks iniciar. Se a Game Bar abriu mas nada acontece, selecione o widget ClawTweaks no menu de widgets e adicione-o — um widget que ainda não está na Game Bar não inicia o helper sozinho.	ClawTweaks ヘルパーの起動を待っています。Game Bar は開いたのに何も起きない場合は、ウィジェットメニューで ClawTweaks ウィジェットを選んで追加してください — Game Bar にまだ無いウィジェットは、ヘルパーを自分で起動しません。	Oczekiwanie na uruchomienie helpera ClawTweaks. Jeśli Game Bar się otworzył, ale nic się nie dzieje, wybierz widżet ClawTweaks w menu widżetów i dodaj go — widżet, którego nie ma jeszcze w Game Bar, sam nie uruchamia helpera.
Waiting for the virtual controller to settle…	Warte, bis der virtuelle Controller steht…	Attente de la stabilisation de la manette…	가상 컨트롤러가 안정될 때까지 대기 중…	Esperando a que el mando virtual se asiente…	Ожидание стабилизации виртуального контроллера…	Αναμονή σταθεροποίησης του εικονικού χειριστηρίου…	正在等待虚拟手柄稳定…	正在等待虛擬控制器穩定…	In attesa che il controller virtuale si stabilizzi…	Aguardando o controle virtual estabilizar…	仮想コントローラーが安定するのを待っています…	Oczekiwanie na ustabilizowanie wirtualnego kontrolera…
What does the background helper do?	Was macht der Hintergrund-Helper?	Que fait le helper en arrière-plan ?	백그라운드 헬퍼는 무엇을 하나요?	¿Qué hace el helper en segundo plano?	Что делает фоновый помощник?	Τι κάνει ο helper στο παρασκήνιο;	后台 helper 做什么？	背景 helper 做什麼？	Cosa fa l'helper in background?	O que o helper em segundo plano faz?	バックグラウンドのヘルパーは何をしますか？	Co robi helper w tle?
What happens	Was passiert	Ce qui se passe	무엇이 일어나는지	Qué ocurre	Что произойдёт	Τι γίνεται	会发生什么	會發生什麼	Cosa succede	O que acontece	何が起きるか	Co się stanie
What is the virtual controller for?	Wofür ist der virtuelle Controller da?	À quoi sert la manette virtuelle ?	가상 컨트롤러는 왜 필요한가요?	¿Para qué sirve el mando virtual?	Зачем нужен виртуальный контроллер?	Σε τι χρησιμεύει το εικονικό χειριστήριο;	虚拟手柄有什么用？	虛擬控制器有什麼用？	A cosa serve il controller virtuale?	Para que serve o controle virtual?	仮想コントローラーは何のためですか？	Po co jest wirtualny kontroler?
What's new	Neuerungen	Nouveautés	새로운 점	Novedades	Что нового	Τι νέο υπάρχει	更新内容	更新內容	Novità	Novidades	更新内容	Co nowego
Where are my settings, and how do I back them up?	Wo sind meine Einstellungen, und wie sichere ich sie?	Où sont mes réglages, et comment les sauvegarder ?	설정은 어디에 있고, 어떻게 백업하나요?	¿Dónde están mis ajustes y cómo los guardo?	Где мои настройки и как сделать их копию?	Πού είναι οι ρυθμίσεις μου και πώς κρατάω αντίγραφο;	我的设置在哪里，怎么备份？	我的設定在哪裡，怎麼備份？	Dove sono le mie impostazioni e come ne faccio il backup?	Onde estão minhas configurações e como faço backup?	設定はどこにあり、どうバックアップしますか？	Gdzie są moje ustawienia i jak zrobić ich kopię?
Why does ClawTweaks ask for admin rights?	Warum fragt ClawTweaks nach Adminrechten?	Pourquoi ClawTweaks demande-t-il les droits admin ?	ClawTweaks는 왜 관리자 권한을 요구하나요?	¿Por qué ClawTweaks pide permisos de administrador?	Почему ClawTweaks запрашивает права администратора?	Γιατί ζητά το ClawTweaks δικαιώματα διαχειριστή;	ClawTweaks 为什么要管理员权限？	ClawTweaks 為什麼要系統管理員權限？	Perché ClawTweaks chiede i diritti di amministratore?	Por que o ClawTweaks pede direitos de administrador?	ClawTweaks はなぜ管理者権限を求めるのですか？	Dlaczego ClawTweaks prosi o uprawnienia administratora?
Will be saved to	Wird gespeichert unter	Sera enregistré dans	저장 위치	Se guardará en	Будет сохранено в	Θα αποθηκευτεί στο	将保存到	將儲存到	Verrà salvato in	Será salvo em	保存先	Zostanie zapisane w
Windowed	Fenstermodus	Mode fenêtré	창 모드	En ventana	В окне	Σε παράθυρο	窗口	視窗	In finestra	Em janela	ウィンドウ	W oknie
Windows Insider Preview detected	Windows Insider Preview erkannt	Windows Insider Preview détecté	Windows Insider Preview 감지됨	Windows Insider Preview detectado	Обнаружен Windows Insider Preview	Εντοπίστηκε Windows Insider Preview	检测到 Windows Insider Preview	偵測到 Windows Insider Preview	Rilevato Windows Insider Preview	Windows Insider Preview detectado	Windows Insider Preview を検出しました	Wykryto Windows Insider Preview
Windows asked to uninstall Center. Finish here, or press B to keep everything.	Windows will Center deinstallieren. Hier abschließen, oder B drücken und alles behalten.	Windows veut désinstaller Center. Termine ici, ou appuie sur B pour tout garder.	Windows가 Center 제거를 요청했습니다. 여기서 마치거나 B를 눌러 그대로 두세요.	Windows quiere desinstalar Center. Termina aquí, o pulsa B para conservarlo todo.	Windows запросил удаление Center. Завершите здесь или нажмите B, чтобы всё оставить.	Τα Windows ζήτησαν απεγκατάσταση του Center. Τελειώστε εδώ ή πατήστε B για να μείνουν όλα.	Windows 要求卸载 Center。在此完成，或按 B 保留全部内容。	Windows 要求解除安裝 Center。在此完成，或按 B 保留全部內容。	Windows ha chiesto di disinstallare Center. Termina qui, o premi B per mantenere tutto.	O Windows pediu para desinstalar o Center. Conclua aqui ou pressione B para manter tudo.	Windows が Center のアンインストールを求めました。ここで完了するか、B ですべて残せます。	Windows poprosił o odinstalowanie Center. Zakończ tutaj lub naciśnij B, aby wszystko zachować.
Windows could not open the package file. This is not a problem with the package itself — the deployment service (running as SYSTEM) could not read it. Try installing from a folder outside your user profile, and check whether Gaming Services is healthy.	Windows konnte die Paketdatei nicht öffnen. Das liegt nicht am Paket selbst — der Bereitstellungsdienst (läuft als SYSTEM) konnte sie nicht lesen. Installiere aus einem Ordner außerhalb deines Benutzerprofils und prüfe, ob Gaming Services in Ordnung ist.	Windows n'a pas pu ouvrir le fichier du paquet. Le problème ne vient pas du paquet — le service de déploiement (exécuté en tant que SYSTEM) n'a pas pu le lire. Installe depuis un dossier hors de ton profil utilisateur et vérifie l'état de Gaming Services.	Windows가 패키지 파일을 열 수 없었습니다. 패키지 자체의 문제가 아니라 — 배포 서비스(SYSTEM 권한)가 읽지 못했습니다. 사용자 프로필 밖의 폴더에서 설치하고 Gaming Services 상태를 확인하세요.	Windows no pudo abrir el archivo del paquete. No es un problema del paquete — el servicio de implementación (que se ejecuta como SYSTEM) no pudo leerlo. Instala desde una carpeta fuera de tu perfil de usuario y comprueba el estado de Gaming Services.	Windows не смог открыть файл пакета. Дело не в самом пакете — служба развёртывания (работает от SYSTEM) не смогла его прочитать. Попробуйте установить из папки вне профиля пользователя и проверьте, в порядке ли Gaming Services.	Τα Windows δεν μπόρεσαν να ανοίξουν το αρχείο πακέτου. Δεν φταίει το ίδιο το πακέτο — η υπηρεσία ανάπτυξης (ως SYSTEM) δεν μπόρεσε να το διαβάσει. Δοκιμάστε εγκατάσταση από φάκελο εκτός του προφίλ χρήστη και ελέγξτε αν οι Gaming Services είναι υγιείς.	Windows 无法打开这个包文件。问题不在包本身 — 以 SYSTEM 身份运行的部署服务读不到它。请从用户配置文件之外的文件夹安装，并检查 Gaming Services 是否正常。	Windows 無法開啟這個套件檔案。問題不在套件本身 — 以 SYSTEM 身分執行的部署服務讀不到它。請從使用者設定檔之外的資料夾安裝，並檢查 Gaming Services 是否正常。	Windows non ha potuto aprire il file del pacchetto. Non è un problema del pacchetto — il servizio di distribuzione (in esecuzione come SYSTEM) non è riuscito a leggerlo. Prova a installare da una cartella fuori dal tuo profilo utente e controlla che Gaming Services sia integro.	O Windows não conseguiu abrir o arquivo do pacote. Não é um problema do pacote em si — o serviço de implantação (executando como SYSTEM) não conseguiu lê-lo. Tente instalar a partir de uma pasta fora do seu perfil de usuário e verifique se o Gaming Services está íntegro.	Windows がパッケージファイルを開けませんでした。パッケージ自体の問題ではなく、SYSTEM として動く配置サービスが読めませんでした。ユーザープロファイル外のフォルダーからインストールし、Gaming Services が正常か確認してください。	Windows nie mógł otworzyć pliku pakietu. To nie problem z samym pakietem — usługa wdrażania (działająca jako SYSTEM) nie mogła go odczytać. Spróbuj zainstalować z folderu poza profilem użytkownika i sprawdź, czy Gaming Services działa poprawnie.
Windows could not open the package from this folder. Retrying from a machine-wide location…	Windows konnte das Paket aus diesem Ordner nicht öffnen. Neuer Versuch von einem systemweiten Ort…	Windows n'a pas pu ouvrir le paquet depuis ce dossier. Nouvelle tentative depuis un emplacement système…	Windows가 이 폴더에서 패키지를 열 수 없었습니다. 시스템 전역 위치에서 다시 시도합니다…	Windows no pudo abrir el paquete desde esta carpeta. Reintentando desde una ubicación del sistema…	Windows не смог открыть пакет из этой папки. Повтор из общесистемного расположения…	Τα Windows δεν μπόρεσαν να ανοίξουν το πακέτο από αυτόν τον φάκελο. Νέα προσπάθεια από θέση για όλο το μηχάνημα…	Windows 无法从这个文件夹打开包。正在从全机位置重试…	Windows 無法從這個資料夾開啟套件。正在從全機位置重試…	Windows non ha potuto aprire il pacchetto da questa cartella. Nuovo tentativo da una posizione di sistema…	O Windows não conseguiu abrir o pacote desta pasta. Tentando de novo a partir de um local do sistema…	Windows はこのフォルダーからパッケージを開けませんでした。コンピューター共通の場所から再試行します…	Windows nie mógł otworzyć pakietu z tego folderu. Ponowna próba z lokalizacji systemowej…
Windows file picker	Windows-Dateiauswahl	Sélecteur de fichiers Windows	Windows 파일 선택기	Selector de archivos	Выбор файла Windows	Επιλογέας αρχείων των Windows	Windows 文件选择器	Windows 檔案選擇器	Selettore file di Windows	Seletor de arquivos do Windows	Windows のファイル選択	Selektor plików Windows
Work down the list. Each step is optional except the last.	Arbeite die Liste ab. Nur der letzte Schritt ist Pflicht.	Suis la liste. Seule la dernière étape est obligatoire.	목록을 차례로 진행하세요. 마지막 단계만 필수입니다.	Sigue la lista. Solo el último paso es obligatorio.	Пройдите список по порядку. Каждый шаг необязателен, кроме последнего.	Δουλέψτε τη λίστα από πάνω προς τα κάτω. Κάθε βήμα είναι προαιρετικό εκτός από το τελευταίο.	按顺序完成列表。除最后一步外都是可选的。	依序完成清單。除最後一步外都是選用的。	Segui l'elenco. Ogni passo è facoltativo tranne l'ultimo.	Siga a lista. Cada etapa é opcional, exceto a última.	上から順に進めてください。最後の手順以外は任意です。	Przejdź listę po kolei. Każdy krok jest opcjonalny oprócz ostatniego.
Working…	Läuft…	En cours…	진행 중…	Trabajando…	Выполняется…	Σε εξέλιξη…	处理中…	處理中…	Elaborazione…	Processando…	処理中…	Pracuję…
XInput controllers	XInput-Controller	Manettes XInput	XInput 컨트롤러	Mandos XInput	Контроллеры XInput	Χειριστήρια XInput	XInput 手柄	XInput 控制器	Controller XInput	Controles XInput	XInput コントローラー	Kontrolery XInput
Yes, if ClawTweaks should control the controller, the fan and the LEDs.	Ja, wenn ClawTweaks Controller, Lüfter und LEDs steuern soll.	Oui, si ClawTweaks doit piloter la manette, le ventilateur et les LED.	예, ClawTweaks가 컨트롤러와 팬, LED를 제어하려면 필요합니다.	Sí, si ClawTweaks debe controlar el mando, el ventilador y los LED.	Да, если ClawTweaks должен управлять контроллером, вентилятором и подсветкой.	Ναι, αν το ClawTweaks πρέπει να ελέγχει το χειριστήριο, τον ανεμιστήρα και τα LED.	是的，如果要让 ClawTweaks 控制手柄、风扇和 LED。	是的，如果要讓 ClawTweaks 控制控制器、風扇和 LED。	Sì, se ClawTweaks deve gestire controller, ventola e LED.	Sim, se o ClawTweaks deve controlar o controle, a ventoinha e os LEDs.	はい、ClawTweaks にコントローラー、ファン、LED を任せる場合は必要です。	Tak, jeśli ClawTweaks ma sterować kontrolerem, wentylatorem i LED.
Yes, install	Ja, installieren	Oui, installer	예, 설치	Sí, instalar	Да, установить	Ναι, εγκατάσταση	是，安装	是，安裝	Sì, installa	Sim, instalar	はい、インストール	Tak, zainstaluj
Yes, reset everything	Ja, alles zurücksetzen	Oui, tout réinitialiser	예, 모두 초기화	Sí, restablecer todo	Да, сбросить всё	Ναι, επαναφορά όλων	是，全部重置	是，全部重設	Sì, azzera tutto	Sim, redefinir tudo	はい、すべてリセットします	Tak, zresetuj wszystko
Yes, restore	Ja, wiederherstellen	Oui, restaurer	예, 복원	Sí, restaurar	Да, восстановить	Ναι, επαναφορά	是，还原	是，還原	Sì, ripristina	Sim, restaurar	はい、復元します	Tak, przywróć
Yes, restore the device	Ja, Gerät zurücksetzen	Oui, restaurer l'appareil	예, 기기를 되돌립니다	Sí, restaurar el dispositivo	Да, восстановить устройство	Ναι, επαναφορά της συσκευής	是，还原设备	是，還原裝置	Sì, ripristina il dispositivo	Sim, restaurar o dispositivo	はい、デバイスを復元します	Tak, przywróć urządzenie
Yes, uninstall Center	Ja, Center deinstallieren	Oui, désinstaller Center	예, Center를 제거합니다	Sí, desinstalar Center	Да, удалить Center	Ναι, απεγκατάσταση του Center	是，卸载 Center	是，解除安裝 Center	Sì, disinstalla Center	Sim, desinstalar o Center	はい、Center をアンインストール	Tak, odinstaluj Center
Yes, uninstall ClawTweaks	Ja, ClawTweaks deinstallieren	Oui, désinstaller ClawTweaks	예, ClawTweaks를 제거합니다	Sí, desinstalar ClawTweaks	Да, удалить ClawTweaks	Ναι, απεγκατάσταση του ClawTweaks	是，卸载 ClawTweaks	是，解除安裝 ClawTweaks	Sì, disinstalla ClawTweaks	Sim, desinstalar o ClawTweaks	はい、ClawTweaks をアンインストールします	Tak, odinstaluj ClawTweaks
Your Claw's own gamepad is hidden and replaced by a virtual one.	Der echte Controller der Claw wird versteckt und durch einen virtuellen ersetzt.	La manette physique de la Claw est masquée et remplacée par une manette virtuelle.	Claw의 실제 게임패드를 숨기고 가상 게임패드로 대체합니다.	El mando físico de la Claw se oculta y se sustituye por uno virtual.	Собственный геймпад вашего Claw скрыт и заменён виртуальным.	Το χειριστήριο του Claw σας κρύβεται και αντικαθίσταται από ένα εικονικό.	你的 Claw 自带手柄会被隐藏，并由一个虚拟手柄取代。	你的 Claw 自帶控制器會被隱藏，並由一個虛擬控制器取代。	Il gamepad della tua Claw viene nascosto e sostituito da uno virtuale.	O controle do seu Claw fica oculto e é substituído por um virtual.	Claw 本体のゲームパッドを隠し、仮想のものに置き換えます。	Własny pad Twojego Claw jest ukryty i zastąpiony wirtualnym.
Your current settings are backed up before the reset. The Game Bar closes — reopen it with Win+G.	Deine Einstellungen werden vor dem Zurücksetzen gesichert. Die Game Bar schließt sich — mit Win+G wieder öffnen.	Tes réglages sont sauvegardés avant la réinitialisation. Le Game Bar se ferme — rouvre-le avec Win+G.	초기화 전에 현재 설정을 백업합니다. 게임 바가 닫히니 Win+G로 다시 여세요.	Tus ajustes se guardan antes del restablecimiento. La Game Bar se cierra — ábrela con Win+G.	Текущие настройки сохраняются перед сбросом. Game Bar закрывается — откройте его снова через Win+G.	Οι τρέχουσες ρυθμίσεις σας αποθηκεύονται πριν την επαναφορά. Το Game Bar κλείνει — ανοίξτε το ξανά με Win+G.	重置前会备份你当前的设置。Game Bar 会关闭 — 请用 Win+G 重新打开。	重設前會備份你目前的設定。Game Bar 會關閉 — 請用 Win+G 重新開啟。	Le impostazioni attuali vengono salvate prima del reset. La Game Bar si chiude — riaprila con Win+G.	Suas configurações atuais são salvas antes da redefinição. A Game Bar fecha — reabra com Win+G.	リセット前に現在の設定をバックアップします。Game Bar は閉じます — Win+G で開き直してください。	Bieżące ustawienia są zapisywane przed resetem. Game Bar się zamyka — otwórz go ponownie przez Win+G.
Your games	Deine Spiele	Vos jeux	내 게임	Tus juegos	Ваши игры	Τα παιχνίδια σας	你的游戏	你的遊戲	I tuoi giochi	Seus jogos	あなたのゲーム	Twoje gry
usbip  (required for virtual controller)	usbip  (für den virtuellen Controller nötig)	usbip  (requis pour la manette virtuelle)	usbip  (가상 컨트롤러에 필요)	usbip  (necesario para el mando virtual)	usbip  (нужен для виртуального контроллера)	usbip  (απαιτείται για το εικονικό χειριστήριο)	usbip  (虚拟手柄必需)	usbip  (虛擬控制器必要)	usbip  (necessario per il controller virtuale)	usbip  (necessário para o controle virtual)	usbip  (仮想コントローラーに必要)	usbip  (wymagany dla wirtualnego kontrolera)
version	Version	version	버전	versión	версия	έκδοση	版本	版本	versione	versão	バージョン	wersja
versions	Versionen	versions	버전	versiones	версии	εκδόσεις	版本	版本	versioni	versões	バージョン	wersje
• All profiles, fan curves, TDP and controller settings are reset	• Alle Profile, Lüfterkurven, TDP- und Controller-Einstellungen werden zurückgesetzt	• Tous les profils, courbes de ventilateur, TDP et réglages manette sont réinitialisés	• 모든 프로필, 팬 커브, TDP, 컨트롤러 설정이 초기화됩니다	• Se restablecen todos los perfiles, curvas, TDP y ajustes del mando	• Все профили, кривые вентилятора, TDP и настройки контроллера сбрасываются	• Όλα τα προφίλ, οι καμπύλες ανεμιστήρα, το TDP και οι ρυθμίσεις χειριστηρίου επαναφέρονται	• 全部配置文件、风扇曲线、TDP 和手柄设置都会重置	• 全部設定檔、風扇曲線、TDP 和控制器設定都會重設	• Tutti i profili, le curve della ventola, TDP e impostazioni controller vengono azzerati	• Todos os perfis, curvas da ventoinha, TDP e configurações do controle são redefinidos	• プロファイル、ファンカーブ、TDP、コントローラー設定をすべてリセット	• Wszystkie profile, krzywe wentylatora, TDP i ustawienia kontrolera są resetowane
• Center's own settings are cleared	• Centers eigene Einstellungen werden gelöscht	• Les réglages de Center sont effacés	• Center 자체 설정이 지워집니다	• Se borran los ajustes de Center	• Собственные настройки Center очищаются	• Οι ρυθμίσεις του ίδιου του Center σβήνονται	• Center 自己的设置会被清除	• Center 自己的設定會被清除	• Le impostazioni di Center vengono cancellate	• As configurações do próprio Center são apagadas	• Center 自身の設定を消去	• Własne ustawienia Center są czyszczone
• Global and per-game profiles (TDP, fan curves, controller, gyro)	• Globale und Spielprofile (TDP, Lüfterkurven, Controller, Gyro)	• Profils globaux et par jeu (TDP, courbes, manette, gyro)	• 전역 및 게임별 프로필 (TDP, 팬 커브, 컨트롤러, 자이로)	• Perfiles globales y por juego (TDP, ventiladores, mando, giro)	• Глобальные и игровые профили (TDP, кривые вентилятора, контроллер, гироскоп)	• Καθολικά προφίλ και προφίλ ανά παιχνίδι (TDP, καμπύλες ανεμιστήρα, χειριστήριο, gyro)	• 全局和每个游戏的配置文件 (TDP、风扇曲线、手柄、陀螺仪)	• 全域和每款遊戲的設定檔 (TDP、風扇曲線、控制器、陀螺儀)	• Profili globali e per gioco (TDP, curve ventola, controller, gyro)	• Perfis globais e por jogo (TDP, curvas da ventoinha, controle, giroscópio)	• 全体およびゲームごとのプロファイル (TDP、ファンカーブ、コントローラー、ジャイロ)	• Profile globalne i per gra (TDP, krzywe wentylatora, kontroler, żyroskop)
• Helper settings (global TDP, fan curve, controller emulation)	• Helper-Einstellungen (globales TDP, Lüfterkurve, Controller-Emulation)	• Réglages du helper (TDP global, courbe, émulation manette)	• 헬퍼 설정 (전역 TDP, 팬 커브, 컨트롤러 에뮬레이션)	• Ajustes del helper (TDP global, ventilador, emulación de mando)	• Настройки помощника (глобальный TDP, кривая вентилятора, эмуляция контроллера)	• Ρυθμίσεις helper (καθολικό TDP, καμπύλη ανεμιστήρα, εξομοίωση χειριστηρίου)	• helper 设置 (全局 TDP、风扇曲线、手柄模拟)	• helper 設定 (全域 TDP、風扇曲線、控制器模擬)	• Impostazioni dell'helper (TDP globale, curva ventola, emulazione controller)	• Configurações do helper (TDP global, curva da ventoinha, emulação de controle)	• ヘルパーの設定 (全体 TDP、ファンカーブ、コントローラーエミュレーション)	• Ustawienia helpera (globalne TDP, krzywa wentylatora, emulacja kontrolera)
• The ClawTweaks app is NOT removed by this	• Die ClawTweaks-App wird dadurch NICHT entfernt	• L'app ClawTweaks n'est PAS supprimée	• ClawTweaks 앱은 제거되지 않습니다	• La app ClawTweaks NO se quita con esto	• Приложение ClawTweaks при этом НЕ удаляется	• Η εφαρμογή ClawTweaks ΔΕΝ αφαιρείται από αυτό	• 这不会删除 ClawTweaks 应用	• 這不會移除 ClawTweaks 應用程式	• L'app ClawTweaks NON viene rimossa	• O app ClawTweaks NÃO é removido por isto	• ClawTweaks アプリはこれでは削除されません	• Aplikacja ClawTweaks NIE jest przez to usuwana
• The Start Menu entry and the desktop shortcut go	• Startmenü-Eintrag und Desktop-Verknüpfung gehen	• L'entrée du menu Démarrer et le raccourci disparaissent	• 시작 메뉴 항목과 바탕 화면 바로 가기가 사라집니다	• Se van la entrada del menú Inicio y el acceso directo	• Пункт в меню «Пуск» и ярлык на рабочем столе удаляются	• Η καταχώριση στο μενού Έναρξη και η συντόμευση στην επιφάνεια εργασίας φεύγουν	• 开始菜单条目和桌面快捷方式会消失	• 開始功能表項目和桌面捷徑會消失	• La voce nel menu Start e il collegamento sul desktop spariscono	• A entrada do menu Iniciar e o atalho da área de trabalho somem	• スタートメニューの項目とデスクトップのショートカットが消えます	• Wpis w menu Start i skrót na pulpicie znikają
• The background helper stops and removes its scheduled task	• Der Hintergrund-Helper stoppt und entfernt seine geplante Aufgabe	• Le helper s'arrête et supprime sa tâche planifiée	• 백그라운드 헬퍼가 멈추고 예약 작업을 제거합니다	• El helper se detiene y quita su tarea programada	• Фоновый помощник останавливается и удаляет свою задачу планировщика	• Ο helper παρασκηνίου σταματά και αφαιρεί την προγραμματισμένη εργασία του	• 后台 helper 停止并删除它的计划任务	• 背景 helper 停止並移除它的排程工作	• L'helper in background si ferma e rimuove la sua attività pianificata	• O helper em segundo plano para e remove sua tarefa agendada	• バックグラウンドのヘルパーが止まり、タスクを削除します	• Helper w tle zatrzymuje się i usuwa swoje zadanie zaplanowane
• The battery charge limit is switched off	• Das Ladelimit wird ausgeschaltet	• La limite de charge est désactivée	• 배터리 충전 제한이 꺼집니다	• Se desactiva el límite de carga	• Лимит заряда батареи отключается	• Το όριο φόρτισης της μπαταρίας απενεργοποιείται	• 电池充电限制会关闭	• 電池充電限制會關閉	• Il limite di carica della batteria viene disattivato	• O limite de carga da bateria é desligado	• バッテリーの充電制限がオフになります	• Limit ładowania baterii jest wyłączany
• The fan goes back to firmware control	• Der Lüfter geht zurück an die Firmware	• Le ventilateur repasse au firmware	• 팬이 펌웨어 제어로 돌아갑니다	• El ventilador vuelve al control del firmware	• Вентилятор возвращается под управление прошивки	• Ο ανεμιστήρας επιστρέφει στον έλεγχο του firmware	• 风扇交回固件控制	• 風扇交回韌體控制	• La ventola torna al controllo del firmware	• A ventoinha volta ao controle do firmware	• ファンがファームウェア制御に戻ります	• Wentylator wraca pod kontrolę firmware
• The hardware controller comes back	• Der Hardware-Controller kommt zurück	• La manette matérielle revient	• 하드웨어 컨트롤러가 돌아옵니다	• Vuelve el mando físico	• Аппаратный контроллер возвращается	• Το υλικό χειριστήριο επανέρχεται	• 硬件手柄回来	• 硬體控制器回來	• Il controller hardware torna	• O controle de hardware volta	• ハードウェアコントローラーが戻ります	• Kontroler sprzętowy wraca
• The widget disappears from the Game Bar	• Das Widget verschwindet aus der Game Bar	• Le widget disparaît du Game Bar	• 위젯이 게임 바에서 사라집니다	• El widget desaparece de la Game Bar	• Виджет исчезает из Game Bar	• Το widget εξαφανίζεται από το Game Bar	• 小组件从 Game Bar 中消失	• 小工具從 Game Bar 中消失	• Il widget sparisce dalla Game Bar	• O widget some da Game Bar	• ウィジェットが Game Bar から消えます	• Widżet znika z Game Bar
• Your profiles and settings are deleted with the app	• Deine Profile und Einstellungen gehen mit der App	• Tes profils et réglages partent avec l'app	• 프로필과 설정도 앱과 함께 삭제됩니다	• Tus perfiles y ajustes se borran con la app	• Профили и настройки удаляются вместе с приложением	• Τα προφίλ και οι ρυθμίσεις σας διαγράφονται μαζί με την εφαρμογή	• 你的配置文件和设置会随应用一起删除	• 你的設定檔和設定會隨應用程式一起移除	• Profili e impostazioni vengono eliminati con l'app	• Seus perfis e configurações são apagados junto com o app	• プロファイルと設定はアプリと一緒に削除されます	• Profile i ustawienia są usuwane razem z aplikacją
Could not start {0}.	{0} konnte nicht starten.	Impossible de démarrer {0}.	{0}을(를) 시작할 수 없습니다.	No se pudo iniciar {0}.	Не удалось запустить {0}.	Δεν ξεκίνησε το {0}.	无法启动 {0}。	無法啟動 {0}。	Impossibile avviare {0}.	Não foi possível iniciar {0}.	{0} を起動できませんでした。	Nie udało się uruchomić {0}.
Install {0}?	{0} installieren?	Installer {0} ?	{0} 설치할까요?	¿Instalar {0}?	Установить {0}?	Εγκατάσταση του {0};	安装 {0}？	安裝 {0}？	Installare {0}?	Instalar {0}?	{0} をインストール？	Zainstalować {0}?
Start Steam with the library	Steam mit der Bibliothek starten	Lancer Steam avec la bibliothèque	라이브러리와 함께 Steam 시작	Iniciar Steam con la biblioteca	Запускать Steam с библиотекой	Εκκίνηση του Steam με τη βιβλιοθήκη	随游戏库启动 Steam	隨遊戲庫啟動 Steam	Avvia Steam con la libreria	Iniciar o Steam com a biblioteca	ライブラリと一緒に Steam を起動	Uruchamiaj Steam z biblioteką
Denser grid	Dichteres Raster	Grille plus dense	더 촘촘한 그리드	Cuadrícula densa	Плотнее сетка	Πυκνότερο πλέγμα	更密的网格	更密的格線	Griglia più fitta	Grade mais densa	カバーを小さく	Gęstsza siatka
Interface sounds	Menügeräusche	Sons de l'interface	인터페이스 사운드	Sonidos de la interfaz	Звуки интерфейса	Ήχοι περιβάλλοντος	界面音效	介面音效	Suoni dell'interfaccia	Sons da interface	操作音	Dźwięki interfejsu
Background music	Hintergrundmusik	Musique de fond	배경 음악	Música de fondo	Фоновая музыка	Μουσική υπόκρουση	背景音乐	背景音樂	Musica di sottofondo	Música de fundo	BGM	Muzyka w tle
Sound settings	Sound-Einstellungen	Réglages du son	사운드 설정	Ajustes de sonido	Настройки звука	Ρυθμίσεις ήχου	声音设置	聲音設定	Impostazioni audio	Configurações de som	サウンド設定	Ustawienia dźwięku
Effects volume	Effektlautstärke	Volume des effets	효과음 볼륨	Volumen de efectos	Громкость эффектов	Ένταση εφέ	音效音量	音效音量	Volume effetti	Volume dos efeitos	効果音の音量	Głośność efektów
Music volume	Musiklautstärke	Volume de la musique	음악 볼륨	Volumen de la música	Громкость музыки	Ένταση μουσικής	音乐音量	音樂音量	Volume musica	Volume da música	音楽の音量	Głośność muzyki
Change a value with left and right.	Ändere den Wert mit links und rechts.	Change la valeur avec gauche et droite.	왼쪽과 오른쪽으로 값을 바꾸세요.	Cambia el valor con izquierda y derecha.	Меняйте значение влево и вправо.	Αλλάξτε τιμή με αριστερά και δεξιά.	用左右改变数值。	用左右改變數值。	Cambia un valore con sinistra e destra.	Mude um valor com esquerda e direita.	左右で値を変えます。	Zmień wartość w lewo i w prawo.
Navigate	Navigieren	Naviguer	탐색	Navegar	Навигация	Πλοήγηση	导航	導覽	Naviga	Navegar	移動	Nawiguj
Go back	Zurück	Retour	뒤로	Volver	Назад	Πίσω	返回	返回	Indietro	Voltar	戻る	Wstecz
Change	Ändern	Changer	변경	Cambiar	Изменить	Αλλαγή	更改	變更	Cambia	Mudar	変更	Zmień
Toggle	Umschalten	Basculer	전환	Alternar	Переключить	Εναλλαγή	切换	切換	Commuta	Alternar	切り替え	Przełącz
Reading your stores…	Deine Stores werden gelesen…	Lecture de tes boutiques…	스토어를 읽는 중…	Leyendo tus tiendas…	Чтение магазинов…	Ανάγνωση των καταστημάτων σας…	正在读取你的商店…	正在讀取你的商店…	Lettura degli store…	Lendo suas lojas…	ストアを読み込み中…	Odczyt sklepów…
Reading your Steam library…	Deine Steam-Bibliothek wird gelesen…	Lecture de ta bibliothèque Steam…	Steam 라이브러리를 읽는 중…	Leyendo tu biblioteca de Steam…	Чтение библиотеки Steam…	Ανάγνωση της βιβλιοθήκης Steam…	正在读取你的 Steam 游戏库…	正在讀取你的 Steam 遊戲庫…	Lettura della libreria Steam…	Lendo sua biblioteca Steam…	Steam ライブラリを読み込み中…	Odczyt biblioteki Steam…
Center opens on the library, not on Home.	Center öffnet die Bibliothek statt Home.	Center s'ouvre sur la bibliothèque, pas sur l'accueil.	Center가 홈 대신 라이브러리로 열립니다.	Center abre la biblioteca en vez de Inicio.	Center открывается на библиотеке, а не на главной.	Το Center ανοίγει στη βιβλιοθήκη, όχι στην αρχική.	Center 打开时进入游戏库，而不是主页。	Center 開啟時進入遊戲庫，而不是主頁。	Center si apre sulla libreria, non su Home.	O Center abre na biblioteca, não na tela inicial.	Center はホームではなくライブラリで開きます。	Center otwiera się na bibliotece, nie na ekranie głównym.
ClawTweaks starts Center when it starts itself.	ClawTweaks startet Center mit sich selbst.	ClawTweaks lance Center en même temps que lui.	ClawTweaks가 시작될 때 Center도 함께 시작합니다.	ClawTweaks inicia Center cuando se inicia él.	ClawTweaks запускает Center вместе с собой.	Το ClawTweaks ξεκινά το Center όταν ξεκινά το ίδιο.	ClawTweaks 启动时会一起启动 Center。	ClawTweaks 啟動時會一起啟動 Center。	ClawTweaks avvia Center quando parte.	O ClawTweaks inicia o Center quando ele mesmo inicia.	ClawTweaks が起動するときに Center も起動します。	ClawTweaks uruchamia Center razem ze sobą.
Closing the window leaves Center running in the tray.	Beim Schließen läuft Center im Infobereich weiter.	Fermer la fenêtre laisse Center dans la zone de notification.	창을 닫아도 Center는 트레이에서 계속 실행됩니다.	Al cerrar la ventana, Center sigue en la bandeja.	Закрытие окна оставляет Center работать в трее.	Κλείνοντας το παράθυρο, το Center μένει στην περιοχή ειδοποιήσεων.	关闭窗口后 Center 仍留在通知区域。	關閉視窗後 Center 仍留在通知區。	Chiudendo la finestra Center resta nell'area di notifica.	Fechar a janela deixa o Center em execução na bandeja.	ウィンドウを閉じても Center は通知領域に残ります。	Zamknięcie okna zostawia Center działający w zasobniku.
What Center does with itself once a game runs.	Was Center mit sich macht, sobald ein Spiel läuft.	Ce que Center fait de lui-même quand un jeu démarre.	게임이 실행되면 Center가 스스로 무엇을 할지.	Qué hace Center consigo mismo cuando corre un juego.	Что Center делает с собой, когда запущена игра.	Τι κάνει το Center με τον εαυτό του μόλις τρέξει παιχνίδι.	游戏运行后 Center 自己怎么处理。	遊戲執行後 Center 自己怎麼處理。	Cosa fa Center quando un gioco è in esecuzione.	O que o Center faz consigo mesmo quando um jogo roda.	ゲームが動き出したときに Center 自身がどうするか。	Co Center robi ze sobą, gdy działa gra.
Which tabs the library shows, and in which order.	Welche Tabs die Bibliothek zeigt und in welcher Reihenfolge.	Quels onglets la bibliothèque affiche, et dans quel ordre.	라이브러리에 어떤 탭을 어떤 순서로 표시할지.	Qué pestañas muestra la biblioteca y en qué orden.	Какие вкладки показывает библиотека и в каком порядке.	Ποιες καρτέλες δείχνει η βιβλιοθήκη και με ποια σειρά.	游戏库显示哪些标签，以及顺序。	遊戲庫顯示哪些標籤，以及順序。	Quali schede mostra la libreria, e in che ordine.	Quais abas a biblioteca mostra, e em que ordem.	ライブラリに出すタブと、その並び順。	Które karty pokazuje biblioteka i w jakiej kolejności.
More covers per row, and a smaller Recent reel.	Mehr Cover pro Reihe und ein kleineres Recent-Band.	Plus de jaquettes par ligne, et un bandeau Recent plus petit.	한 줄에 더 많은 커버, 그리고 더 작은 Recent 줄.	Más carátulas por fila y una fila Recent más pequeña.	Больше обложек в ряду и меньшая лента «Недавних».	Περισσότερα εξώφυλλα ανά σειρά και μικρότερη λωρίδα Πρόσφατα.	每行更多封面，「最近」横栏更小。	每列更多封面，「最近」橫欄更小。	Più copertine per riga e una fila Recent più piccola.	Mais capas por linha e uma fileira Recentes menor.	1 行のカバーを増やし、「最近」の帯を小さくします。	Więcej okładek w rzędzie i mniejszy pasek Ostatnich.
Fades the tabs and the footer out on Recent while you idle.	Blendet Tabs und Fußzeile in Recent aus, wenn du nichts drückst.	Estompe les onglets et le pied de page dans Recent quand tu ne touches à rien.	Recent에서 아무것도 누르지 않으면 탭과 하단 바가 흐려집니다.	Atenúa las pestañas y el pie en Recent mientras no pulsas nada.	Скрывает вкладки и нижнюю панель в «Недавних» при бездействии.	Σβήνει τις καρτέλες και το υποσέλιδο στα Πρόσφατα όσο δεν κάνετε τίποτα.	闲置时淡出「最近」页的标签和页脚。	閒置時淡出「最近」頁的標籤和頁尾。	Sfuma schede e piè di pagina in Recent quando sei inattivo.	Esmaece as abas e o rodapé em Recentes enquanto você está inativo.	操作が無い間、「最近」のタブとフッターを消します。	Wygasza karty i stopkę w Ostatnich, gdy nic nie robisz.
Mirrors every cover in the Recent reel.	Spiegelt jedes Cover im Recent-Band.	Reflète chaque jaquette du bandeau Recent.	Recent 줄의 모든 커버를 반사합니다.	Refleja cada carátula de la fila Recent.	Отражает каждую обложку в ленте «Недавних».	Καθρεφτίζει κάθε εξώφυλλο στη λωρίδα Πρόσφατα.	让「最近」横栏中的每张封面都有倒影。	讓「最近」橫欄中的每張封面都有倒影。	Riflette ogni copertina nella fila Recent.	Reflete cada capa na fileira Recentes.	「最近」の帯でカバーを映り込ませます。	Odbija każdą okładkę w pasku Ostatnich.
ROM covers are square instead of upright.	ROM-Cover sind quadratisch statt hochkant.	Les jaquettes de ROM sont carrées au lieu de verticales.	ROM 커버가 세로 대신 정사각형이 됩니다.	Las carátulas de ROM son cuadradas en vez de verticales.	Обложки ROM квадратные, а не вертикальные.	Τα εξώφυλλα ROM είναι τετράγωνα αντί για κάθετα.	ROM 封面用方形而不是竖版。	ROM 封面用方形而不是直式。	Le copertine ROM sono quadrate invece che verticali.	As capas de ROM são quadradas em vez de verticais.	ROM のカバーを縦型ではなく正方形にします。	Okładki ROM są kwadratowe zamiast pionowych.
The folder your own covers and backgrounds come from.	Der Ordner für eigene Cover und Hintergründe.	Le dossier d'où viennent tes jaquettes et tes fonds.	직접 넣은 커버와 배경이 들어 있는 폴더.	La carpeta de tus carátulas y fondos.	Папка, откуда берутся ваши обложки и фоны.	Ο φάκελος από όπου έρχονται τα δικά σας εξώφυλλα και φόντα.	存放你自己的封面和背景的文件夹。	存放你自己的封面和背景的資料夾。	La cartella da cui vengono le tue copertine e i tuoi sfondi.	A pasta de onde vêm suas capas e fundos.	自分のカバーと背景を置くフォルダー。	Folder, z którego pochodzą Twoje okładki i tła.
The picture behind the library.	Das Bild hinter der Bibliothek.	L'image derrière la bibliothèque.	라이브러리 뒤에 깔리는 이미지.	La imagen detrás de la biblioteca.	Изображение за библиотекой.	Η εικόνα πίσω από τη βιβλιοθήκη.	游戏库背后的图片。	遊戲庫背後的圖片。	L'immagine dietro la libreria.	A imagem atrás da biblioteca.	ライブラリの背景の画像。	Obraz za biblioteką.
Interface sounds, music, and a volume for each.	Menügeräusche, Musik und je eine Lautstärke.	Sons de l'interface, musique, et un volume pour chacun.	인터페이스 사운드, 음악, 그리고 각각의 볼륨.	Sonidos de la interfaz, música y un volumen para cada uno.	Звуки интерфейса, музыка и громкость для каждого.	Ήχοι περιβάλλοντος, μουσική και ξεχωριστή ένταση για το καθένα.	界面音效、音乐，以及各自的音量。	介面音效、音樂，以及各自的音量。	Suoni dell'interfaccia, musica e un volume per ciascuno.	Sons da interface, música e um volume para cada um.	操作音、音楽、それぞれの音量。	Dźwięki interfejsu, muzyka i głośność dla każdego.
Downloads covers for games that have none.	Lädt Cover für Spiele ohne eigenes Bild.	Télécharge les jaquettes des jeux qui n'en ont pas.	커버가 없는 게임의 커버를 내려받습니다.	Descarga carátulas para juegos que no tienen.	Загружает обложки для игр, у которых их нет.	Κατεβάζει εξώφυλλα για παιχνίδια που δεν έχουν.	为没有封面的游戏下载封面。	為沒有封面的遊戲下載封面。	Scarica le copertine per i giochi che non ne hanno.	Baixa capas para jogos que não têm.	カバーが無いゲームのカバーを取得します。	Pobiera okładki dla gier, które ich nie mają.
Start {0}?	{0} starten?	Démarrer {0} ?	{0} 시작할까요?	¿Iniciar {0}?	Запустить {0}?	Εκκίνηση του {0};	启动 {0}？	啟動 {0}？	Avviare {0}?	Iniciar {0}?	{0} を起動？	Uruchomić {0}?
Steam starts first. This takes longer.	Steam startet zuerst. Das dauert länger.	Steam démarre d'abord. C'est plus long.	Steam이 먼저 시작합니다. 더 오래 걸립니다.	Steam se inicia primero. Tarda más.	Сначала запускается Steam. Это дольше.	Πρώτα ξεκινά το Steam. Αυτό παίρνει περισσότερο.	Steam 会先启动，所以耗时更长。	Steam 會先啟動，所以耗時更久。	Prima parte Steam. Ci vuole più tempo.	O Steam inicia primeiro. Isso demora mais.	先に Steam が起動するため、少し時間がかかります。	Najpierw uruchamia się Steam. To trwa dłużej.
This can take a moment.	Das kann einen Moment dauern.	Cela peut prendre un moment.	잠시 걸릴 수 있습니다.	Esto puede tardar un momento.	Это может занять немного времени.	Αυτό μπορεί να πάρει λίγο.	这需要一点时间。	這需要一點時間。	Può volerci un momento.	Isso pode levar um momento.	少し時間がかかります。	To może chwilę potrwać.
Your images	Eigene Game Art Ordner	Vos images	내 이미지	Tus imágenes	Ваши изображения	Οι εικόνες σας	你的图片	你的圖片	Le tue immagini	Suas imagens	自分の画像	Twoje obrazy
{0} · charging	{0} · lädt	{0} · en charge	{0} · 충전 중	{0} · cargando	{0} · заряжается	{0} · φορτίζει	{0} · 充电中	{0} · 充電中	{0} · in carica	{0} · carregando	{0} · 充電中	{0} · ładowanie
{0} · charging · {1} h	{0} · lädt · {1} h	{0} · en charge · {1} h	{0} · 충전 중 · {1} h	{0} · cargando · {1} h	{0} · заряжается · {1} ч	{0} · φορτίζει · {1} ώ	{0} · 充电中 · {1} 小时	{0} · 充電中 · {1} 小時	{0} · in carica · {1} h	{0} · carregando · {1} h	{0} · 充電中 · {1} 時間	{0} · ładowanie · {1} h
{0} · discharging	{0} · entlädt	{0} · en décharge	{0} · 방전 중	{0} · descargando	{0} · разряжается	{0} · εκφορτίζεται	{0} · 放电中	{0} · 放電中	{0} · in scarica	{0} · descarregando	{0} · 放電中	{0} · rozładowywanie
{0} · discharging · {1} h	{0} · entlädt · {1} h	{0} · en décharge · {1} h	{0} · 방전 중 · {1} h	{0} · descargando · {1} h	{0} · разряжается · {1} ч	{0} · εκφορτίζεται · {1} ώ	{0} · 放电中 · {1} 小时	{0} · 放電中 · {1} 小時	{0} · in scarica · {1} h	{0} · descarregando · {1} h	{0} · 放電中 · {1} 時間	{0} · rozładowywanie · {1} h
{0} · AC power · fully charged	{0} · Netzbetrieb · vollständig geladen	{0} · sur secteur · complètement chargée	{0} · 전원 연결됨 · 완전 충전	{0} · con corriente · carga completa	{0} · от сети · заряжена	{0} · ρεύμα · πλήρως φορτισμένη	{0} · 交流供电 · 已充满	{0} · 交流供電 · 已充滿	{0} · alimentazione · carica completa	{0} · na tomada · carga completa	{0} · 電源接続 · 満充電	{0} · zasilanie sieciowe · naładowana
{0} · AC power · not charging	{0} · Netzbetrieb · lädt nicht	{0} · sur secteur · pas en charge	{0} · 전원 연결됨 · 충전 안 함	{0} · con corriente · sin cargar	{0} · от сети · не заряжается	{0} · ρεύμα · δεν φορτίζει	{0} · 交流供电 · 未充电	{0} · 交流供電 · 未充電	{0} · alimentazione · non in carica	{0} · na tomada · não carregando	{0} · 電源接続 · 充電していません	{0} · zasilanie sieciowe · bez ładowania
{0} is downloading	{0} wird geladen	{0} se télécharge	{0} 다운로드 중	{0} se está descargando	{0} загружается	Γίνεται λήψη του {0}	正在下载 {0}	正在下載 {0}	{0} in download	{0} está baixando	{0} をダウンロード中	{0} się pobiera
{0} is running	{0} läuft	{0} est en cours	{0} 실행 중	{0} está en marcha	{0} запущена	Το {0} εκτελείται	{0} 正在运行	{0} 正在執行	{0} è in esecuzione	{0} está em execução	{0} が動作中	{0} działa
{0} is starting	{0} startet	{0} démarre	{0} 시작 중	{0} se está iniciando	{0} запускается	Το {0} ξεκινά	{0} 正在启动	{0} 正在啟動	{0} si sta avviando	{0} está iniciando	{0} を起動中	{0} się uruchamia
{0} of {1} unlocked	{0} von {1} freigeschaltet	{0} sur {1} débloqués	{1}개 중 {0}개 달성	{0} de {1} desbloqueados	{0} из {1} открыто	{0} από {1} ξεκλείδωτα	已解锁 {1} 个中的 {0} 个	已解鎖 {1} 個中的 {0} 個	{0} di {1} sbloccati	{0} de {1} desbloqueadas	{1} 個中 {0} 個を解除	{0} z {1} odblokowanych
{0}% of players	{0}% der Spieler	{0}% des joueurs	플레이어 {0}%	{0}% de jugadores	{0}% игроков	{0}% των παικτών	{0}% 的玩家	{0}% 的玩家	{0}% dei giocatori	{0}% dos jogadores	プレイヤーの {0}%	{0}% graczy
Drivers & Windows Updates	Treiber & Windows-Updates	Pilotes et mises à jour Windows	드라이버 및 Windows 업데이트	Controladores y actualizaciones de Windows	Драйверы и Windows Update	Οδηγοί & ενημερώσεις Windows	驱动与 Windows 更新	驅動程式與 Windows 更新	Driver e Windows Update	Drivers e Windows Update	ドライバーと Windows の更新	Sterowniki i Windows Update
Device drivers	Gerätetreiber	Pilotes	장치 드라이버	Controladores	Драйверы устройств	Οδηγοί συσκευών	设备驱动	裝置驅動程式	Driver	Drivers do dispositivo	デバイスドライバー	Sterowniki urządzeń
Drivers could not be checked	Treiber konnten nicht geprüft werden	Impossible de vérifier les pilotes	드라이버를 확인할 수 없음	No se pudieron comprobar los controladores	Не удалось проверить драйверы	Οι οδηγοί δεν ελέγχθηκαν	无法检查驱动	無法檢查驅動程式	Impossibile verificare i driver	Não foi possível verificar os drivers	ドライバーを確認できませんでした	Nie udało się sprawdzić sterowników
ClawTweaks is not running.	ClawTweaks läuft nicht.	ClawTweaks ne tourne pas.	ClawTweaks가 실행 중이 아닙니다.	ClawTweaks no se está ejecutando.	ClawTweaks не запущен.	Το ClawTweaks δεν εκτελείται.	ClawTweaks 未运行。	ClawTweaks 未執行。	ClawTweaks non è in esecuzione.	O ClawTweaks não está em execução.	ClawTweaks が動作していません。	ClawTweaks nie działa.
No answer from ClawTweaks.	Keine Antwort von ClawTweaks.	Aucune réponse de ClawTweaks.	ClawTweaks에서 응답이 없습니다.	Sin respuesta de ClawTweaks.	Нет ответа от ClawTweaks.	Καμία απάντηση από το ClawTweaks.	ClawTweaks 没有回应。	ClawTweaks 沒有回應。	Nessuna risposta da ClawTweaks.	Sem resposta do ClawTweaks.	ClawTweaks から応答がありません。	Brak odpowiedzi od ClawTweaks.
The driver list could not be read.	Die Treiberliste konnte nicht gelesen werden.	La liste des pilotes n'a pas pu être lue.	드라이버 목록을 읽지 못했습니다.	No se pudo leer la lista de controladores.	Не удалось прочитать список драйверов.	Η λίστα οδηγών δεν διαβάστηκε.	无法读取驱动列表。	無法讀取驅動程式清單。	Impossibile leggere l'elenco dei driver.	Não foi possível ler a lista de drivers.	ドライバー一覧を読み込めませんでした。	Nie udało się odczytać listy sterowników.
The driver check failed.	Die Treiberprüfung ist fehlgeschlagen.	La vérification des pilotes a échoué.	드라이버 확인에 실패했습니다.	La comprobación de controladores falló.	Проверка драйверов не удалась.	Ο έλεγχος οδηγών απέτυχε.	驱动检查失败。	驅動程式檢查失敗。	Verifica dei driver non riuscita.	A verificação de drivers falhou.	ドライバーの確認に失敗しました。	Sprawdzenie sterowników nie udało się.
Graphics	Grafik	Graphiques	그래픽	Gráficos	Графика	Γραφικά	显卡	顯示卡	Grafica	Gráficos	グラフィック	Grafika
Devices	Geräte	Appareils	장치	Dispositivos	Устройства	Συσκευές	设备	裝置	Dispositivi	Dispositivos	デバイス	Urządzenia
Nothing to show for this device.	Für dieses Gerät gibt es nichts anzuzeigen.	Rien à afficher pour cet appareil.	이 기기에 대해 표시할 내용이 없습니다.	No hay nada que mostrar para este dispositivo.	Для этого устройства нечего показать.	Τίποτα προς εμφάνιση για αυτή τη συσκευή.	这台设备没有可显示的内容。	這台裝置沒有可顯示的內容。	Nulla da mostrare per questo dispositivo.	Nada a mostrar para este dispositivo.	このデバイスに表示するものはありません。	Nic do pokazania dla tego urządzenia.
The list could not be refreshed; showing what was known last.	Die Liste konnte nicht aktualisiert werden; angezeigt wird der letzte bekannte Stand.	La liste n'a pas pu être actualisée ; affichage du dernier état connu.	목록을 새로 고칠 수 없어 마지막으로 확인된 내용을 표시합니다.	No se pudo actualizar la lista; se muestra el último estado conocido.	Не удалось обновить список; показано последнее известное.	Η λίστα δεν ανανεώθηκε· εμφανίζεται ό,τι ήταν γνωστό τελευταία.	列表无法刷新；显示的是上次已知的内容。	清單無法重新整理；顯示的是上次已知的內容。	Impossibile aggiornare l'elenco; mostro l'ultimo stato noto.	Não foi possível atualizar a lista; mostrando o último estado conhecido.	一覧を更新できませんでした。最後に分かっていた内容を表示しています。	Nie udało się odświeżyć listy; pokazano ostatni znany stan.
installed	installiert	installé	설치됨	instalado	установлено	εγκατεστημένη	已安装	已安裝	installato	instalado	導入済み	zainstalowano
available	verfügbar	disponible	사용 가능	disponible	доступно	διαθέσιμη	可获取	可取得	disponibile	disponível	入手可能	dostępne
not installed	nicht installiert	non installé	설치되지 않음	no instalado	не установлено	μη εγκατεστημένη	未安装	未安裝	non installato	não instalado	未インストール	niezainstalowane
Update available	Update verfügbar	Mise à jour disponible	업데이트 있음	Actualización disponible	Доступно обновление	Διαθέσιμη ενημέρωση	有可用更新	有可用更新	Aggiornamento disponibile	Atualização disponível	更新があります	Dostępna aktualizacja
Update available (beta)	Update verfügbar (Beta)	Mise à jour disponible (bêta)	업데이트 있음(베타)	Actualización disponible (beta)	Доступно обновление (бета)	Διαθέσιμη ενημέρωση (beta)	有可用更新 (测试版)	有可用更新 (測試版)	Aggiornamento disponibile (beta)	Atualização disponível (beta)	更新があります (ベータ)	Dostępna aktualizacja (beta)
Muted	Stumm	Ignoré	음소거됨	Silenciado	Без звука	Σε σίγαση	已静音	已靜音	Muto	Mudo	ミュート	Wyciszone
Checking with Windows… this can take up to a minute.	Windows wird gefragt … das kann bis zu einer Minute dauern.	Interrogation de Windows… cela peut prendre jusqu'à une minute.	Windows에 확인 중… 1분 정도 걸릴 수 있습니다.	Consultando a Windows… puede tardar hasta un minuto.	Проверка через Windows… может занять до минуты.	Γίνεται έλεγχος με τα Windows… μπορεί να πάρει έως ένα λεπτό.	正在向 Windows 查询… 可能需要一分钟。	正在向 Windows 查詢… 可能需要一分鐘。	Verifica con Windows… può volerci fino a un minuto.	Verificando com o Windows… pode levar até um minuto.	Windows に確認中… 1 分ほどかかることがあります。	Sprawdzanie z Windows… może potrwać do minuty.
The check asks Microsoft directly and takes a moment.	Die Prüfung fragt direkt bei Microsoft an und dauert einen Moment.	La vérification interroge Microsoft directement et prend un moment.	이 확인은 Microsoft에 직접 물어보므로 잠시 걸립니다.	La comprobación consulta a Microsoft directamente y tarda un momento.	Проверка обращается напрямую к Microsoft и занимает время.	Ο έλεγχος ρωτά απευθείας τη Microsoft και θέλει λίγο χρόνο.	这次检查直接询问 Microsoft，需要一点时间。	這次檢查直接詢問 Microsoft，需要一點時間。	La verifica interroga Microsoft e richiede un momento.	A verificação consulta a Microsoft e leva um momento.	この確認は Microsoft に直接問い合わせるため、少し時間がかかります。	Sprawdzenie pyta bezpośrednio Microsoft i chwilę trwa.
Could not check	Prüfung nicht möglich	Vérification impossible	확인할 수 없음	No se pudo comprobar	Не удалось проверить	Δεν έγινε έλεγχος	无法检查	無法檢查	Verifica non riuscita	Verificação falhou	確認できませんでした	Nie sprawdzono
The answer could not be read.	Die Antwort konnte nicht gelesen werden.	La réponse n'a pas pu être lue.	응답을 읽지 못했습니다.	No se pudo leer la respuesta.	Не удалось прочитать ответ.	Η απάντηση δεν διαβάστηκε.	无法读取回应。	無法讀取回應。	Impossibile leggere la risposta.	Não foi possível ler a resposta.	応答を読み取れませんでした。	Nie udało się odczytać odpowiedzi.
The check failed.	Prüfung fehlgeschlagen.	La vérification a échoué.	확인에 실패했습니다.	La comprobación falló.	Проверка не удалась.	Ο έλεγχος απέτυχε.	检查失败。	檢查失敗。	Verifica non riuscita.	A verificação falhou.	確認に失敗しました。	Sprawdzenie nie udało się.
No result from Windows Update	Kein Ergebnis von Windows Update	Aucun résultat de Windows Update	Windows 업데이트 결과 없음	Sin resultado de Windows Update	Нет результата от Windows Update	Κανένα αποτέλεσμα από το Windows Update	Windows Update 没有结果	Windows Update 沒有結果	Nessun risultato da Windows Update	Sem resultado do Windows Update	Windows Update から結果がありません	Brak wyniku z Windows Update
The search ended with code {0}.	Die Suche endete mit Code {0}.	La recherche s'est terminée avec le code {0}.	검색이 코드 {0}(으)로 끝났습니다.	La búsqueda terminó con el código {0}.	Поиск завершился с кодом {0}.	Η αναζήτηση τερμάτισε με κωδικό {0}.	搜索以代码 {0} 结束。	搜尋以代碼 {0} 結束。	La ricerca è terminata con codice {0}.	A busca terminou com o código {0}.	検索がコード {0} で終了しました。	Wyszukiwanie zakończyło się kodem {0}.
Up to date	Aktuell	À jour	최신 상태	Actualizado	Актуально	Ενημερωμένο	已是最新	已是最新	Aggiornato	Atualizado	最新です	Aktualne
Windows has nothing pending for this machine.	Windows hat für dieses Gerät nichts offen.	Windows n'a rien en attente pour cette machine.	이 PC에 대기 중인 Windows 업데이트가 없습니다.	Windows no tiene nada pendiente para este equipo.	У Windows нет ничего в ожидании для этой машины.	Τα Windows δεν έχουν τίποτα σε εκκρεμότητα για αυτό το μηχάνημα.	Windows 对这台机器没有待办项。	Windows 對這台機器沒有待辦項。	Windows non ha nulla in sospeso per questa macchina.	O Windows não tem nada pendente para esta máquina.	この PC に保留中の更新はありません。	Windows nie ma nic oczekującego dla tej maszyny.
{0} update(s) ready	{0} Update(s) bereit	{0} mise(s) à jour prête(s)	업데이트 {0}개 준비됨	{0} actualización(es) lista(s)	Готово обновлений: {0}	{0} ενημέρωση/εις έτοιμες	{0} 个更新已就绪	{0} 個更新已就緒	{0} aggiornamenti pronti	{0} atualização(ões) pronta(s)	{0} 件の更新があります	{0} aktualizacji gotowych
Install them in Windows Update.	In Windows Update installieren.	Installez-les dans Windows Update.	Windows 업데이트에서 설치하세요.	Instalarlas en Windows Update.	Установите их в Windows Update.	Εγκαταστήστε τες από το Windows Update.	请在 Windows Update 中安装。	請在 Windows Update 中安裝。	Installali in Windows Update.	Instale-as no Windows Update.	Windows Update からインストールしてください。	Zainstaluj je w Windows Update.
Checked at {0}	Geprüft um {0}	Vérifié à {0}	{0}에 확인함	Comprobado a las {0}	Проверено в {0}	Ελέγχθηκε στις {0}	检查于 {0}	檢查於 {0}	Verificato alle {0}	Verificado às {0}	確認日時 {0}	Sprawdzono o {0}
Restart pending	Neustart steht aus	Redémarrage en attente	다시 시작 필요	Reinicio pendiente	Ожидается перезагрузка	Εκκρεμεί επανεκκίνηση	待重启	待重新啟動	Riavvio in sospeso	Reinício pendente	再起動が保留中	Oczekuje restart
Windows needs a restart to finish an update.	Windows braucht einen Neustart, um ein Update abzuschließen.	Windows a besoin d'un redémarrage pour terminer une mise à jour.	업데이트를 마치려면 Windows를 다시 시작해야 합니다.	Windows necesita reiniciarse para terminar una actualización.	Windows нужна перезагрузка, чтобы завершить обновление.	Τα Windows χρειάζονται επανεκκίνηση για να ολοκληρώσουν μια ενημέρωση.	Windows 需要重启才能完成更新。	Windows 需要重新啟動才能完成更新。	Windows deve riavviare per completare un aggiornamento.	O Windows precisa reiniciar para concluir uma atualização.	更新を完了するには Windows の再起動が必要です。	Windows wymaga restartu, aby dokończyć aktualizację.
restart required	Neustart erforderlich	redémarrage requis	다시 시작 필요 항목	requiere reinicio	нужна перезагрузка	απαιτείται επανεκκίνηση	需要重启	需要重新啟動	riavvio necessario	reinício necessário	再起動が必要	wymagany restart
restart possible	Neustart möglich	redémarrage possible	다시 시작할 수 있음	posible reinicio	возможна перезагрузка	πιθανή επανεκκίνηση	可以重启	可以重新啟動	riavvio possibile	reinício possível	再起動できます	restart możliwy
Check Windows Update	Windows Update prüfen	Vérifier Windows Update	Windows 업데이트 확인	Comprobar Windows Update	Проверить Windows Update	Έλεγχος του Windows Update	检查 Windows Update	檢查 Windows Update	Controlla Windows Update	Verificar o Windows Update	Windows Update を確認	Sprawdź Windows Update
Open Windows Update	Windows Update öffnen	Ouvrir Windows Update	Windows 업데이트 열기	Abrir Windows Update	Открыть Windows Update	Άνοιγμα του Windows Update	打开 Windows Update	開啟 Windows Update	Apri Windows Update	Abrir o Windows Update	Windows Update を開く	Otwórz Windows Update
Drivers & Updates	Treiber & Updates	Pilotes et mises à jour	드라이버 및 업데이트	Drivers y actualizaciones	Драйверы и обновления	Οδηγοί & ενημερώσεις	驱动与更新	驅動程式與更新	Driver e aggiornamenti	Drivers e atualizações	ドライバーと更新	Sterowniki i aktualizacje
Device drivers and the state of Windows Update.	Gerätetreiber und der Stand von Windows Update.	Pilotes de périphériques et état de Windows Update.	장치 드라이버와 Windows 업데이트 상태.	Controladores de dispositivo y el estado de Windows Update.	Драйверы устройств и состояние Windows Update.	Οι οδηγοί συσκευών και η κατάσταση του Windows Update.	设备驱动以及 Windows Update 的状态。	裝置驅動程式以及 Windows Update 的狀態。	I driver del dispositivo e lo stato di Windows Update.	Drivers do dispositivo e o estado do Windows Update.	デバイスドライバーと Windows Update の状態。	Sterowniki urządzeń i stan Windows Update.
Device drivers and Windows Update.	Gerätetreiber und Windows Update.	Pilotes de périphériques et Windows Update.	장치 드라이버와 Windows 업데이트.	Controladores de dispositivo y Windows Update.	Драйверы устройств и Windows Update.	Οδηγοί συσκευών και Windows Update.	设备驱动和 Windows Update。	裝置驅動程式和 Windows Update。	Driver del dispositivo e Windows Update.	Drivers do dispositivo e Windows Update.	デバイスドライバーと Windows Update。	Sterowniki urządzeń i Windows Update.
Cannot tell	Nicht feststellbar	Impossible à dire	확인 불가	No se sabe	Неизвестно	Άγνωστο	无法判断	無法判斷	Non si sa	Não dá para saber	判断できません	Nie wiadomo
Notifications	Benachrichtigungen	Notifications	알림	Notificaciones	Уведомления	Ειδοποιήσεις	通知	通知	Notifiche	Notificações	通知	Powiadomienia
Center tells you here when a driver, a Windows update or a new widget build turns up.	Hier meldet Center, wenn ein Treiber, ein Windows-Update oder eine neue Widget-Version auftaucht.	Center vous prévient ici quand un pilote, une mise à jour Windows ou une nouvelle version du widget arrive.	드라이버, Windows 업데이트, 새 위젯 버전이 나오면 Center가 여기에서 알려줍니다.	Center te avisa aquí cuando aparece un controlador, una actualización de Windows o una nueva versión del widget.	Center сообщает здесь, когда появляется драйвер, обновление Windows или новая сборка виджета.	Εδώ σας λέει το Center όταν εμφανιστεί οδηγός, ενημέρωση Windows ή νέα έκδοση widget.	出现驱动、Windows 更新或新的小组件版本时，Center 会在这里告诉你。	出現驅動程式、Windows 更新或新的小工具版本時，Center 會在這裡告訴你。	Qui Center ti avvisa quando compare un driver, un aggiornamento di Windows o una nuova build del widget.	O Center avisa aqui quando aparece um driver, uma atualização do Windows ou um novo build do widget.	ドライバー、Windows の更新、新しいウィジェットのビルドが出ると、Center がここで知らせます。	Center informuje tutaj, gdy pojawi się sterownik, aktualizacja Windows lub nowa wersja widżetu.
Mark all as read	Alle als gelesen markieren	Tout marquer comme lu	모두 읽음으로 표시	Marcar todo como leído	Отметить всё прочитанным	Όλα ως αναγνωσμένα	全部标为已读	全部標為已讀	Segna tutto come letto	Marcar tudo como lido	すべて既読にする	Oznacz jako przeczytane
Never	Nie	Jamais	안 함	Nunca	Никогда	Ποτέ	从不	從不	Mai	Nunca	しない	Nigdy
Every week	Jede Woche	Chaque semaine	매주	Cada semana	Каждую неделю	Κάθε εβδομάδα	每周	每週	Ogni settimana	Toda semana	毎週	Co tydzień
Every {0} weeks	Alle {0} Wochen	Toutes les {0} semaines	{0}주마다	Cada {0} semanas	Каждые {0} нед.	Κάθε {0} εβδομάδες	每 {0} 周	每 {0} 週	Ogni {0} settimane	A cada {0} semanas	{0} 週ごと	Co {0} tygodnie
Include test versions	Testversionen einbeziehen	Inclure les versions de test	테스트 버전 포함	Incluir versiones de prueba	Включая тестовые версии	Μαζί με δοκιμαστικές εκδόσεις	包含测试版本	包含測試版本	Includi le versioni di test	Incluir versões de teste	テスト版も含める	Uwzględnij wersje testowe
ClawTweaks {0} is available	ClawTweaks {0} ist verfügbar	ClawTweaks {0} est disponible	ClawTweaks {0} 사용 가능	ClawTweaks {0} está disponible	Доступен ClawTweaks {0}	Το ClawTweaks {0} είναι διαθέσιμο	ClawTweaks {0} 可用	ClawTweaks {0} 可用	ClawTweaks {0} è disponibile	ClawTweaks {0} está disponível	ClawTweaks {0} が利用できます	ClawTweaks {0} jest dostępny
Install it under Update & Release.	Unter Update & Release installieren.	Installez-la sous Update & Release.	Update & Release에서 설치하세요.	Instálala en Update & Release.	Установите в Update & Release.	Εγκαταστήστε το στο Ενημέρωση & Έκδοση.	在「更新与发布」中安装。	在「更新與發佈」中安裝。	Installalo in Update & Release.	Instale em Update & Release.	「更新とリリース」からインストールしてください。	Zainstaluj w Update & Release.
Driver update: {0}	Treiberupdate: {0}	Mise à jour de pilote : {0}	드라이버 업데이트: {0}	Nuevo controlador: {0}	Обновление драйвера: {0}	Ενημέρωση οδηγού: {0}	驱动更新：{0}	驅動程式更新：{0}	Nuovo driver: {0}	Atualização de driver: {0}	ドライバー更新: {0}	Aktualizacja sterownika: {0}
Version {0} is available.	Version {0} ist verfügbar.	La version {0} est disponible.	버전 {0}을(를) 사용할 수 있습니다.	La versión {0} está disponible.	Доступна версия {0}.	Η έκδοση {0} είναι διαθέσιμη.	版本 {0} 可用。	版本 {0} 可用。	La versione {0} è disponibile.	A versão {0} está disponível.	バージョン {0} が利用できます。	Wersja {0} jest dostępna.
{0} Windows update(s) waiting	{0} Windows-Update(s) warten	{0} mise(s) à jour Windows en attente	Windows 업데이트 {0}개 대기 중	{0} actualización(es) de Windows en espera	Ожидает обновлений Windows: {0}	{0} ενημέρωση/εις Windows σε αναμονή	{0} 个 Windows 更新等待中	{0} 個 Windows 更新等待中	{0} aggiornamenti Windows in attesa	{0} atualização(ões) do Windows aguardando	Windows の更新が {0} 件あります	{0} aktualizacji Windows czeka
No new notifications	Keine neuen Benachrichtigungen	Aucune nouvelle notification	새 알림 없음	Sin notificaciones nuevas	Новых уведомлений нет	Καμία νέα ειδοποίηση	没有新通知	沒有新通知	Nessuna nuova notifica	Nenhuma notificação nova	新しい通知はありません	Brak nowych powiadomień
Gamebar Widget Releases	Gamebar Widget Releases	Gamebar Widget Releases	Gamebar 위젯 릴리스	Gamebar Widget Releases	Релизы виджета Game Bar	Εκδόσεις widget Gamebar	Gamebar 小组件发布	Gamebar 小工具發佈	Release del widget Game Bar	Releases do widget da Game Bar	Gamebar ウィジェットのリリース	Wydania widżetu Game Bar
Check for updates and notify	Nach Updates suchen und benachrichtigen	Rechercher des mises à jour et notifier	업데이트 확인 및 알림	Buscar actualizaciones y notificar	Проверять обновления и уведомлять	Έλεγχος για ενημερώσεις και ειδοποίηση	检查更新并通知	檢查更新並通知	Cerca aggiornamenti e avvisa	Verificar atualizações e avisar	更新を確認して知らせる	Sprawdzaj aktualizacje i powiadamiaj
Windows Update	Windows Update	Windows Update	Windows 업데이트	Windows Update					Windows Update			
Status			상태		Статус	Κατάσταση	状态	狀態	Stato		状態	Stan
Uninstall…	Deinstallieren…	Désinstaller…	제거…	Desinstalar…	Удалить…	Απεγκατάσταση…	卸载…	解除安裝…	Disinstalla…	Desinstalar…	アンインストール…	Odinstaluj…
Steam removes the game files	Steam entfernt die Spieldateien	Steam supprime les fichiers du jeu	Steam이 게임 파일을 삭제합니다	Steam elimina los archivos del juego	Steam удаляет файлы игры	Το Steam αφαιρεί τα αρχεία του παιχνιδιού	Steam 会删除游戏文件	Steam 會刪除遊戲檔案	Steam rimuove i file del gioco	O Steam remove os arquivos do jogo	Steam がゲームのファイルを削除します	Steam usuwa pliki gry
Back to Recent	Zurück zu Zuletzt	Retour aux Récents	최근 항목으로	Volver a Recientes	К «Недавним»	Πίσω στα Πρόσφατα	返回「最近」	返回「最近」	Torna a Recent	Voltar a Recentes	「最近」に戻る	Wróć do Ostatnich
Tab visibility & order	Tab-Sichtbarkeit & Reihenfolge	Visibilité et ordre des onglets	탭 표시 및 순서	Visibilidad y orden de pestañas	Видимость и порядок вкладок	Ορατότητα και σειρά καρτελών	标签显示与顺序	標籤顯示與順序	Visibilità e ordine delle schede	Visibilidade e ordem das abas	タブの表示と並び	Widoczność i kolejność kart
Favorite	Favorit	Favori	즐겨찾기	Favorito	В избранное	Αγαπημένο	收藏	收藏	Preferito	Favoritar	お気に入り	Ulubione
Unfavorite	Favorit entfernen	Ôter des favoris	즐겨찾기 해제	Quitar favorito	Из избранного	Όχι αγαπημένο	取消收藏	取消收藏	Non preferito	Desfavoritar	お気に入り解除	Usuń z ulubionych
Rename…	Umbenennen…	Renommer…	이름 바꾸기…	Renombrar…	Переимен.…	Μετονομασία…	重命名…	重新命名…	Rinomina…	Renomear…	名前の変更…	Zmień nazwę…
Rename	Umbenennen	Renommer	이름 바꾸기	Renombrar	Переимен.	Μετονομασία	重命名	重新命名	Rinomina	Renomear	名前の変更	Zmień nazwę
Remove	Entfernen	Retirer	제거	Quitar	Убрать	Αφαίρεση	移除	移除	Rimuovi	Remover	削除	Usuń
Other	Sonstige	Autres	기타	Otros	Другое	Άλλο	其他	其他	Altro	Outros	その他	Inne
Recent immersive	Zuletzt Tab Immersiv	Récents immersif	최근 몰입 모드	Recientes inmersivo	Иммерсивные «Недавние»	Πρόσφατα καθηλωτικά	最近沉浸式	最近沉浸式	Recent immersivo	Recentes imersivo	最近を大きく表示	Ostatnie immersyjne
OptiScaler wiki · {0}	OptiScaler-Wiki · {0}	Wiki OptiScaler · {0}	OptiScaler 위키 · {0}	Wiki de OptiScaler · {0}	Вики OptiScaler · {0}	Wiki του OptiScaler · {0}			Wiki OptiScaler · {0}	Wiki do OptiScaler · {0}	OptiScaler の wiki · {0}	Wiki OptiScaler · {0}
Sleep	Standby	Veille	절전	Suspender	Сон	Αναστολή	睡眠	睡眠	Sospendi	Suspender	スリープ	Uśpij
Hibernate	Ruhezustand	Veille prolongée	최대 절전	Hibernar	Гибернация	Αδρανοποίηση	休眠	休眠	Ibernazione	Hibernar	休止状態	Hibernuj
Launch	Starten	Lancer	실행	Iniciar	Запустить	Εκκίνηση	启动	啟動	Avvia	Iniciar	起動	Uruchom
Edit	Ändern	Modifier	편집	Editar	Изменить	Επεξεργασία	编辑	編輯	Modifica	Editar	編集	Edytuj
Auto pre-restore — {0}	Auto-Sicherung vor Restore — {0}	Auto avant restauration — {0}	복원 전 자동 백업 — {0}	Copia automática previa — {0}	Копия перед восстановлением — {0}	Αντίγραφο πριν την επαναφορά — {0}	还原前自动备份 — {0}	還原前自動備份 — {0}	Pre-ripristino automatico — {0}	Pré-restauração automática — {0}	復元前の自動バックアップ — {0}	Kopia sprzed przywracania — {0}
ClawTweaks {0} · {1} · {2} stores · {3}	ClawTweaks {0} · {1} · {2} Stores · {3}	ClawTweaks {0} · {1} · {2} boutiques · {3}	ClawTweaks {0} · {1} · 스토어 {2}개 · {3}	ClawTweaks {0} · {1} · {2} tiendas · {3}	ClawTweaks {0} · {1} · магазинов: {2} · {3}	ClawTweaks {0} · {1} · {2} καταστήματα · {3}	ClawTweaks {0} · {1} · {2} 个商店 · {3}	ClawTweaks {0} · {1} · {2} 個商店 · {3}	ClawTweaks {0} · {1} · {2} archivi · {3}	ClawTweaks {0} · {1} · {2} lojas · {3}	ClawTweaks {0} · {1} · {2} ストア · {3}	ClawTweaks {0} · {1} · {2} sklepów · {3}
Choose a program	Programm auswählen	Choisir un programme	프로그램 선택	Elegir un programa	Выберите программу	Επιλέξτε πρόγραμμα	选择一个程序	選擇一個程式	Scegli un programma	Escolha um programa	プログラムを選ぶ	Wybierz program
Add	Anlegen	Ajouter	추가	Añadir	Добавить	Προσθήκη	添加	新增	Aggiungi	Add.	追加	Dodaj
Add {0}	{0} anlegen	Ajouter {0}	{0}개 추가	Añadir {0}	Добавить {0}	Προσθήκη {0}	添加 {0}	新增 {0}	Aggiungi {0}	Add. {0}	{0} を追加	Dodaj {0}
Open Center	Center öffnen	Ouvrir Center	Center 열기	Abrir Center	Открыть Center	Άνοιγμα του Center	打开 Center	開啟 Center	Apri Center	Abrir o Center	Center を開く	Otwórz Center
Open Library	Bibliothek öffnen	Ouvrir bibliothèque	라이브러리 열기	Abrir la biblioteca	Открыть библиотеку	Άνοιγμα βιβλιοθήκης	打开游戏库	開啟遊戲庫	Apri libreria	Abrir a biblioteca	ライブラリを開く	Otwórz bibliotekę
Exit Center	Center beenden	Quitter Center	Center 종료	Salir de Center	Выйти из Center	Έξοδος Center	退出 Center	結束 Center	Esci da Center	Sair do Center	Center を終了	Zamknij Center
The update could not install itself. Try the button below.	Das Update konnte sich nicht selbst installieren. Nutze den Knopf unten.	La mise à jour n'a pas pu s'installer. Essayez le bouton ci-dessous.	업데이트를 자동으로 설치하지 못했습니다. 아래 버튼을 사용하세요.	La actualización no pudo instalarse sola. Prueba el botón de abajo.	Обновление не смогло установиться. Попробуйте кнопку ниже.	Η ενημέρωση δεν μπόρεσε να εγκατασταθεί μόνη της. Δοκιμάστε το κουμπί πιο κάτω.	更新无法自行安装。试试下面的按钮。	更新無法自行安裝。試試下面的按鈕。	L'aggiornamento non si è installato da solo. Prova il pulsante qui sotto.	A atualização não conseguiu se instalar. Tente o botão abaixo.	更新が自分でインストールできませんでした。下のボタンを試してください。	Aktualizacja nie mogła się zainstalować. Spróbuj przyciskiem poniżej.
Installing…	Installiere…	Installation…	설치 중…	Instalando…	Установка…	Εγκατάσταση…	正在安装…	正在安裝…	Installazione…	Instalando…	インストール中…	Instalowanie…
Install update now	Update jetzt installieren	Installer la mise à jour	지금 업데이트 설치	Instalar actualización ahora	Установить обновление сейчас	Εγκατάσταση ενημέρωσης τώρα	立即安装更新	立即安裝更新	Installa l'aggiornamento ora	Instalar atualização agora	今すぐ更新をインストール	Zainstaluj aktualizację teraz
Version {0} is still installed for all users, in {1}. This version installs into your own user folder instead, so the old one is no longer used — but it stays in Settings → Apps and in the Start Menu until it's removed, where it's easy to launch by mistake.	Version {0} ist noch für alle Benutzer installiert, in {1}. Diese Version installiert sich stattdessen in deinen Benutzerordner; die alte wird nicht mehr benutzt — bleibt aber in Einstellungen → Apps und im Startmenü, bis sie entfernt ist, und lässt sich dort leicht versehentlich starten.	La version {0} est encore installée pour tous les utilisateurs, dans {1}. Cette version s'installe dans votre dossier utilisateur ; l'ancienne n'est plus utilisée — mais elle reste dans Paramètres → Applications et dans le menu Démarrer jusqu'à sa suppression, où il est facile de la lancer par erreur.	버전 {0}이(가) 아직 모든 사용자용으로 {1}에 설치되어 있습니다. 이 버전은 대신 사용자 폴더에 설치되므로 이전 버전은 더 이상 사용되지 않지만, 제거할 때까지 설정 → 앱과 시작 메뉴에 남아 실수로 실행하기 쉽습니다.	La versión {0} sigue instalada para todos los usuarios, en {1}. Esta versión se instala en tu carpeta de usuario, así que la antigua ya no se usa — pero sigue en Configuración → Aplicaciones y en el menú Inicio hasta que se quite, donde es fácil abrirla por error.	Версия {0} всё ещё установлена для всех пользователей в {1}. Эта версия ставится в вашу папку пользователя, поэтому старая больше не используется — но она остаётся в Параметры → Приложения и в меню «Пуск», пока её не удалят, и её легко запустить по ошибке.	Η έκδοση {0} είναι ακόμη εγκατεστημένη για όλους τους χρήστες, στο {1}. Αυτή η έκδοση εγκαθίσταται στον δικό σας φάκελο χρήστη, οπότε η παλιά δεν χρησιμοποιείται πια — μένει όμως στις Ρυθμίσεις → Εφαρμογές και στο μενού Έναρξη μέχρι να αφαιρεθεί, όπου ξεκινά εύκολα κατά λάθος.	版本 {0} 仍为所有用户安装在 {1}。这个版本改装到你自己的用户文件夹，所以旧的那个不再被使用 — 但在删除之前它仍留在设置 → 应用和开始菜单里，很容易误启动。	版本 {0} 仍為所有使用者安裝在 {1}。這個版本改裝到你自己的使用者資料夾，所以舊的那個不再被使用 — 但在移除之前它仍留在設定 → 應用程式和開始功能表裡，很容易誤啟動。	La versione {0} è ancora installata per tutti gli utenti, in {1}. Questa versione si installa invece nella tua cartella utente, quindi la vecchia non viene più usata — ma resta in Impostazioni → App e nel menu Start finché non viene rimossa, dove è facile avviarla per sbaglio.	A versão {0} ainda está instalada para todos os usuários, em {1}. Esta versão se instala na sua pasta de usuário, então a antiga não é mais usada — mas ela fica em Configurações → Aplicativos e no menu Iniciar até ser removida, onde é fácil abri-la por engano.	バージョン {0} が全ユーザー向けに {1} にまだ入っています。このバージョンはあなたのユーザーフォルダーに入るので古い方は使われませんが、削除するまで設定 → アプリとスタートメニューに残り、間違って起動しやすい状態です。	Wersja {0} jest nadal zainstalowana dla wszystkich użytkowników, w {1}. Ta wersja instaluje się w Twoim folderze użytkownika, więc stara nie jest już używana — ale pozostaje w Ustawienia → Aplikacje i w menu Start, dopóki nie zostanie usunięta, gdzie łatwo ją uruchomić przez pomyłkę.
A previous version is still installed for all users, in {0}. This version installs into your own user folder instead, so the old one is no longer used — but it stays in Settings → Apps and in the Start Menu until it's removed, where it's easy to launch by mistake.	Eine frühere Version ist noch für alle Benutzer installiert, in {0}. Diese Version installiert sich stattdessen in deinen Benutzerordner; die alte wird nicht mehr benutzt — bleibt aber in Einstellungen → Apps und im Startmenü, bis sie entfernt ist, und lässt sich dort leicht versehentlich starten.	Une version antérieure est encore installée pour tous les utilisateurs, dans {0}. Cette version s'installe dans votre dossier utilisateur ; l'ancienne n'est plus utilisée — mais elle reste dans Paramètres → Applications et dans le menu Démarrer jusqu'à sa suppression, où il est facile de la lancer par erreur.	이전 버전이 아직 모든 사용자용으로 {0}에 설치되어 있습니다. 이 버전은 대신 사용자 폴더에 설치되므로 이전 버전은 더 이상 사용되지 않지만, 제거할 때까지 설정 → 앱과 시작 메뉴에 남아 실수로 실행하기 쉽습니다.	Una versión anterior sigue instalada para todos los usuarios, en {0}. Esta versión se instala en tu carpeta de usuario, así que la antigua ya no se usa — pero sigue en Configuración → Aplicaciones y en el menú Inicio hasta que se quite, donde es fácil abrirla por error.	Прежняя версия всё ещё установлена для всех пользователей в {0}. Эта версия ставится в вашу папку пользователя, поэтому старая больше не используется — но она остаётся в Параметры → Приложения и в меню «Пуск», пока её не удалят, и её легко запустить по ошибке.	Μια προηγούμενη έκδοση είναι ακόμη εγκατεστημένη για όλους τους χρήστες, στο {0}. Αυτή η έκδοση εγκαθίσταται στον δικό σας φάκελο χρήστη, οπότε η παλιά δεν χρησιμοποιείται πια — μένει όμως στις Ρυθμίσεις → Εφαρμογές και στο μενού Έναρξη μέχρι να αφαιρεθεί, όπου ξεκινά εύκολα κατά λάθος.	之前的版本仍为所有用户安装在 {0}。这个版本改装到你自己的用户文件夹，所以旧的那个不再被使用 — 但在删除之前它仍留在设置 → 应用和开始菜单里，很容易误启动。	之前的版本仍為所有使用者安裝在 {0}。這個版本改裝到你自己的使用者資料夾，所以舊的那個不再被使用 — 但在移除之前它仍留在設定 → 應用程式和開始功能表裡，很容易誤啟動。	Una versione precedente è ancora installata per tutti gli utenti, in {0}. Questa versione si installa invece nella tua cartella utente, quindi la vecchia non viene più usata — ma resta in Impostazioni → App e nel menu Start finché non viene rimossa, dove è facile avviarla per sbaglio.	Uma versão anterior ainda está instalada para todos os usuários, em {0}. Esta versão se instala na sua pasta de usuário, então a antiga não é mais usada — mas ela fica em Configurações → Aplicativos e no menu Iniciar até ser removida, onde é fácil abri-la por engano.	以前のバージョンが全ユーザー向けに {0} にまだ入っています。このバージョンはあなたのユーザーフォルダーに入るので古い方は使われませんが、削除するまで設定 → アプリとスタートメニューに残り、間違って起動しやすい状態です。	Poprzednia wersja jest nadal zainstalowana dla wszystkich użytkowników, w {0}. Ta wersja instaluje się w Twoim folderze użytkownika, więc stara nie jest już używana — ale pozostaje w Ustawienia → Aplikacje i w menu Start, dopóki nie zostanie usunięta, gdzie łatwo ją uruchomić przez pomyłkę.
Removing it needs administrator rights. ClawTweaks Center never asks for those — the button below starts the old version's own uninstaller, so the prompt you see comes from it, about removing itself.	Das Entfernen braucht Adminrechte. ClawTweaks Center fragt nie danach — der Knopf unten startet die Deinstallation der alten Version selbst; die Abfrage, die du siehst, kommt von ihr.	La suppression demande des droits administrateur. ClawTweaks Center ne les demande jamais — le bouton ci-dessous lance le désinstalleur de l'ancienne version ; l'invite que vous voyez vient de lui.	제거에는 관리자 권한이 필요합니다. ClawTweaks Center는 이를 요청하지 않으며, 아래 버튼은 이전 버전 자체의 제거 프로그램을 실행합니다. 표시되는 확인 창은 그 프로그램의 것입니다.	Quitarla requiere permisos de administrador. ClawTweaks Center nunca los pide — el botón de abajo inicia el desinstalador de la versión antigua; la ventana que ves es de ese programa.	Для удаления нужны права администратора. ClawTweaks Center их никогда не запрашивает — кнопка ниже запускает собственный деинсталлятор старой версии, так что запрос, который вы увидите, исходит от него и касается его удаления.	Η αφαίρεσή της χρειάζεται δικαιώματα διαχειριστή. Το ClawTweaks Center δεν τα ζητά ποτέ — το κουμπί πιο κάτω ξεκινά το πρόγραμμα απεγκατάστασης της παλιάς έκδοσης, οπότε το μήνυμα που βλέπετε έρχεται από εκείνη, για την αφαίρεση του εαυτού της.	删除它需要管理员权限。ClawTweaks Center 从不索取这些权限 — 下面的按钮启动的是旧版本自己的卸载程序，所以你看到的提示来自它，用于删除它自己。	移除它需要系統管理員權限。ClawTweaks Center 從不索取這些權限 — 下面的按鈕啟動的是舊版本自己的解除安裝程式，所以你看到的提示來自它，用來移除它自己。	Per rimuoverla servono i diritti di amministratore. ClawTweaks Center non li chiede mai — il pulsante qui sotto avvia il programma di disinstallazione della vecchia versione, quindi la richiesta che vedi viene da quello, per rimuovere sé stesso.	Removê-la exige direitos de administrador. O ClawTweaks Center nunca os pede — o botão abaixo inicia o próprio desinstalador da versão antiga, então o pedido que você vê vem dele, sobre remover a si mesmo.	削除には管理者権限が必要です。ClawTweaks Center がそれを求めることはありません — 下のボタンは古いバージョン自身のアンインストーラーを起動するので、表示される確認はそちらのものです。	Usunięcie wymaga uprawnień administratora. ClawTweaks Center nigdy o nie nie prosi — przycisk poniżej uruchamia własny deinstalator starej wersji, więc monit, który widzisz, pochodzi od niego i dotyczy usunięcia jego samego.
Scroll	Scrollen	Défiler	스크롤	Desplazar	Прокрутка	Κύλιση	滚动	捲動	Scorri	Rolar	スクロール	Przewiń
These install kernel drivers. Without the restart everything looks installed and the virtual controller still won't start.	Das sind Kerneltreiber. Ohne Neustart sieht alles installiert aus, und der virtuelle Controller startet trotzdem nicht.	Ce sont des pilotes noyau. Sans redémarrage, tout semble installé et la manette virtuelle ne démarre toujours pas.	커널 드라이버를 설치합니다. 다시 시작하지 않으면 설치된 것처럼 보여도 가상 컨트롤러가 시작되지 않습니다.	Instalan controladores del kernel. Sin reiniciar todo parece instalado y el mando virtual sigue sin arrancar.	Они устанавливают драйверы ядра. Без перезагрузки всё выглядит установленным, но виртуальный контроллер не запустится.	Αυτά εγκαθιστούν οδηγούς πυρήνα. Χωρίς την επανεκκίνηση όλα φαίνονται εγκατεστημένα και το εικονικό χειριστήριο δεν ξεκινά.	这些会安装内核驱动。不重启的话，一切看起来都装好了，但虚拟手柄仍然无法启动。	這些會安裝核心驅動程式。不重新啟動的話，一切看起來都裝好了，但虛擬控制器仍然無法啟動。	Questi installano driver kernel. Senza il riavvio tutto sembra installato e il controller virtuale comunque non parte.	Eles instalam drivers de kernel. Sem o reinício tudo parece instalado, mas o controle virtual não inicia.	これらはカーネルドライバーを入れます。再起動しないと、見た目は入っていても仮想コントローラーは起動しません。	Instalują sterowniki jądra. Bez restartu wszystko wygląda na zainstalowane, a wirtualny kontroler i tak się nie uruchomi.
Version {0}	Version {0}	Version {0}	버전 {0}	Versión {0}	Версия {0}	Έκδοση {0}	版本 {0}	版本 {0}	Versione {0}	Versão {0}	バージョン {0}	Wersja {0}
The new ClawTweaks Center needs no administrator rights and installs to a different location.	Das neue ClawTweaks Center braucht keine Adminrechte und installiert sich an einen anderen Ort.	Le nouveau ClawTweaks Center ne demande pas de droits administrateur et s'installe ailleurs.	새 ClawTweaks Center는 관리자 권한이 필요 없고 다른 위치에 설치됩니다.	El nuevo ClawTweaks Center no necesita permisos de administrador y se instala en otra ubicación.	Новому ClawTweaks Center не нужны права администратора, и он ставится в другое место.	Το νέο ClawTweaks Center δεν χρειάζεται δικαιώματα διαχειριστή και εγκαθίσταται σε άλλη θέση.	新的 ClawTweaks Center 不需要管理员权限，并安装到另一个位置。	新的 ClawTweaks Center 不需要系統管理員權限，並安裝到另一個位置。	Il nuovo ClawTweaks Center non richiede diritti di amministratore e si installa in un'altra posizione.	O novo ClawTweaks Center não precisa de direitos de administrador e se instala em outro local.	新しい ClawTweaks Center は管理者権限が不要で、別の場所にインストールされます。	Nowy ClawTweaks Center nie wymaga uprawnień administratora i instaluje się w innym miejscu.
No Xbox games are registered for this account.	Für dieses Konto sind keine Xbox-Spiele registriert.	Aucun jeu Xbox n'est enregistré pour ce compte.	이 계정에 등록된 Xbox 게임이 없습니다.	No hay juegos de Xbox registrados en esta cuenta.	Для этого аккаунта нет зарегистрированных игр Xbox.	Δεν υπάρχουν καταχωρημένα παιχνίδια Xbox σε αυτόν τον λογαριασμό.	这个账号没有注册任何 Xbox 游戏。	這個帳號沒有註冊任何 Xbox 遊戲。	Nessun gioco Xbox registrato per questo account.	Nenhum jogo Xbox registrado nesta conta.	このアカウントに登録された Xbox のゲームがありません。	Brak gier Xbox zarejestrowanych na tym koncie.
No ROMs for {0}.	Keine ROMs für {0}.	Aucune ROM pour {0}.	{0} ROM이 없습니다.	No hay ROMs de {0}.	Нет ROM-ов для {0}.	Κανένα ROM για {0}.	没有 {0} 的 ROM。	沒有 {0} 的 ROM。	Nessuna ROM per {0}.	Nenhuma ROM para {0}.	{0} の ROM がありません。	Brak ROM-ów dla {0}.
Cycle	Wechseln	Changer	전환	Cambiar	Далее	Κυκλικά	循环	循環	Cambia	Alternar	切り替え	Przełączaj
checking the installed version…	installierte Version wird geprüft…	vérification de la version installée…	설치된 버전 확인 중…	comprobando la versión instalada…	проверка установленной версии…	έλεγχος της εγκατεστημένης έκδοσης…	正在检查已安装的版本…	正在檢查已安裝的版本…	verifica della versione installata…	verificando a versão instalada…	インストール済みのバージョンを確認中…	sprawdzanie zainstalowanej wersji…
you have {0}.	du hast {0}.	vous avez {0}.	현재 {0}입니다.	tienes {0}.	у вас {0}.	έχετε {0}.	你现在是 {0}。	你現在是 {0}。	hai {0}.	você tem {0}.	現在は {0} です。	masz {0}.
Requires ClawTweaks {0} or newer	Braucht ClawTweaks {0} oder neuer	Nécessite ClawTweaks {0} ou plus récent	ClawTweaks {0} 이상 필요	Requiere ClawTweaks {0} o posterior	Требуется ClawTweaks {0} или новее	Απαιτεί ClawTweaks {0} ή νεότερο	需要 ClawTweaks {0} 或更新版本	需要 ClawTweaks {0} 或更新版本	Richiede ClawTweaks {0} o successivo	Requer ClawTweaks {0} ou mais recente	ClawTweaks {0} 以降が必要です	Wymaga ClawTweaks {0} lub nowszego
Reset, Backup and Restore need ClawTweaks {0} (or 0.1.8+) — {1} Update ClawTweaks from "Update & Release" first.	Reset, Backup und Wiederherstellen brauchen ClawTweaks {0} (oder 0.1.8+) — {1} Aktualisiere ClawTweaks zuerst unter „Update & Release“.	Réinitialiser, Sauvegarder et Restaurer nécessitent ClawTweaks {0} (ou 0.1.8+) — {1} Mettez d'abord ClawTweaks à jour depuis « Update & Release ».	초기화, 백업, 복원에는 ClawTweaks {0}(또는 0.1.8+)이 필요합니다 — {1} 먼저 "Update & Release"에서 ClawTweaks를 업데이트하세요.	Restablecer, Copia y Restaurar necesitan ClawTweaks {0} (o 0.1.8+) — {1} Actualiza ClawTweaks primero desde "Update & Release".	Для сброса, копии и восстановления нужен ClawTweaks {0} (или 0.1.8+) — {1} Сначала обновите ClawTweaks в «Update & Release».	Η Επαναφορά, το Αντίγραφο και η Επαναφορά αντιγράφου χρειάζονται ClawTweaks {0} (ή 0.1.8+) — {1} Ενημερώστε πρώτα το ClawTweaks από το "Ενημέρωση & Έκδοση".	重置、备份和还原需要 ClawTweaks {0} (或 0.1.8+) — {1} 请先从「更新与发布」更新 ClawTweaks。	重設、備份和還原需要 ClawTweaks {0} (或 0.1.8+) — {1} 請先從「更新與發佈」更新 ClawTweaks。	Reset, Backup e Restore richiedono ClawTweaks {0} (o 0.1.8+) — {1} Aggiorna prima ClawTweaks da "Update & Release".	Redefinir, Backup e Restaurar precisam do ClawTweaks {0} (ou 0.1.8+) — {1} Atualize o ClawTweaks em "Update & Release" primeiro.	リセット、バックアップ、復元には ClawTweaks {0} (または 0.1.8+) が必要です — {1} 先に「更新とリリース」から ClawTweaks を更新してください。	Reset, Kopia i Przywracanie wymagają ClawTweaks {0} (lub 0.1.8+) — {1} Najpierw zaktualizuj ClawTweaks w „Update & Release”.
Unknown error.	Unbekannter Fehler.	Erreur inconnue.	알 수 없는 오류.	Error desconocido.	Неизвестная ошибка.	Άγνωστο σφάλμα.	未知错误。	未知錯誤。	Errore sconosciuto.	Erro desconhecido.	不明なエラーです。	Nieznany błąd.
Restoring backup — the helper will restart when done…	Backup wird wiederhergestellt — der Helper startet danach neu…	Restauration de la sauvegarde — le helper redémarrera ensuite…	백업 복원 중 — 완료되면 헬퍼가 다시 시작됩니다…	Restaurando la copia — el helper se reiniciará al terminar…	Восстановление копии — помощник перезапустится по завершении…	Επαναφορά αντιγράφου — ο helper θα επανεκκινήσει όταν τελειώσει…	正在还原备份 — 完成后 helper 会重启…	正在還原備份 — 完成後 helper 會重新啟動…	Ripristino del backup — l'helper si riavvierà alla fine…	Restaurando backup — o helper reiniciará ao terminar…	バックアップを復元中 — 完了するとヘルパーが再起動します…	Przywracanie kopii — helper uruchomi się ponownie po zakończeniu…
Restore likely completed	Vermutlich wiederhergestellt	Restauration probablement terminée	복원이 완료된 것 같습니다	Restauración probablemente completada	Восстановление, вероятно, завершено	Η επαναφορά μάλλον ολοκληρώθηκε	还原大概已完成	還原大概已完成	Ripristino probabilmente completato	Restauração provavelmente concluída	復元はおそらく完了しました	Przywracanie prawdopodobnie zakończone
The helper restarted before confirming. Reopen the Game Bar (Win+G) and check your profiles — if anything looks off, restore the auto pre-restore backup.	Der Helper hat vor der Bestätigung neu gestartet. Öffne die Game Bar (Win+G) erneut und prüfe deine Profile — wenn etwas nicht stimmt, stelle das automatische Vorab-Backup wieder her.	Le helper a redémarré avant de confirmer. Rouvrez la Game Bar (Win+G) et vérifiez vos profils — en cas de doute, restaurez la sauvegarde automatique préalable.	헬퍼가 확인 전에 다시 시작되었습니다. Game Bar(Win+G)를 다시 열어 프로필을 확인하세요 — 이상하면 자동 사전 백업을 복원하세요.	El helper se reinició antes de confirmar. Vuelve a abrir la Game Bar (Win+G) y revisa tus perfiles — si algo falla, restaura la copia automática previa.	Помощник перезапустился до подтверждения. Откройте Game Bar (Win+G) и проверьте профили — если что-то не так, восстановите копию, сделанную перед восстановлением.	Ο helper επανεκκίνησε πριν επιβεβαιώσει. Ανοίξτε ξανά το Game Bar (Win+G) και ελέγξτε τα προφίλ σας — αν κάτι δεν φαίνεται σωστό, επαναφέρετε το αυτόματο αντίγραφο.	helper 在确认之前就重启了。请重新打开 Game Bar (Win+G) 检查你的配置文件 — 如果有异常，就还原那份自动预备份。	helper 在確認之前就重新啟動了。請重新開啟 Game Bar (Win+G) 檢查你的設定檔 — 如果有異常，就還原那份自動預備份。	L'helper si è riavviato prima di confermare. Riapri la Game Bar (Win+G) e controlla i profili — se qualcosa non torna, ripristina il backup automatico di pre-ripristino.	O helper reiniciou antes de confirmar. Reabra a Game Bar (Win+G) e confira seus perfis — se algo parecer errado, restaure o backup de pré-restauração automática.	ヘルパーが確認前に再起動しました。Game Bar (Win+G) を開いてプロファイルを確認し、おかしければ復元前の自動バックアップを戻してください。	Helper uruchomił się ponownie przed potwierdzeniem. Otwórz Game Bar (Win+G) i sprawdź profile — jeśli coś wygląda źle, przywróć automatyczną kopię sprzed przywracania.
This ZIP has no valid ClawTweaks manifest — the helper will refuse it if it isn't a real backup.	Diese ZIP hat kein gültiges ClawTweaks-Manifest — der Helper lehnt sie ab, wenn es kein echtes Backup ist.	Ce ZIP n'a pas de manifeste ClawTweaks valide — le helper le refusera si ce n'est pas une vraie sauvegarde.	이 ZIP에는 유효한 ClawTweaks 매니페스트가 없습니다 — 실제 백업이 아니면 헬퍼가 거부합니다.	Este ZIP no tiene un manifiesto ClawTweaks válido — el helper lo rechazará si no es una copia real.	В этом ZIP нет корректного манифеста ClawTweaks — помощник отклонит его, если это не настоящая копия.	Αυτό το ZIP δεν έχει έγκυρο μανιφέστο ClawTweaks — ο helper θα το απορρίψει αν δεν είναι πραγματικό αντίγραφο.	这个 ZIP 没有有效的 ClawTweaks 清单 — 如果不是真正的备份，helper 会拒绝它。	這個 ZIP 沒有有效的 ClawTweaks 資訊清單 — 如果不是真正的備份，helper 會拒絕它。	Questo ZIP non ha un manifest ClawTweaks valido — l'helper lo rifiuterà se non è un vero backup.	Este ZIP não tem um manifesto válido do ClawTweaks — o helper o recusará se não for um backup real.	この ZIP には有効な ClawTweaks のマニフェストがありません — 本物のバックアップでなければヘルパーが拒否します。	Ten ZIP nie ma poprawnego manifestu ClawTweaks — helper go odrzuci, jeśli nie jest prawdziwą kopią.
Different ClawTweaks version	Andere ClawTweaks-Version	Autre version de ClawTweaks	다른 ClawTweaks 버전	Otra versión de ClawTweaks	Другая версия ClawTweaks	Διαφορετική έκδοση ClawTweaks	ClawTweaks 版本不同	ClawTweaks 版本不同	Versione di ClawTweaks diversa	Versão diferente do ClawTweaks	ClawTweaks のバージョンが違います	Inna wersja ClawTweaks
Supported.	Unterstützt.	Pris en charge.	지원됨.	Compatible.	Поддерживается.	Υποστηρίζεται.	受支持。	支援。	Supportato.	Suportado.	対応しています。	Obsługiwane.
Recognized, but not supported yet.	Erkannt, aber noch nicht unterstützt.	Reconnu, mais pas encore pris en charge.	인식되었지만 아직 지원되지 않습니다.	Reconocido, pero aún no compatible.	Распознано, но пока не поддерживается.	Αναγνωρίζεται, αλλά δεν υποστηρίζεται ακόμη.	可以识别，但尚未支持。	可以辨識，但尚未支援。	Riconosciuto, ma non ancora supportato.	Reconhecido, mas ainda não suportado.	認識しましたが、まだ対応していません。	Rozpoznane, ale jeszcze nieobsługiwane.
Not a recognized MSI Claw — installing here is untested.	Keine erkannte MSI Claw — eine Installation hier ist ungetestet.	MSI Claw non reconnue — l'installation ici n'est pas testée.	인식된 MSI Claw가 아닙니다 — 여기서의 설치는 테스트되지 않았습니다.	No es una MSI Claw reconocida — instalar aquí no está probado.	Не распознанный MSI Claw — установка здесь не проверялась.	Δεν αναγνωρίζεται ως MSI Claw — η εγκατάσταση εδώ είναι αδοκίμαστη.	不是可识别的 MSI Claw — 在这里安装未经测试。	不是可辨識的 MSI Claw — 在這裡安裝未經測試。	MSI Claw non riconosciuta — l'installazione qui non è testata.	Não é um MSI Claw reconhecido — instalar aqui não foi testado.	MSI Claw として認識できません — ここでのインストールは未検証です。	Nierozpoznany MSI Claw — instalacja tutaj nie była testowana.
Install the missing prerequisites	Fehlende Voraussetzungen installieren	Installer les prérequis manquants	누락된 필수 구성 요소 설치	Instalar los requisitos que faltan	Установите недостающие требования	Εγκαταστήστε τα προαπαιτούμενα που λείπουν	安装缺失的先决条件	安裝缺少的必要條件	Installa i prerequisiti mancanti	Instale os pré-requisitos ausentes	不足している前提条件をインストール	Zainstaluj brakujące wymagania
Download each one from the vendor and run their installer, then re-check.	Lade jedes beim Hersteller herunter, führe den Installer aus und prüfe dann erneut.	Téléchargez chacun chez l'éditeur, lancez son installateur, puis revérifiez.	각각 제조사에서 내려받아 설치 프로그램을 실행한 뒤 다시 확인하세요.	Descarga cada uno del fabricante, ejecuta su instalador y vuelve a comprobar.	Скачайте каждое у производителя, запустите установщик, затем перепроверьте.	Κατεβάστε καθένα από τον κατασκευαστή, τρέξτε τον εγκαταστάτη τους και μετά κάντε επανέλεγχο.	从厂商处分别下载并运行它们的安装程序，然后重新检查。	從廠商處分別下載並執行它們的安裝程式，然後重新檢查。	Scarica ciascuno dal produttore, esegui il suo installer, poi ricontrolla.	Baixe cada um do fabricante, execute o instalador e verifique de novo.	それぞれベンダーからダウンロードしてインストーラーを実行し、再確認してください。	Pobierz każde od producenta, uruchom instalator, potem sprawdź ponownie.
Re-check and continue	Erneut prüfen und fortfahren	Revérifier et continuer	다시 확인하고 계속	Volver a comprobar y continuar	Перепроверить и продолжить	Επανέλεγχος και συνέχεια	重新检查并继续	重新檢查並繼續	Ricontrolla e continua	Reverificar e continuar	再確認して続ける	Sprawdź ponownie i kontynuuj
Re-check tools	Tools erneut prüfen	Revérifier les outils	도구 다시 확인	Recomprobar	Перепроверить утилиты	Επανέλεγχος εργαλείων	重新检查工具	重新檢查工具	Ricontrolla strumenti	Reverificar ferramentas	ツールを再確認	Sprawdź narzędzia znów
Trust the ClawTweaks signing certificate	Dem ClawTweaks-Signaturzertifikat vertrauen	Faire confiance au certificat de signature ClawTweaks	ClawTweaks 서명 인증서 신뢰	Confiar en el certificado de firma de ClawTweaks	Доверять сертификату подписи ClawTweaks	Κάντε έμπιστο το πιστοποιητικό υπογραφής του ClawTweaks	信任 ClawTweaks 的签名证书	信任 ClawTweaks 的簽署憑證	Rendi attendibile il certificato di firma ClawTweaks	Confiar no certificado de assinatura do ClawTweaks	ClawTweaks の署名証明書を信頼する	Zaufaj certyfikatowi podpisu ClawTweaks
ClawTweaks is signed with its own certificate, and Windows only installs a package whose certificate it trusts. You only have to do this once — every future build uses the same one.	ClawTweaks ist mit einem eigenen Zertifikat signiert, und Windows installiert nur Pakete, deren Zertifikat es vertraut. Das ist nur einmal nötig — jeder künftige Build nutzt dasselbe.	ClawTweaks est signé avec son propre certificat, et Windows n'installe qu'un paquet dont il approuve le certificat. À faire une seule fois — chaque build futur utilise le même.	ClawTweaks는 자체 인증서로 서명되어 있으며, Windows는 신뢰하는 인증서의 패키지만 설치합니다. 한 번만 하면 됩니다 — 이후 모든 빌드가 같은 인증서를 사용합니다.	ClawTweaks está firmado con su propio certificado y Windows solo instala paquetes cuyo certificado confía. Solo hay que hacerlo una vez — cada build futuro usa el mismo.	ClawTweaks подписан собственным сертификатом, а Windows устанавливает только пакет, сертификату которого доверяет. Это делается один раз — все будущие сборки используют тот же сертификат.	Το ClawTweaks υπογράφεται με δικό του πιστοποιητικό και τα Windows εγκαθιστούν πακέτο μόνο αν εμπιστεύονται το πιστοποιητικό του. Χρειάζεται μία μόνο φορά — κάθε μελλοντική έκδοση χρησιμοποιεί το ίδιο.	ClawTweaks 用自己的证书签名，而 Windows 只安装它信任其证书的包。这只需要做一次 — 以后的每个版本都用同一个证书。	ClawTweaks 用自己的憑證簽署，而 Windows 只安裝它信任其憑證的套件。這只需要做一次 — 以後的每個版本都用同一張憑證。	ClawTweaks è firmato con un proprio certificato, e Windows installa solo pacchetti con un certificato attendibile. Va fatto una sola volta — ogni build futura usa lo stesso.	O ClawTweaks é assinado com seu próprio certificado, e o Windows só instala um pacote cujo certificado ele confia. Você só precisa fazer isso uma vez — todos os builds futuros usam o mesmo.	ClawTweaks は自前の証明書で署名されており、Windows は信頼した証明書のパッケージしかインストールしません。必要なのは一度だけで、今後のビルドも同じ証明書を使います。	ClawTweaks jest podpisany własnym certyfikatem, a Windows instaluje tylko pakiet, którego certyfikatowi ufa. Robisz to tylko raz — każda przyszła wersja używa tego samego.
The certificate was imported for your user account instead of the local machine. Windows only consults the machine store when installing a package, so this has no effect. Run the import again and pick "Local Machine" on the first page.	Das Zertifikat wurde für dein Benutzerkonto statt für den lokalen Computer importiert. Windows liest beim Installieren eines Pakets nur den Computerspeicher, das hat also keine Wirkung. Starte den Import erneut und wähle auf der ersten Seite „Lokaler Computer“.	Le certificat a été importé pour votre compte utilisateur au lieu de l'ordinateur local. Windows ne consulte que le magasin de l'ordinateur pour installer un paquet, donc cela n'a aucun effet. Relancez l'importation et choisissez « Ordinateur local » sur la première page.	인증서가 로컬 컴퓨터가 아닌 사용자 계정에 가져와졌습니다. Windows는 패키지를 설치할 때 컴퓨터 저장소만 확인하므로 효과가 없습니다. 가져오기를 다시 실행하고 첫 페이지에서 "로컬 컴퓨터"를 선택하세요.	El certificado se importó para tu cuenta de usuario en vez de para el equipo local. Windows solo consulta el almacén del equipo al instalar un paquete, así que no tiene efecto. Repite la importación y elige "Equipo local" en la primera página.	Сертификат импортирован для учётной записи пользователя, а не для локального компьютера. При установке пакета Windows смотрит только в хранилище компьютера, поэтому это не сработает. Запустите импорт снова и выберите «Локальный компьютер» на первой странице.	Το πιστοποιητικό εισήχθη για τον λογαριασμό χρήστη σας αντί για τον τοπικό υπολογιστή. Τα Windows συμβουλεύονται μόνο τον χώρο του υπολογιστή όταν εγκαθιστούν πακέτο, οπότε αυτό δεν έχει αποτέλεσμα. Κάντε ξανά την εισαγωγή και επιλέξτε "Τοπικός υπολογιστής" στην πρώτη σελίδα.	证书被导入到了你的用户账户，而不是本地计算机。安装包时 Windows 只查计算机存储，所以这样没有效果。请重新导入，并在第一页选择「本地计算机」。	憑證被匯入到了你的使用者帳戶，而不是本機電腦。安裝套件時 Windows 只查電腦存放區，所以這樣沒有效果。請重新匯入，並在第一頁選擇「本機電腦」。	Il certificato è stato importato per il tuo account utente invece che per il computer locale. Windows consulta solo l'archivio del computer quando installa un pacchetto, quindi non ha effetto. Ripeti l'importazione e scegli "Computer locale" nella prima pagina.	O certificado foi importado para sua conta de usuário em vez do computador local. O Windows só consulta o repositório do computador ao instalar um pacote, então isso não tem efeito. Execute a importação de novo e escolha "Computador local" na primeira página.	証明書がローカルコンピューターではなくユーザーアカウントにインポートされました。Windows はパッケージのインストール時にコンピューターのストアしか見ないため、これでは効果がありません。もう一度インポートし、最初のページで「ローカル コンピューター」を選んでください。	Certyfikat został zaimportowany dla konta użytkownika zamiast komputera lokalnego. Windows przy instalacji pakietu sprawdza tylko magazyn komputera, więc to nie ma efektu. Uruchom import ponownie i wybierz „Komputer lokalny” na pierwszej stronie.
The certificate landed in "Trusted Root Certification Authorities". That is both more than ClawTweaks needs — it would make this certificate a trust anchor for anything, not just this package — and still not where Windows looks. Remove it from there and import it into "Trusted People" instead.	Das Zertifikat ist in „Vertrauenswürdige Stammzertifizierungsstellen“ gelandet. Das ist mehr, als ClawTweaks braucht — es würde dieses Zertifikat zum Vertrauensanker für alles machen, nicht nur für dieses Paket — und trotzdem nicht dort, wo Windows nachsieht. Entferne es dort und importiere es stattdessen in „Vertrauenswürdige Personen“.	Le certificat s'est retrouvé dans « Autorités de certification racines de confiance ». C'est à la fois plus que ce dont ClawTweaks a besoin — il deviendrait une ancre de confiance pour tout, pas seulement ce paquet — et toujours pas là où Windows regarde. Retirez-le de là et importez-le plutôt dans « Personnes autorisées ».	인증서가 "신뢰할 수 있는 루트 인증 기관"에 들어갔습니다. 이는 ClawTweaks에 필요한 것 이상이며 — 이 패키지뿐 아니라 모든 것의 신뢰 앵커가 됩니다 — 그러면서도 Windows가 확인하는 위치가 아닙니다. 거기서 제거하고 대신 "신뢰할 수 있는 사용자"에 가져오세요.	El certificado acabó en "Entidades de certificación raíz de confianza". Eso es más de lo que ClawTweaks necesita — convertiría este certificado en ancla de confianza para todo, no solo para este paquete — y aun así no es donde Windows mira. Quítalo de ahí e impórtalo en "Personas de confianza".	Сертификат попал в «Доверенные корневые центры сертификации». Это больше, чем нужно ClawTweaks — он стал бы якорем доверия для чего угодно, а не только для этого пакета — и всё равно не там, где смотрит Windows. Удалите его оттуда и импортируйте в «Доверенные лица».	Το πιστοποιητικό κατέληξε στις "Έμπιστες αρχές έκδοσης πιστοποιητικών ρίζας". Αυτό είναι και περισσότερο από όσο χρειάζεται το ClawTweaks — θα έκανε αυτό το πιστοποιητικό άγκυρα εμπιστοσύνης για τα πάντα, όχι μόνο για αυτό το πακέτο — και πάλι όχι εκεί που κοιτούν τα Windows. Αφαιρέστε το από εκεί και εισαγάγετέ το στα "Έμπιστα άτομα".	证书进了「受信任的根证书颁发机构」。这既超出了 ClawTweaks 的需要 — 那会让这张证书成为任何东西的信任锚点，而不只是这个包 — 又仍然不是 Windows 查找的位置。请从那里移除，改为导入到「受信任人」。	憑證進了「受信任的根憑證授權單位」。這既超出了 ClawTweaks 的需要 — 那會讓這張憑證成為任何東西的信任根，而不只是這個套件 — 又仍然不是 Windows 尋找的位置。請從那裡移除，改為匯入到「受信任的人」。	Il certificato è finito in "Autorità di certificazione radice attendibili". È più di quanto serva a ClawTweaks — renderebbe questo certificato un'ancora di fiducia per tutto, non solo per questo pacchetto — e comunque non è dove guarda Windows. Rimuovilo da lì e importalo invece in "Persone attendibili".	O certificado foi parar em "Autoridades de Certificação Raiz Confiáveis". Isso é mais do que o ClawTweaks precisa — tornaria este certificado uma âncora de confiança para qualquer coisa, não só para este pacote — e ainda não é onde o Windows procura. Remova-o de lá e importe-o em "Pessoas Confiáveis".	証明書が「信頼されたルート証明機関」に入りました。これは ClawTweaks に必要な範囲を超えており (このパッケージだけでなく何にでも効く信頼の起点になります)、しかも Windows が見る場所ではありません。そこから削除し、「信頼された人」にインポートしてください。	Certyfikat trafił do „Zaufane główne urzędy certyfikacji”. To więcej niż potrzebuje ClawTweaks — uczyniłoby ten certyfikat kotwicą zaufania dla wszystkiego, nie tylko tego pakietu — a i tak nie tam Windows szuka. Usuń go stamtąd i zaimportuj do „Zaufane osoby”.
Check the certificate and continue	Zertifikat prüfen und fortfahren	Vérifier le certificat et continuer	인증서 확인 후 계속	Comprobar el certificado y continuar	Проверить сертификат и продолжить	Ελέγξτε το πιστοποιητικό και συνεχίστε	检查证书并继续	檢查憑證並繼續	Verifica il certificato e continua	Verificar o certificado e continuar	証明書を確認して続ける	Sprawdź certyfikat i kontynuuj
Check certificate	Zertifikat prüfen	Vérifier le certificat	인증서 확인	Comprobar certificado	Проверить сертификат	Έλεγχος πιστοποιητικού	检查证书	檢查憑證	Verifica certificato	Verificar certificado	証明書を確認	Sprawdź certyfikat
Installed, but the helper did not appear in time — open the Game Bar (Win+G) manually.	Installiert, aber der Helper ist nicht rechtzeitig erschienen — öffne die Game Bar (Win+G) von Hand.	Installé, mais le helper n'est pas apparu à temps — ouvrez la Game Bar (Win+G) manuellement.	설치되었지만 헬퍼가 제때 나타나지 않았습니다 — Game Bar(Win+G)를 직접 여세요.	Instalado, pero el helper no apareció a tiempo — abre la Game Bar (Win+G) manualmente.	Установлено, но помощник не появился вовремя — откройте Game Bar (Win+G) вручную.	Εγκαταστάθηκε, αλλά ο helper δεν εμφανίστηκε εγκαίρως — ανοίξτε χειροκίνητα το Game Bar (Win+G).	已安装，但 helper 没有及时出现 — 请手动打开 Game Bar (Win+G)。	已安裝，但 helper 沒有及時出現 — 請手動開啟 Game Bar (Win+G)。	Installato, ma l'helper non è comparso in tempo — apri la Game Bar (Win+G) manualmente.	Instalado, mas o helper não apareceu a tempo — abra a Game Bar (Win+G) manualmente.	インストールしましたが、ヘルパーが時間内に現れませんでした — Game Bar (Win+G) を手動で開いてください。	Zainstalowano, ale helper nie pojawił się na czas — otwórz Game Bar (Win+G) ręcznie.
Virtual pad	Virtuelles Gamepad	Manette virtuelle	가상 패드	Mando virtual	Виртуальный пад	Εικονικό χειριστήριο	虚拟手柄	虛擬控制器	Pad virtuale	Controle virtual	仮想パッド	Wirtualny pad
Virtual controller mode detected	Virtueller Controller-Modus erkannt	Mode manette virtuelle détecté	가상 컨트롤러 모드 감지됨	Modo de mando virtual detectado	Обнаружен виртуальный режим контроллера	Εντοπίστηκε εικονική λειτουργία χειριστηρίου	检测到虚拟手柄模式	偵測到虛擬控制器模式	Rilevata modalità controller virtuale	Modo de controle virtual detectado	仮想コントローラーモードを検出	Wykryto tryb wirtualnego kontrolera
{0} active and running.	{0} aktiv und läuft.	{0} actif et en marche.	{0} 활성 상태로 실행 중.	{0} activo y en marcha.	{0} активен и работает.	Το {0} είναι ενεργό και εκτελείται.	{0} 已启用并在运行。	{0} 已啟用並在執行。	{0} attivo e in esecuzione.	{0} ativo e em execução.	{0} が有効で動作中です。	{0} aktywny i działa.
HW controller mode detected	HW-Controller-Modus erkannt	Mode manette matérielle détecté	HW 컨트롤러 모드 감지됨	Modo de mando HW detectado	Обнаружен аппаратный режим контроллера	Εντοπίστηκε λειτουργία υλικού χειριστηρίου	检测到硬件手柄模式	偵測到硬體控制器模式	Rilevata modalità controller hardware	Modo de controle de hardware detectado	ハードウェアコントローラーモードを検出	Wykryto tryb kontrolera sprzętowego
MSI HW Controller active and running.	MSI HW-Controller aktiv und läuft.	Manette matérielle MSI active et en marche.	MSI HW 컨트롤러 활성 상태로 실행 중.	Mando HW de MSI activo y en marcha.	Аппаратный контроллер MSI активен и работает.	Το υλικό χειριστήριο MSI είναι ενεργό και εκτελείται.	MSI 硬件手柄已启用并在运行。	MSI 硬體控制器已啟用並在執行。	Controller hardware MSI attivo e in esecuzione.	Controle de hardware MSI ativo e em execução.	MSI のハードウェアコントローラーが有効で動作中です。	Kontroler sprzętowy MSI aktywny i działa.
Claw controller not detected.	Claw-Controller nicht erkannt.	Manette Claw non détectée.	Claw 컨트롤러가 감지되지 않았습니다.	Mando Claw no detectado.	Контроллер Claw не обнаружен.	Δεν εντοπίστηκε χειριστήριο Claw.	未检测到 Claw 手柄。	未偵測到 Claw 控制器。	Controller Claw non rilevato.	Controle do Claw não detectado.	Claw のコントローラーを検出できません。	Nie wykryto kontrolera Claw.
Controller mode unknown	Controller-Modus unbekannt	Mode manette inconnu	컨트롤러 모드 알 수 없음	Modo de mando desconocido	Режим контроллера неизвестен	Άγνωστη λειτουργία χειριστηρίου	手柄模式未知	控制器模式未知	Modalità controller sconosciuta	Modo do controle desconhecido	コントローラーのモードが不明	Nieznany tryb kontrolera
The download did not complete. Check your internet connection and try again.	Der Download wurde nicht abgeschlossen. Prüfe deine Internetverbindung und versuche es erneut.	Le téléchargement ne s'est pas terminé. Vérifiez votre connexion Internet et réessayez.	다운로드가 완료되지 않았습니다. 인터넷 연결을 확인하고 다시 시도하세요.	La descarga no se completó. Comprueba tu conexión a Internet e inténtalo de nuevo.	Загрузка не завершилась. Проверьте подключение к интернету и повторите.	Η λήψη δεν ολοκληρώθηκε. Ελέγξτε τη σύνδεσή σας και δοκιμάστε ξανά.	下载没有完成。请检查网络连接后重试。	下載沒有完成。請檢查網路連線後重試。	Il download non è stato completato. Controlla la connessione a Internet e riprova.	O download não foi concluído. Verifique sua conexão com a internet e tente de novo.	ダウンロードが完了しませんでした。インターネット接続を確認してやり直してください。	Pobieranie nie zostało ukończone. Sprawdź połączenie z internetem i spróbuj ponownie.
This version has no package to download.	Diese Version hat kein Paket zum Herunterladen.	Cette version n'a aucun paquet à télécharger.	이 버전에는 다운로드할 패키지가 없습니다.	Esta versión no tiene ningún paquete para descargar.	У этой версии нет пакета для загрузки.	Αυτή η έκδοση δεν έχει πακέτο για λήψη.	这个版本没有可下载的包。	這個版本沒有可下載的套件。	Questa versione non ha alcun pacchetto da scaricare.	Esta versão não tem pacote para baixar.	このバージョンにはダウンロードするパッケージがありません。	Ta wersja nie ma pakietu do pobrania.
Download complete.	Download abgeschlossen.	Téléchargement terminé.	다운로드 완료.	Descarga completada.	Загрузка завершена.	Η λήψη ολοκληρώθηκε.	下载完成。	下載完成。	Download completato.	Download concluído.	ダウンロードが完了しました。	Pobieranie zakończone.
The download contains no package file.	Der Download enthält keine Paketdatei.	Le téléchargement ne contient aucun fichier de paquet.	다운로드에 패키지 파일이 없습니다.	La descarga no contiene ningún archivo de paquete.	В загрузке нет файла пакета.	Η λήψη δεν περιέχει αρχείο πακέτου.	下载内容中没有包文件。	下載內容中沒有套件檔案。	Il download non contiene alcun file di pacchetto.	O download não contém arquivo de pacote.	ダウンロードにパッケージファイルが含まれていません。	Pobrane dane nie zawierają pliku pakietu.
The downloaded package is incomplete — its manifest is missing.	Das heruntergeladene Paket ist unvollständig — sein Manifest fehlt.	Le paquet téléchargé est incomplet — son manifeste manque.	다운로드한 패키지가 불완전합니다 — 매니페스트가 없습니다.	El paquete descargado está incompleto — falta su manifiesto.	Загруженный пакет неполный — отсутствует манифест.	Το πακέτο που κατέβηκε είναι ελλιπές — λείπει το μανιφέστο του.	下载的包不完整 — 缺少清单。	下載的套件不完整 — 缺少資訊清單。	Il pacchetto scaricato è incompleto — manca il manifest.	O pacote baixado está incompleto — falta o manifesto.	ダウンロードしたパッケージが不完全です — マニフェストがありません。	Pobrany pakiet jest niekompletny — brakuje manifestu.
The downloaded package is not readable.	Das heruntergeladene Paket ist nicht lesbar.	Le paquet téléchargé est illisible.	다운로드한 패키지를 읽을 수 없습니다.	El paquete descargado no se puede leer.	Загруженный пакет не читается.	Το πακέτο που κατέβηκε δεν διαβάζεται.	下载的包无法读取。	下載的套件無法讀取。	Il pacchetto scaricato non è leggibile.	O pacote baixado não pode ser lido.	ダウンロードしたパッケージを読み取れません。	Pobranego pakietu nie da się odczytać.
(received {0:N0} of {1:N0} bytes)	({0:N0} von {1:N0} Bytes empfangen)	({0:N0} octets reçus sur {1:N0})	({1:N0} 중 {0:N0}바이트 수신)	(recibidos {0:N0} de {1:N0} bytes)	(получено {0:N0} из {1:N0} байт)	(ελήφθησαν {0:N0} από {1:N0} bytes)	(已接收 {1:N0} 字节中的 {0:N0} 字节)	(已接收 {1:N0} 位元組中的 {0:N0} 位元組)	(ricevuti {0:N0} di {1:N0} byte)	(recebidos {0:N0} de {1:N0} bytes)	({1:N0} バイト中 {0:N0} バイト受信)	(odebrano {0:N0} z {1:N0} bajtów)
The download produced an empty file.	Der Download hat eine leere Datei ergeben.	Le téléchargement a produit un fichier vide.	다운로드 결과 빈 파일이 생성되었습니다.	La descarga produjo un archivo vacío.	Загрузка дала пустой файл.	Η λήψη παρήγαγε κενό αρχείο.	下载得到的是空文件。	下載得到的是空檔案。	Il download ha prodotto un file vuoto.	O download gerou um arquivo vazio.	ダウンロードしたファイルが空です。	Pobieranie dało pusty plik.
Click "Install Certificate…" on the General tab.	Klicke im Reiter „Allgemein“ auf „Zertifikat installieren…“.	Cliquez sur « Installer un certificat… » dans l'onglet Général.	일반 탭에서 "인증서 설치…"를 클릭하세요.	Haz clic en "Instalar certificado…" en la pestaña General.	Нажмите «Установить сертификат…» на вкладке «Общие».	Πατήστε "Εγκατάσταση πιστοποιητικού…" στην καρτέλα Γενικά.	在「常规」选项卡点击「安装证书…」。	在「一般」索引標籤按「安裝憑證…」。	Fai clic su "Installa certificato…" nella scheda Generale.	Clique em "Instalar certificado…" na guia Geral.	「全般」タブの「証明書のインストール…」を押します。	Kliknij „Zainstaluj certyfikat…” na karcie Ogólne.
Store Location: choose "Local Machine" (not "Current User"), then Next. Windows asks for administrator rights here — that prompt comes from Windows itself.	Speicherort: „Lokaler Computer“ wählen (nicht „Aktueller Benutzer“), dann Weiter. Windows fragt hier nach Administratorrechten — diese Abfrage kommt von Windows selbst.	Emplacement du magasin : choisissez « Ordinateur local » (pas « Utilisateur actuel »), puis Suivant. Windows demande ici des droits d'administrateur — cette invite vient de Windows lui-même.	저장소 위치: "로컬 컴퓨터"를 선택하고("현재 사용자" 아님) 다음을 누르세요. 여기서 Windows가 관리자 권한을 요청합니다 — 이 메시지는 Windows 자체에서 나옵니다.	Ubicación del almacén: elige "Equipo local" (no "Usuario actual") y Siguiente. Windows pide aquí derechos de administrador — ese aviso viene del propio Windows.	Расположение хранилища: выберите «Локальный компьютер» (не «Текущий пользователь»), затем «Далее». Здесь Windows запросит права администратора — этот запрос исходит от самой Windows.	Θέση χώρου αποθήκευσης: επιλέξτε "Τοπικός υπολογιστής" (όχι "Τρέχων χρήστης") και μετά Επόμενο. Εδώ τα Windows ζητούν δικαιώματα διαχειριστή — αυτό το μήνυμα έρχεται από τα ίδια τα Windows.	存储位置：选择「本地计算机」(不是「当前用户」)，然后下一步。Windows 会在这里要求管理员权限 — 那个提示来自 Windows 本身。	存放位置：選擇「本機電腦」(不是「目前使用者」)，然後下一步。Windows 會在這裡要求系統管理員權限 — 那個提示來自 Windows 本身。	Percorso archivio: scegli "Computer locale" (non "Utente corrente"), poi Avanti. Qui Windows chiede i diritti di amministratore — la richiesta viene da Windows stesso.	Local do repositório: escolha "Computador local" (não "Usuário atual") e Avançar. O Windows pede direitos de administrador aqui — esse pedido vem do próprio Windows.	保存場所: 「現在のユーザー」ではなく「ローカル コンピューター」を選び、「次へ」。ここで Windows が管理者権限を求めますが、それは Windows 自身の確認です。	Lokalizacja magazynu: wybierz „Komputer lokalny” (nie „Bieżący użytkownik”), potem Dalej. Windows prosi tu o uprawnienia administratora — ten monit pochodzi od samego Windows.
Choose "Place all certificates in the following store", click Browse…	„Alle Zertifikate in folgendem Speicher speichern“ wählen, dann Durchsuchen…	Choisissez « Placer tous les certificats dans le magasin suivant », cliquez sur Parcourir…	"모든 인증서를 다음 저장소에 저장"을 선택하고 찾아보기…를 클릭하세요.	Elige "Colocar todos los certificados en el siguiente almacén" y haz clic en Examinar…	Выберите «Поместить все сертификаты в следующее хранилище», нажмите «Обзор…»	Επιλέξτε "Τοποθέτηση όλων των πιστοποιητικών στον παρακάτω χώρο αποθήκευσης" και πατήστε Αναζήτηση…	选择「将所有证书放入下列存储」，点击「浏览…」。	選擇「將所有憑證放入下列存放區」，按「瀏覽…」。	Scegli "Colloca tutti i certificati nel seguente archivio", fai clic su Sfoglia…	Escolha "Colocar todos os certificados no repositório a seguir" e clique em Procurar…	「証明書をすべて次のストアに配置する」を選び、「参照」を押します。	Wybierz „Umieść wszystkie certyfikaty w następującym magazynie”, kliknij Przeglądaj…
Select "Trusted People" — NOT "Trusted Root Certification Authorities".	„Vertrauenswürdige Personen“ wählen — NICHT „Vertrauenswürdige Stammzertifizierungsstellen“.	Sélectionnez « Personnes autorisées » — PAS « Autorités de certification racines de confiance ».	"신뢰할 수 있는 사용자"를 선택하세요 — "신뢰할 수 있는 루트 인증 기관"이 아닙니다.	Selecciona "Personas de confianza" — NO "Entidades de certificación raíz de confianza".	Выберите «Доверенные лица» — НЕ «Доверенные корневые центры сертификации».	Επιλέξτε "Έμπιστα άτομα" — ΟΧΙ "Έμπιστες αρχές έκδοσης πιστοποιητικών ρίζας".	选择「受信任人」— 不是「受信任的根证书颁发机构」。	選擇「受信任的人」— 不是「受信任的根憑證授權單位」。	Seleziona "Persone attendibili" — NON "Autorità di certificazione radice attendibili".	Selecione "Pessoas Confiáveis" — NÃO "Autoridades de Certificação Raiz Confiáveis".	「信頼された人」を選びます — 「信頼されたルート証明機関」ではありません。	Wybierz „Zaufane osoby” — NIE „Zaufane główne urzędy certyfikacji”.
Next, then Finish. You should see "The import was successful."	Weiter, dann Fertig stellen. Es sollte „Der Importvorgang war erfolgreich.“ erscheinen.	Suivant, puis Terminer. Vous devriez voir « L'importation a réussi. »	다음, 그다음 마침. "가져오기를 완료했습니다."가 표시되어야 합니다.	Siguiente y luego Finalizar. Deberías ver "La importación se completó correctamente."	«Далее», затем «Готово». Должно появиться «Импорт успешно выполнен».	Επόμενο και μετά Τέλος. Θα δείτε "Η εισαγωγή ήταν επιτυχής."	下一步，然后完成。应当显示「导入成功。」	下一步，然後完成。應當顯示「匯入成功。」	Avanti, poi Fine. Dovresti vedere "Importazione completata."	Avançar e depois Concluir. Você deve ver "A importação obteve êxito."	「次へ」、そして「完了」。「正しくインポートされました。」と表示されます。	Dalej, potem Zakończ. Powinien pojawić się komunikat „Import został pomyślnie ukończony”.
Controller probe timed out.	Controller-Prüfung: Zeitüberschreitung.	Test de la manette expiré.	컨트롤러 확인 시간 초과.	La comprobación del mando agotó el tiempo.	Время опроса контроллера истекло.	Λήξη χρόνου στον έλεγχο του χειριστηρίου.	手柄探测超时。	控制器偵測逾時。	Verifica del controller scaduta.	Tempo esgotado na sondagem do controle.	コントローラーの確認がタイムアウトしました。	Sondowanie kontrolera przekroczyło czas.
Controller probe failed: {0}	Controller-Prüfung fehlgeschlagen: {0}	Test de la manette échoué : {0}	컨트롤러 확인 실패: {0}	Comprobación del mando fallida: {0}	Опрос контроллера не удался: {0}	Ο έλεγχος του χειριστηρίου απέτυχε: {0}	手柄探测失败：{0}	控制器偵測失敗：{0}	Verifica del controller non riuscita: {0}	Falha na sondagem do controle: {0}	コントローラーの確認に失敗しました: {0}	Sondowanie kontrolera nie powiodło się: {0}
MSI Claw controller not detected (VID_0DB0). Connect/enable the controller, or MSI Center M may have taken it over.	MSI Claw-Controller nicht erkannt (VID_0DB0). Controller anschließen/aktivieren — oder MSI Center M hat ihn übernommen.	Manette MSI Claw non détectée (VID_0DB0). Connectez/activez la manette, ou MSI Center M l'a peut-être prise en main.	MSI Claw 컨트롤러가 감지되지 않았습니다(VID_0DB0). 컨트롤러를 연결/활성화하세요. MSI Center M이 가져갔을 수도 있습니다.	Mando MSI Claw no detectado (VID_0DB0). Conecta/activa el mando, o puede que MSI Center M lo haya tomado.	Контроллер MSI Claw не обнаружен (VID_0DB0). Подключите/включите контроллер, либо его захватил MSI Center M.	Δεν εντοπίστηκε χειριστήριο MSI Claw (VID_0DB0). Συνδέστε/ενεργοποιήστε το χειριστήριο ή μπορεί να το έχει πάρει το MSI Center M.	未检测到 MSI Claw 手柄 (VID_0DB0)。请连接/启用手柄，也可能是 MSI Center M 接管了它。	未偵測到 MSI Claw 控制器 (VID_0DB0)。請連接/啟用控制器，也可能是 MSI Center M 接管了它。	Controller MSI Claw non rilevato (VID_0DB0). Collega/attiva il controller, oppure MSI Center M se n'è impossessato.	Controle do MSI Claw não detectado (VID_0DB0). Conecte/ative o controle, ou o MSI Center M pode tê-lo assumido.	MSI Claw のコントローラーを検出できません (VID_0DB0)。コントローラーを接続/有効化してください。MSI Center M が占有している可能性もあります。	Nie wykryto kontrolera MSI Claw (VID_0DB0). Podłącz/włącz kontroler, albo przejął go MSI Center M.
MSI Center M is running. It can fight ClawTweaks for the controller and LED. This is handled after installation.	MSI Center M läuft. Es kann mit ClawTweaks um Controller und LED konkurrieren. Das wird nach der Installation geregelt.	MSI Center M est en cours d'exécution. Il peut disputer la manette et la LED à ClawTweaks. Cela est réglé après l'installation.	MSI Center M이 실행 중입니다. 컨트롤러와 LED를 두고 ClawTweaks와 충돌할 수 있습니다. 설치 후에 처리됩니다.	MSI Center M está en ejecución. Puede pelear con ClawTweaks por el mando y el LED. Esto se resuelve tras la instalación.	MSI Center M запущен. Он может бороться с ClawTweaks за контроллер и подсветку. Это обрабатывается после установки.	Το MSI Center M εκτελείται. Μπορεί να διεκδικήσει το χειριστήριο και το LED από το ClawTweaks. Αυτό ρυθμίζεται μετά την εγκατάσταση.	MSI Center M 正在运行。它可能与 ClawTweaks 争抢手柄和 LED。这会在安装之后处理。	MSI Center M 正在執行。它可能與 ClawTweaks 搶控制器和 LED。這會在安裝之後處理。	MSI Center M è in esecuzione. Può contendere a ClawTweaks il controller e i LED. Viene gestito dopo l'installazione.	O MSI Center M está em execução. Ele pode disputar o controle e o LED com o ClawTweaks. Isso é tratado após a instalação.	MSI Center M が動作中です。コントローラーと LED を ClawTweaks と奪い合うことがあります。これはインストール後に処理します。	MSI Center M działa. Może walczyć z ClawTweaks o kontroler i LED. To jest obsługiwane po instalacji.
Steam's Xbox controller filter driver is present — a common cause of double input. Check Steam Input settings if you see doubled inputs.	Steams Xbox-Controller-Filtertreiber ist vorhanden — eine häufige Ursache für doppelte Eingaben. Prüfe die Steam-Input-Einstellungen, wenn Eingaben doppelt ankommen.	Le pilote de filtre de manette Xbox de Steam est présent — cause fréquente de double saisie. Vérifiez les réglages Steam Input si les entrées sont doublées.	Steam의 Xbox 컨트롤러 필터 드라이버가 있습니다 — 이중 입력의 흔한 원인입니다. 입력이 중복되면 Steam 입력 설정을 확인하세요.	El controlador de filtro de mando Xbox de Steam está presente — causa común de entrada doble. Revisa los ajustes de Steam Input si ves entradas duplicadas.	Присутствует драйвер-фильтр контроллера Xbox от Steam — частая причина двойного ввода. Проверьте настройки Steam Input, если видите двойные нажатия.	Υπάρχει ο οδηγός φίλτρου χειριστηρίου Xbox του Steam — συνηθισμένη αιτία διπλής εισόδου. Ελέγξτε τις ρυθμίσεις Steam Input αν βλέπετε διπλές εισόδους.	存在 Steam 的 Xbox 手柄过滤驱动 — 双重输入的常见原因。若出现重复输入，请检查 Steam Input 设置。	存在 Steam 的 Xbox 控制器篩選驅動程式 — 雙重輸入的常見原因。若出現重複輸入，請檢查 Steam Input 設定。	Il driver filtro per controller Xbox di Steam è presente — causa comune di doppio input. Controlla le impostazioni di Steam Input se gli input risultano doppi.	O driver de filtro de controle Xbox do Steam está presente — causa comum de entrada duplicada. Verifique as configurações do Steam Input se notar entradas duplas.	Steam の Xbox コントローラーフィルタードライバーがあります — 二重入力のよくある原因です。入力が重なる場合は Steam Input の設定を確認してください。	Sterownik filtra kontrolera Xbox Steam jest obecny — częsta przyczyna podwójnego wejścia. Sprawdź ustawienia Steam Input, jeśli widzisz zdublowane wejścia.
{0} XInput controllers are currently visible. Two or more while playing = double input.	{0} XInput-Controller sind derzeit sichtbar. Zwei oder mehr beim Spielen = doppelte Eingaben.	{0} manettes XInput sont visibles actuellement. Deux ou plus en jeu = double saisie.	현재 XInput 컨트롤러 {0}개가 보입니다. 플레이 중 2개 이상 = 이중 입력.	{0} mandos XInput visibles ahora. Dos o más al jugar = entrada doble.	Сейчас видно контроллеров XInput: {0}. Два и больше во время игры = двойной ввод.	Αυτή τη στιγμή φαίνονται {0} χειριστήρια XInput. Δύο ή περισσότερα στο παιχνίδι = διπλή είσοδος.	当前可见 {0} 个 XInput 手柄。游戏中出现两个或更多就是双重输入。	目前可見 {0} 個 XInput 控制器。遊戲中出現兩個或更多就是雙重輸入。	{0} controller XInput sono visibili al momento. Due o più durante il gioco = doppio input.	{0} controles XInput estão visíveis no momento. Dois ou mais durante o jogo = entrada duplicada.	現在 {0} 台の XInput コントローラーが見えています。プレイ中に 2 台以上あると二重入力です。	Obecnie widocznych jest {0} kontrolerów XInput. Dwa lub więcej podczas gry = podwójne wejście.
Controller healthy — ready to mount as a virtual pad.	Controller in Ordnung — bereit zum Einbinden als virtuelles Gamepad.	Manette en bon état — prête à être montée en manette virtuelle.	컨트롤러 정상 — 가상 패드로 연결할 준비가 되었습니다.	Mando en buen estado — listo para montarse como mando virtual.	Контроллер в порядке — готов к монтированию как виртуальный геймпад.	Το χειριστήριο είναι υγιές — έτοιμο να συνδεθεί ως εικονικό.	手柄状态良好 — 可以挂载为虚拟手柄。	控制器狀態良好 — 可以掛載為虛擬控制器。	Controller a posto — pronto per essere montato come pad virtuale.	Controle saudável — pronto para montar como controle virtual.	コントローラーは正常です — 仮想パッドとして接続できます。	Kontroler sprawny — gotowy do zamontowania jako wirtualny pad.
MSI Claw controller not found. Connect/enable it (MSI Center M may hold it).	MSI Claw-Controller nicht gefunden. Anschließen/aktivieren (MSI Center M hält ihn womöglich).	Manette MSI Claw introuvable. Connectez-la/activez-la (MSI Center M la retient peut-être).	MSI Claw 컨트롤러를 찾을 수 없습니다. 연결/활성화하세요(MSI Center M이 점유 중일 수 있음).	Mando MSI Claw no encontrado. Conéctalo/actívalo (MSI Center M puede retenerlo).	Контроллер MSI Claw не найден. Подключите/включите его (его может удерживать MSI Center M).	Δεν βρέθηκε χειριστήριο MSI Claw. Συνδέστε/ενεργοποιήστε το (μπορεί να το κρατά το MSI Center M).	没有找到 MSI Claw 手柄。请连接/启用它 (可能被 MSI Center M 占用)。	沒有找到 MSI Claw 控制器。請連接/啟用它 (可能被 MSI Center M 占用)。	Controller MSI Claw non trovato. Collegalo/attivalo (MSI Center M potrebbe trattenerlo).	Controle do MSI Claw não encontrado. Conecte/ative-o (o MSI Center M pode estar segurando-o).	MSI Claw のコントローラーが見つかりません。接続/有効化してください (MSI Center M が握っている可能性があります)。	Nie znaleziono kontrolera MSI Claw. Podłącz/włącz go (może go trzymać MSI Center M).
Controller HID is held by another process — close conflicting controller software and re-check.	Das Controller-HID wird von einem anderen Prozess gehalten — störende Controller-Software schließen und erneut prüfen.	Le HID de la manette est retenu par un autre processus — fermez les logiciels de manette en conflit et revérifiez.	다른 프로세스가 컨트롤러 HID를 점유 중입니다 — 충돌하는 컨트롤러 소프트웨어를 닫고 다시 확인하세요.	Otro proceso retiene el HID del mando — cierra el software de mando en conflicto y vuelve a comprobar.	HID контроллера занят другим процессом — закройте конфликтующее ПО контроллера и перепроверьте.	Το HID του χειριστηρίου το κρατά άλλη διεργασία — κλείστε λογισμικό χειριστηρίου που συγκρούεται και ελέγξτε ξανά.	手柄的 HID 被另一个进程占用 — 请关闭冲突的手柄软件后重新检查。	控制器的 HID 被另一個處理程序占用 — 請關閉衝突的控制器軟體後重新檢查。	L'HID del controller è trattenuto da un altro processo — chiudi i software per controller in conflitto e ricontrolla.	O HID do controle está em uso por outro processo — feche softwares de controle conflitantes e verifique de novo.	コントローラーの HID を別のプロセスが握っています — 競合するコントローラーソフトを閉じて再確認してください。	HID kontrolera jest zajęty przez inny proces — zamknij konfliktujące oprogramowanie kontrolera i sprawdź ponownie.
Controller HID opened but did not respond — try re-checking; a reboot may be needed.	Controller-HID geöffnet, aber keine Antwort — erneut prüfen; eventuell ist ein Neustart nötig.	HID de la manette ouvert mais sans réponse — revérifiez ; un redémarrage peut être nécessaire.	컨트롤러 HID가 열렸지만 응답이 없습니다 — 다시 확인하세요. 재부팅이 필요할 수 있습니다.	HID del mando abierto pero sin respuesta — vuelve a comprobar; puede hacer falta reiniciar.	HID контроллера открылся, но не ответил — перепроверьте; может понадобиться перезагрузка.	Το HID του χειριστηρίου άνοιξε αλλά δεν απάντησε — δοκιμάστε νέο έλεγχο· ίσως χρειαστεί επανεκκίνηση.	手柄的 HID 打开了但没有响应 — 请重新检查；可能需要重启。	控制器的 HID 開啟了但沒有回應 — 請重新檢查；可能需要重新啟動。	HID del controller aperto ma senza risposta — ricontrolla; potrebbe servire un riavvio.	O HID do controle abriu mas não respondeu — tente verificar de novo; pode ser preciso reiniciar.	コントローラーの HID は開けましたが応答しません — 再確認してください。再起動が必要な場合もあります。	HID kontrolera otwarty, ale nie odpowiada — sprawdź ponownie; może być potrzebny restart.
Could not determine controller health.	Controller-Zustand konnte nicht ermittelt werden.	Impossible de déterminer l'état de la manette.	컨트롤러 상태를 확인할 수 없습니다.	No se pudo determinar el estado del mando.	Не удалось определить состояние контроллера.	Δεν διαπιστώθηκε η υγεία του χειριστηρίου.	无法判断手柄状态。	無法判斷控制器狀態。	Impossibile determinare lo stato del controller.	Não foi possível determinar o estado do controle.	コントローラーの状態を判断できませんでした。	Nie udało się ustalić stanu kontrolera.
The helper did not answer the health probe.	Der Helper hat auf die Zustandsabfrage nicht geantwortet.	Le helper n'a pas répondu au test d'état.	헬퍼가 상태 확인에 응답하지 않았습니다.	El helper no respondió a la comprobación de estado.	Помощник не ответил на опрос состояния.	Ο helper δεν απάντησε στον έλεγχο υγείας.	helper 没有回应状态探测。	helper 沒有回應狀態偵測。	L'helper non ha risposto alla verifica di stato.	O helper não respondeu à sondagem de estado.	ヘルパーが状態確認に応答しませんでした。	Helper nie odpowiedział na sondę stanu.
Unknown device	Unbekanntes Gerät	Appareil inconnu	알 수 없는 장치	Dispositivo desconocido	Неизвестное устройство	Άγνωστη συσκευή	未知设备	未知裝置	Dispositivo sconosciuto	Disp. desconhecido	不明なデバイス	Nieznane urządzenie
Could not locate the installed package — helper files not deployed.	Installiertes Paket nicht gefunden — Helper-Dateien nicht bereitgestellt.	Paquet installé introuvable — fichiers du helper non déployés.	설치된 패키지를 찾을 수 없습니다 — 헬퍼 파일이 배포되지 않았습니다.	No se encontró el paquete instalado — archivos del helper no desplegados.	Не удалось найти установленный пакет — файлы помощника не развёрнуты.	Δεν βρέθηκε το εγκατεστημένο πακέτο — τα αρχεία του helper δεν αναπτύχθηκαν.	找不到已安装的包 — helper 文件没有部署。	找不到已安裝的套件 — helper 檔案沒有部署。	Pacchetto installato non trovato — file dell'helper non distribuiti.	Não foi possível localizar o pacote instalado — arquivos do helper não implantados.	インストール済みパッケージが見つかりません — ヘルパーのファイルが配置されていません。	Nie znaleziono zainstalowanego pakietu — pliki helpera nie zostały wdrożone.
Helper files were not deployed — the widget will retry when it starts the helper.	Helper-Dateien wurden nicht bereitgestellt — das Widget versucht es beim Start des Helpers erneut.	Fichiers du helper non déployés — le widget réessaiera au démarrage du helper.	헬퍼 파일이 배포되지 않았습니다 — 위젯이 헬퍼를 시작할 때 다시 시도합니다.	Archivos del helper no desplegados — el widget lo reintentará al iniciar el helper.	Файлы помощника не развёрнуты — виджет повторит попытку при запуске помощника.	Τα αρχεία του helper δεν αναπτύχθηκαν — το widget θα ξαναδοκιμάσει όταν ξεκινήσει τον helper.	helper 文件没有部署 — 小组件启动 helper 时会重试。	helper 檔案沒有部署 — 小工具啟動 helper 時會重試。	File dell'helper non distribuiti — il widget riproverà quando avvia l'helper.	Os arquivos do helper não foram implantados — o widget tentará de novo ao iniciar o helper.	ヘルパーのファイルが配置されませんでした — ウィジェットがヘルパーを起動するときに再試行します。	Pliki helpera nie zostały wdrożone — widżet spróbuje ponownie przy uruchamianiu helpera.
The helper is not answering.	Der Helper antwortet nicht.	Le helper ne répond pas.	헬퍼가 응답하지 않습니다.	El helper no responde.	Помощник не отвечает.	Ο helper δεν απαντά.	helper 没有响应。	helper 沒有回應。	L'helper non risponde.	O helper não responde.	ヘルパーが応答しません。	Helper nie odpowiada.
A backup of your settings is at {0}	Ein Backup deiner Einstellungen liegt unter {0}	Une sauvegarde de vos réglages se trouve dans {0}	설정 백업 위치: {0}	Hay una copia de tus ajustes en {0}	Копия ваших настроек находится в {0}	Ένα αντίγραφο των ρυθμίσεών σας βρίσκεται στο {0}	你的设置备份在 {0}	你的設定備份在 {0}	Un backup delle impostazioni si trova in {0}	Um backup das suas configurações está em {0}	設定のバックアップは {0} にあります	Kopia Twoich ustawień jest w {0}
Could not connect to the helper.	Keine Verbindung zum Helper.	Connexion au helper impossible.	헬퍼에 연결할 수 없습니다.	No se pudo conectar con el helper.	Не удалось подключиться к помощнику.	Δεν ήταν δυνατή η σύνδεση με τον helper.	无法连接到 helper。	無法連線到 helper。	Impossibile connettersi all'helper.	Não foi possível conectar ao helper.	ヘルパーに接続できませんでした。	Nie udało się połączyć z helperem.
The helper did not respond in time.	Der Helper hat nicht rechtzeitig geantwortet.	Le helper n'a pas répondu à temps.	헬퍼가 제때 응답하지 않았습니다.	El helper no respondió a tiempo.	Помощник не ответил вовремя.	Ο helper δεν απάντησε εγκαίρως.	helper 没有及时响应。	helper 沒有及時回應。	L'helper non ha risposto in tempo.	O helper não respondeu a tempo.	ヘルパーが時間内に応答しませんでした。	Helper nie odpowiedział na czas.
Disabling…	Wird deaktiviert…	Désactivation…	비활성화 중…	Desactivando…	Отключение…	Απενεργοποίηση…	正在停用…	正在停用…	Disattivazione…	Desativando…	無効化中…	Wyłączanie…
Disabled.	Deaktiviert.	Désactivé.	비활성화됨.	Desactivado.	Отключено.	Ανενεργό.	已停用。	已停用。	Disattivato.	Desativado.	無効です。	Wyłączono.
Enabling…	Wird aktiviert…	Activation…	활성화 중…	Activando…	Включение…	Ενεργοποίηση…	正在启用…	正在啟用…	Attivazione…	Ativando…	有効化中…	Włączanie…
Enabled and verified ({0}).	Aktiviert und geprüft ({0}).	Activé et vérifié ({0}).	활성화 및 확인됨({0}).	Activado y verificado ({0}).	Включено и проверено ({0}).	Ενεργοποιήθηκε και επαληθεύτηκε ({0}).	已启用并校验 ({0})。	已啟用並驗證 ({0})。	Attivato e verificato ({0}).	Ativado e verificado ({0}).	有効になり確認しました ({0})。	Włączono i zweryfikowano ({0}).
virtual pad	virtuelles Gamepad	manette virtuelle	가상 패드	mando virtual	виртуальный пад	εικονικό χειριστήριο	虚拟手柄	虛擬控制器	pad virtuale	controle virtual	仮想パッド	wirtualny pad
Hides the physical gamepad so games see only the virtual controller.	Versteckt das physische Gamepad, damit Spiele nur den virtuellen Controller sehen.	Masque la manette physique pour que les jeux ne voient que la manette virtuelle.	게임이 가상 컨트롤러만 보도록 실제 게임패드를 숨깁니다.	Oculta el mando físico para que los juegos solo vean el mando virtual.	Скрывает физический геймпад, чтобы игры видели только виртуальный контроллер.	Κρύβει το φυσικό χειριστήριο ώστε τα παιχνίδια να βλέπουν μόνο το εικονικό.	隐藏物理手柄，让游戏只看到虚拟手柄。	隱藏實體控制器，讓遊戲只看到虛擬控制器。	Nasconde il gamepad fisico così i giochi vedono solo il controller virtuale.	Oculta o controle físico para que os jogos vejam só o controle virtual.	物理ゲームパッドを隠し、ゲームからは仮想コントローラーだけが見えるようにします。	Ukrywa fizyczny pad, aby gry widziały tylko wirtualny kontroler.
Take HidHide_x.x.x.x_x64.exe.	Nimm HidHide_x.x.x.x_x64.exe.	Prenez HidHide_x.x.x.x_x64.exe.	HidHide_x.x.x.x_x64.exe를 받으세요.	Toma HidHide_x.x.x.x_x64.exe.	Возьмите HidHide_x.x.x.x_x64.exe.	Πάρτε το HidHide_x.x.x.x_x64.exe.	选择 HidHide_x.x.x.x_x64.exe。	選擇 HidHide_x.x.x.x_x64.exe。	Prendi HidHide_x.x.x.x_x64.exe.	Pegue HidHide_x.x.x.x_x64.exe.	HidHide_x.x.x.x_x64.exe を選んでください。	Weź HidHide_x.x.x.x_x64.exe.
Provides the virtual controller itself (the VIIPER backend).	Stellt den virtuellen Controller selbst bereit (das VIIPER-Backend).	Fournit la manette virtuelle elle-même (le backend VIIPER).	가상 컨트롤러 자체를 제공합니다(VIIPER 백엔드).	Proporciona el propio mando virtual (el backend VIIPER).	Обеспечивает сам виртуальный контроллер (бэкенд VIIPER).	Παρέχει το ίδιο το εικονικό χειριστήριο (το backend VIIPER).	提供虚拟手柄本身 (VIIPER 后端)。	提供虛擬控制器本身 (VIIPER 後端)。	Fornisce il controller virtuale stesso (il backend VIIPER).	Fornece o próprio controle virtual (o backend VIIPER).	仮想コントローラー本体 (VIIPER バックエンド) を提供します。	Zapewnia sam wirtualny kontroler (backend VIIPER).
Take USBip-0.9.8.1-x64.exe from this page. The link opens version 0.9.8.1 deliberately — it is the version ClawTweaks supports.	Nimm USBip-0.9.8.1-x64.exe von dieser Seite. Der Link öffnet absichtlich Version 0.9.8.1 — das ist die Version, die ClawTweaks unterstützt.	Prenez USBip-0.9.8.1-x64.exe sur cette page. Le lien ouvre volontairement la version 0.9.8.1 — c'est celle que ClawTweaks prend en charge.	이 페이지에서 USBip-0.9.8.1-x64.exe를 받으세요. 링크는 의도적으로 0.9.8.1 버전을 엽니다 — ClawTweaks가 지원하는 버전입니다.	Toma USBip-0.9.8.1-x64.exe de esta página. El enlace abre a propósito la versión 0.9.8.1 — es la que ClawTweaks admite.	Возьмите USBip-0.9.8.1-x64.exe с этой страницы. Ссылка намеренно открывает версию 0.9.8.1 — именно её поддерживает ClawTweaks.	Πάρτε το USBip-0.9.8.1-x64.exe από αυτή τη σελίδα. Ο σύνδεσμος ανοίγει σκόπιμα την έκδοση 0.9.8.1 — είναι η έκδοση που υποστηρίζει το ClawTweaks.	从这个页面选择 USBip-0.9.8.1-x64.exe。链接特意打开 0.9.8.1 — 这是 ClawTweaks 支持的版本。	從這個頁面選擇 USBip-0.9.8.1-x64.exe。連結特意開啟 0.9.8.1 — 這是 ClawTweaks 支援的版本。	Prendi USBip-0.9.8.1-x64.exe da questa pagina. Il link apre apposta la versione 0.9.8.1 — è quella supportata da ClawTweaks.	Pegue USBip-0.9.8.1-x64.exe nesta página. O link abre a versão 0.9.8.1 de propósito — é a versão que o ClawTweaks suporta.	このページから USBip-0.9.8.1-x64.exe を選んでください。リンクは意図的に 0.9.8.1 を開きます — ClawTweaks が対応するバージョンです。	Weź USBip-0.9.8.1-x64.exe z tej strony. Link celowo otwiera wersję 0.9.8.1 — to wersja obsługiwana przez ClawTweaks.
Do not download the ARM version, and do not take an older usbip release: below 0.9.8.0 the device blue-screens while the virtual controller runs.	Nicht die ARM-Version und keine ältere usbip-Version nehmen: unter 0.9.8.0 stürzt das Gerät mit Bluescreen ab, sobald der virtuelle Controller läuft.	Ne téléchargez pas la version ARM ni une version usbip plus ancienne : sous 0.9.8.0 l'appareil plante en écran bleu dès que la manette virtuelle tourne.	ARM 버전이나 이전 usbip 릴리스를 받지 마세요: 0.9.8.0 미만에서는 가상 컨트롤러 실행 중 블루스크린이 발생합니다.	No descargues la versión ARM ni una versión anterior de usbip: por debajo de 0.9.8.0 el equipo da pantalla azul mientras corre el mando virtual.	Не скачивайте ARM-версию и не берите старый релиз usbip: ниже 0.9.8.0 устройство уходит в синий экран при работе виртуального контроллера.	Μην κατεβάσετε την έκδοση ARM και μην πάρετε παλιότερη έκδοση usbip: κάτω από 0.9.8.0 η συσκευή κάνει μπλε οθόνη όσο τρέχει το εικονικό χειριστήριο.	不要下载 ARM 版本，也不要用更旧的 usbip：低于 0.9.8.0 时，虚拟手柄运行中设备会蓝屏。	不要下載 ARM 版本，也不要用更舊的 usbip：低於 0.9.8.0 時，虛擬控制器執行中裝置會藍幕。	Non scaricare la versione ARM né una release usbip più vecchia: sotto la 0.9.8.0 il dispositivo va in schermata blu mentre il controller virtuale è attivo.	Não baixe a versão ARM nem uma release mais antiga do usbip: abaixo de 0.9.8.0 o dispositivo dá tela azul enquanto o controle virtual roda.	ARM 版をダウンロードせず、古い usbip も使わないでください。0.9.8.0 未満では仮想コントローラーの動作中にブルースクリーンになります。	Nie pobieraj wersji ARM ani starszego wydania usbip: poniżej 0.9.8.0 urządzenie pokazuje niebieski ekran, gdy działa wirtualny kontroler.
Applies the per-game FPS cap and draws the on-screen display.	Setzt das FPS-Limit pro Spiel um und zeichnet das On-Screen-Display.	Applique la limite de FPS par jeu et dessine l'affichage à l'écran.	게임별 FPS 제한을 적용하고 온스크린 디스플레이를 그립니다.	Aplica el límite de FPS por juego y dibuja el OSD.	Применяет лимит FPS для игры и рисует экранный оверлей.	Εφαρμόζει το όριο FPS ανά παιχνίδι και σχεδιάζει την εμφάνιση στην οθόνη.	应用每个游戏的帧率限制并绘制屏幕显示。	套用每款遊戲的幀率限制並繪製螢幕顯示。	Applica il limite FPS per gioco e disegna l'overlay.	Aplica o limite de FPS por jogo e desenha o overlay na tela.	ゲームごとの FPS 上限を適用し、画面表示を描画します。	Stosuje limit FPS per gra i rysuje nakładkę ekranową.
Take RivaTuner Statistics Server.	Nimm RivaTuner Statistics Server.	Prenez RivaTuner Statistics Server.	RivaTuner Statistics Server를 받으세요.	Toma RivaTuner Statistics Server.	Возьмите RivaTuner Statistics Server.	Πάρτε το RivaTuner Statistics Server.	选择 RivaTuner Statistics Server。	選擇 RivaTuner Statistics Server。	Prendi RivaTuner Statistics Server.	Pegue o RivaTuner Statistics Server.	RivaTuner Statistics Server を選んでください。	Weź RivaTuner Statistics Server.
Reads the CPU sensors ClawTweaks shows in the widget.	Liest die CPU-Sensoren, die ClawTweaks im Widget anzeigt.	Lit les capteurs CPU que ClawTweaks affiche dans le widget.	ClawTweaks가 위젯에 표시하는 CPU 센서를 읽습니다.	Lee los sensores de CPU que ClawTweaks muestra en el widget.	Читает датчики ЦП, которые ClawTweaks показывает в виджете.	Διαβάζει τους αισθητήρες CPU που δείχνει το ClawTweaks στο widget.	读取 ClawTweaks 在小组件中显示的 CPU 传感器。	讀取 ClawTweaks 在小工具中顯示的 CPU 感測器。	Legge i sensori CPU che ClawTweaks mostra nel widget.	Lê os sensores da CPU que o ClawTweaks mostra no widget.	ClawTweaks がウィジェットに表示する CPU センサーを読み取ります。	Odczytuje czujniki CPU, które ClawTweaks pokazuje w widżecie.
Take PawnIO Setup.	Nimm PawnIO Setup.	Prenez PawnIO Setup.	PawnIO Setup을 받으세요.	Toma PawnIO Setup.	Возьмите PawnIO Setup.	Πάρτε το PawnIO Setup.	选择 PawnIO Setup。	選擇 PawnIO Setup。	Prendi PawnIO Setup.	Pegue o PawnIO Setup.	PawnIO Setup を選びます。	Weź PawnIO Setup.
This ClawTweaks Center build is outdated. Please download the latest build.	Dieser ClawTweaks-Center-Build ist veraltet. Bitte lade den neuesten Build herunter.	Cette version de ClawTweaks Center est obsolète. Téléchargez la dernière version.	이 ClawTweaks Center 빌드는 오래되었습니다. 최신 빌드를 내려받으세요.	Esta versión de ClawTweaks Center está desactualizada. Descarga la última.	Эта сборка ClawTweaks Center устарела. Скачайте последнюю сборку.	Αυτή η έκδοση του ClawTweaks Center είναι παρωχημένη. Κατεβάστε τη νεότερη.	这个 ClawTweaks Center 版本已过时。请下载最新版本。	這個 ClawTweaks Center 版本已過時。請下載最新版本。	Questa build di ClawTweaks Center è obsoleta. Scarica la build più recente.	Este build do ClawTweaks Center está desatualizado. Baixe o build mais recente.	この ClawTweaks Center は古いビルドです。最新のビルドをダウンロードしてください。	Ta wersja ClawTweaks Center jest nieaktualna. Pobierz najnowszą wersję.
{0} (running {1}, needs {2}+)	{0} (läuft {1}, braucht {2}+)	{0} (en cours {1}, requis {2}+)	{0} (실행 중 {1}, 필요 {2}+)	{0} (en uso {1}, necesita {2}+)	{0} (стоит {1}, нужно {2}+)	{0} (τρέχει {1}, χρειάζεται {2}+)	{0} (当前 {1}，需要 {2}+)	{0} (目前 {1}，需要 {2}+)	{0} (in uso {1}, serve {2}+)	{0} (em uso {1}, precisa de {2}+)	{0} ({1} が入っています。{2}+ が必要)	{0} (masz {1}, wymaga {2}+)
Test build	Testbuild	Build de test	테스트 빌드	Build de prueba	Тестовая сборка	Δοκιμαστική	测试版	測試版	Build di test	Build de teste	テストビルド	Wersja testowa
Release		Version	정식 버전	Versión	Релиз		正式版	正式版			リリース	Wydanie
Nightly			나이틀리									
BROKEN: leftover registry entries but no driver binary — reinstall and reboot	DEFEKT: Registry-Reste ohne Treiberdatei — neu installieren und neu starten	CASSÉ : restes de registre sans binaire de pilote — réinstallez et redémarrez	손상됨: 레지스트리 항목만 남고 드라이버 파일이 없습니다 — 다시 설치하고 재부팅하세요	ROTO: quedan entradas de registro sin binario del controlador — reinstala y reinicia	СЛОМАНО: остатки в реестре, но нет файла драйвера — переустановите и перезагрузите	ΧΑΛΑΣΜΕΝΟ: υπολείμματα στο μητρώο αλλά κανένα αρχείο οδηγού — εγκαταστήστε ξανά και επανεκκινήστε	已损坏：注册表残留但没有驱动文件 — 请重装并重启	已損壞：登錄檔殘留但沒有驅動程式檔案 — 請重裝並重新啟動	GUASTO: voci di registro residue ma nessun binario del driver — reinstalla e riavvia	QUEBRADO: restos no registro, mas sem o binário do driver — reinstale e reinicie	壊れています: レジストリの残骸だけでドライバー本体がありません — 入れ直して再起動してください	USZKODZONE: resztki w rejestrze, ale brak pliku sterownika — zainstaluj ponownie i zrestartuj
BROKEN: usbip's files are installed but its driver is not registered — the installer's driver step (devnode.exe) failed. The usual cause is the -arm64 download, which the release page lists above the x64 one. Uninstall usbip, re-run the installer whose name ends in -x64.exe, and reboot.	DEFEKT: usbips Dateien sind installiert, aber der Treiber ist nicht registriert — der Treiberschritt des Installers (devnode.exe) ist fehlgeschlagen. Übliche Ursache ist der -arm64-Download, den die Release-Seite über dem x64 listet. usbip deinstallieren, den Installer mit -x64.exe am Ende erneut ausführen und neu starten.	CASSÉ : les fichiers d'usbip sont installés mais son pilote n'est pas enregistré — l'étape pilote de l'installateur (devnode.exe) a échoué. La cause habituelle est le téléchargement -arm64, listé au-dessus du x64 sur la page de release. Désinstallez usbip, relancez l'installateur dont le nom finit par -x64.exe, puis redémarrez.	손상됨: usbip 파일은 설치되었지만 드라이버가 등록되지 않았습니다 — 설치 프로그램의 드라이버 단계(devnode.exe)가 실패했습니다. 흔한 원인은 릴리스 페이지에서 x64 위에 표시되는 -arm64 다운로드입니다. usbip을 제거하고 이름이 -x64.exe로 끝나는 설치 프로그램을 다시 실행한 뒤 재부팅하세요.	ROTO: los archivos de usbip están instalados pero su controlador no está registrado — el paso del controlador del instalador (devnode.exe) falló. La causa habitual es la descarga -arm64, que la página de release lista encima de la x64. Desinstala usbip, vuelve a ejecutar el instalador cuyo nombre termina en -x64.exe y reinicia.	СЛОМАНО: файлы usbip установлены, но драйвер не зарегистрирован — шаг установщика с драйвером (devnode.exe) не удался. Обычная причина — загрузка -arm64, которую страница релиза показывает выше x64. Удалите usbip, снова запустите установщик с именем на -x64.exe и перезагрузите.	ΧΑΛΑΣΜΕΝΟ: τα αρχεία του usbip είναι εγκατεστημένα αλλά ο οδηγός του δεν είναι δηλωμένος — απέτυχε το βήμα οδηγού του εγκαταστάτη (devnode.exe). Συνήθης αιτία είναι η λήψη -arm64, που η σελίδα εκδόσεων εμφανίζει πάνω από την x64. Απεγκαταστήστε το usbip, τρέξτε ξανά τον εγκαταστάτη που τελειώνει σε -x64.exe και επανεκκινήστε.	已损坏：usbip 的文件已安装，但驱动没有注册 — 安装程序的驱动步骤 (devnode.exe) 失败了。常见原因是下载了 -arm64 版，发布页把它列在 x64 之上。请卸载 usbip，运行名称以 -x64.exe 结尾的安装程序，然后重启。	已損壞：usbip 的檔案已安裝，但驅動程式沒有註冊 — 安裝程式的驅動程式步驟 (devnode.exe) 失敗了。常見原因是下載了 -arm64 版，發佈頁把它列在 x64 之上。請解除安裝 usbip，執行名稱以 -x64.exe 結尾的安裝程式，然後重新啟動。	GUASTO: i file di usbip sono installati ma il driver non è registrato — il passo driver dell'installer (devnode.exe) è fallito. La causa abituale è il download -arm64, che la pagina di release elenca sopra quello x64. Disinstalla usbip, riesegui l'installer il cui nome finisce in -x64.exe e riavvia.	QUEBRADO: os arquivos do usbip estão instalados, mas o driver não está registrado — a etapa de driver do instalador (devnode.exe) falhou. A causa comum é o download -arm64, que a página de release lista acima do x64. Desinstale o usbip, execute de novo o instalador cujo nome termina em -x64.exe e reinicie.	壊れています: usbip のファイルはありますがドライバーが登録されていません — インストーラーのドライバー手順 (devnode.exe) が失敗しました。よくある原因は -arm64 版のダウンロードで、リリースページでは x64 版の上に並んでいます。usbip をアンインストールし、名前が -x64.exe で終わるインストーラーを実行して再起動してください。	USZKODZONE: pliki usbip są zainstalowane, ale sterownik nie jest zarejestrowany — krok sterownika instalatora (devnode.exe) nie powiódł się. Zwykła przyczyna to pobranie -arm64, które strona wydań pokazuje nad x64. Odinstaluj usbip, uruchom ponownie instalator o nazwie kończącej się na -x64.exe i zrestartuj.
UNSUPPORTED VERSION: usbip {0} is installed, ClawTweaks needs {1}. Older versions crash the device with a blue screen while the virtual controller is running, so ClawTweaks will not start it. Run the ClawTweaks setup, or install {1} from the link on this page, and reboot.	NICHT UNTERSTÜTZTE VERSION: usbip {0} ist installiert, ClawTweaks braucht {1}. Ältere Versionen stürzen mit Bluescreen ab, solange der virtuelle Controller läuft, deshalb startet ClawTweaks ihn nicht. Führe das ClawTweaks-Setup aus oder installiere {1} über den Link auf dieser Seite, und starte neu.	VERSION NON PRISE EN CHARGE : usbip {0} est installé, ClawTweaks a besoin de {1}. Les versions plus anciennes plantent l'appareil en écran bleu pendant que la manette virtuelle tourne, donc ClawTweaks ne la démarre pas. Lancez l'installation ClawTweaks, ou installez {1} via le lien sur cette page, puis redémarrez.	지원되지 않는 버전: usbip {0}이(가) 설치되어 있지만 ClawTweaks에는 {1}이(가) 필요합니다. 이전 버전은 가상 컨트롤러 실행 중 블루스크린을 일으키므로 ClawTweaks가 시작하지 않습니다. ClawTweaks 설치 프로그램을 실행하거나 이 페이지의 링크에서 {1}을(를) 설치한 뒤 재부팅하세요.	VERSIÓN NO COMPATIBLE: usbip {0} está instalado y ClawTweaks necesita {1}. Las versiones anteriores dan pantalla azul mientras corre el mando virtual, así que ClawTweaks no lo iniciará. Ejecuta el instalador de ClawTweaks o instala {1} desde el enlace de esta página y reinicia.	НЕПОДДЕРЖИВАЕМАЯ ВЕРСИЯ: установлен usbip {0}, ClawTweaks нужен {1}. Старые версии роняют устройство в синий экран при работе виртуального контроллера, поэтому ClawTweaks его не запустит. Запустите установщик ClawTweaks или установите {1} по ссылке на этой странице и перезагрузите.	ΜΗ ΥΠΟΣΤΗΡΙΖΟΜΕΝΗ ΕΚΔΟΣΗ: είναι εγκατεστημένο το usbip {0}, το ClawTweaks χρειάζεται {1}. Οι παλιότερες εκδόσεις ρίχνουν τη συσκευή σε μπλε οθόνη όσο τρέχει το εικονικό χειριστήριο, οπότε το ClawTweaks δεν θα το ξεκινήσει. Τρέξτε το setup του ClawTweaks ή εγκαταστήστε το {1} από τον σύνδεσμο σε αυτή τη σελίδα και επανεκκινήστε.	不支持的版本：已安装 usbip {0}，ClawTweaks 需要 {1}。更旧的版本会在虚拟手柄运行时让设备蓝屏，所以 ClawTweaks 不会启动它。请运行 ClawTweaks 安装程序，或从本页链接安装 {1}，然后重启。	不支援的版本：已安裝 usbip {0}，ClawTweaks 需要 {1}。更舊的版本會在虛擬控制器執行時讓裝置藍幕，所以 ClawTweaks 不會啟動它。請執行 ClawTweaks 安裝程式，或從本頁連結安裝 {1}，然後重新啟動。	VERSIONE NON SUPPORTATA: è installato usbip {0}, ClawTweaks richiede {1}. Le versioni più vecchie mandano il dispositivo in schermata blu mentre il controller virtuale è attivo, quindi ClawTweaks non lo avvierà. Esegui il setup di ClawTweaks, oppure installa {1} dal link in questa pagina, e riavvia.	VERSÃO NÃO SUPORTADA: o usbip {0} está instalado, o ClawTweaks precisa de {1}. Versões mais antigas travam o dispositivo com tela azul enquanto o controle virtual roda, então o ClawTweaks não o iniciará. Execute o setup do ClawTweaks ou instale {1} pelo link nesta página e reinicie.	非対応バージョン: usbip {0} が入っていますが、ClawTweaks には {1} が必要です。古いバージョンは仮想コントローラーの動作中にブルースクリーンを起こすため、ClawTweaks は起動しません。ClawTweaks のセットアップを実行するか、このページのリンクから {1} を入れて再起動してください。	NIEOBSŁUGIWANA WERSJA: zainstalowano usbip {0}, ClawTweaks wymaga {1}. Starsze wersje powodują niebieski ekran, gdy działa wirtualny kontroler, więc ClawTweaks go nie uruchomi. Uruchom instalator ClawTweaks lub zainstaluj {1} z linku na tej stronie i zrestartuj.
UNSUPPORTED VERSION: usbip {0} is installed, ClawTweaks needs {1}. Uninstall usbip, install {1} from the link on this page, and reboot.	NICHT UNTERSTÜTZTE VERSION: usbip {0} ist installiert, ClawTweaks braucht {1}. usbip deinstallieren, {1} über den Link auf dieser Seite installieren und neu starten.	VERSION NON PRISE EN CHARGE : usbip {0} est installé, ClawTweaks a besoin de {1}. Désinstallez usbip, installez {1} via le lien sur cette page, puis redémarrez.	지원되지 않는 버전: usbip {0}이(가) 설치되어 있지만 ClawTweaks에는 {1}이(가) 필요합니다. usbip을 제거하고 이 페이지의 링크에서 {1}을(를) 설치한 뒤 재부팅하세요.	VERSIÓN NO COMPATIBLE: usbip {0} está instalado y ClawTweaks necesita {1}. Desinstala usbip, instala {1} desde el enlace de esta página y reinicia.	НЕПОДДЕРЖИВАЕМАЯ ВЕРСИЯ: установлен usbip {0}, ClawTweaks нужен {1}. Удалите usbip, установите {1} по ссылке на этой странице и перезагрузите.	ΜΗ ΥΠΟΣΤΗΡΙΖΟΜΕΝΗ ΕΚΔΟΣΗ: είναι εγκατεστημένο το usbip {0}, το ClawTweaks χρειάζεται {1}. Απεγκαταστήστε το usbip, εγκαταστήστε το {1} από τον σύνδεσμο σε αυτή τη σελίδα και επανεκκινήστε.	不支持的版本：已安装 usbip {0}，ClawTweaks 需要 {1}。请卸载 usbip，从本页链接安装 {1}，然后重启。	不支援的版本：已安裝 usbip {0}，ClawTweaks 需要 {1}。請解除安裝 usbip，從本頁連結安裝 {1}，然後重新啟動。	VERSIONE NON SUPPORTATA: è installato usbip {0}, ClawTweaks richiede {1}. Disinstalla usbip, installa {1} dal link in questa pagina e riavvia.	VERSÃO NÃO SUPORTADA: o usbip {0} está instalado, o ClawTweaks precisa de {1}. Desinstale o usbip, instale {1} pelo link nesta página e reinicie.	非対応バージョン: usbip {0} が入っていますが、ClawTweaks には {1} が必要です。usbip をアンインストールし、このページのリンクから {1} を入れて再起動してください。	NIEOBSŁUGIWANA WERSJA: zainstalowano usbip {0}, ClawTweaks wymaga {1}. Odinstaluj usbip, zainstaluj {1} z linku na tej stronie i zrestartuj.
Update		Mise à jour	업데이트	Actualizar	Обновить	Ενημέρωση	更新	更新	Aggiorna	Atualizar	更新	Aktualizuj
{0} MHz					{0} МГц							
{0} Hz					{0} Гц							
{0} fps (Intel)												
{0} fps (RTSS)												
Aggressive	Aggressiv	Agressif	적극	Agresivo	Агрессивный	Επιθετικό	激进	積極	Aggressivo	Agressivo	アグレッシブ	Agresywny
Efficient Enabled	Effizient aktiviert	Efficace activé	효율적 사용	Eficiente activado	Эффективный вкл.	Αποδοτικό ενεργό	高效 启用	高效 啟用	Efficiente attivo	Eficiente ativado	効率重視 有効	Wydajny włączony
Efficient Aggressive	Effizient aggressiv	Efficace agressif	효율적 적극	Eficiente agresivo	Эффективный агрессивный	Αποδοτικό επιθετικό	高效 激进	高效 積極	Efficiente aggressivo	Eficiente agressivo	効率重視 アグレッシブ	Wydajny agresywny
Aggressive At Guaranteed	Aggressiv bei Garantie	Agressif au garanti	보장 시 적극	Agresivo en garantizado	Агрессивный на гарантированной	Επιθετικό στο εγγυημένο	保证值下激进	保證值下積極	Aggressivo al garantito	Agressivo no garantido	保証値でアグレッシブ	Agresywny przy gwarantowanym
Efficient Aggressive At Guaranteed	Effizient aggressiv bei Garantie	Efficace agressif au garanti	보장 시 효율적 적극	Eficiente agresivo en garantizado	Эффективный агрессивный на гарантированной	Αποδοτικό επιθετικό στο εγγυημένο	高效 保证值下激进	高效 保證值下積極	Efficiente aggressivo al garantito	Eficiente agressivo no garantido	効率重視 保証値でアグレッシブ	Wydajny agresywny przy gwarantowanym
Mode {0}	Modus {0}		모드 {0}	Modo {0}	Режим {0}	Λειτουργία {0}	模式 {0}	模式 {0}	Modalità {0}	Modo {0}	モード {0}	Tryb {0}
LS Click	LS-Klick	Clic LS	LS 클릭	Clic LS	Нажатие LS	Κλικ LS	LS 按下	LS 按下	Clic LS	Clique LS	LS 押し込み	Klik LS
LS Up	LS hoch	LS haut	LS 위	LS arriba	LS вверх	LS πάνω	LS 上	LS 上	LS su	LS cima	LS 上	LS góra
LS Down	LS runter	LS bas	LS 아래	LS abajo	LS вниз	LS κάτω	LS 下	LS 下	LS giù	LS baixo	LS 下	LS dół
LS Left	LS links	LS gauche	LS 왼쪽	LS izquierda	LS влево	LS αριστερά	LS 左	LS 左	LS sinistra	LS esquerda	LS 左	LS lewo
LS Right	LS rechts	LS droite	LS 오른쪽	LS derecha	LS вправо	LS δεξιά	LS 右	LS 右	LS destra	LS direita	LS 右	LS prawo
RS Click	RS-Klick	Clic RS	RS 클릭	Clic RS	Нажатие RS	Κλικ RS	RS 按下	RS 按下	Clic RS	Clique RS	RS 押し込み	Klik RS
RS Up	RS hoch	RS haut	RS 위	RS arriba	RS вверх	RS πάνω	RS 上	RS 上	RS su	RS cima	RS 上	RS góra
RS Down	RS runter	RS bas	RS 아래	RS abajo	RS вниз	RS κάτω	RS 下	RS 下	RS giù	RS baixo	RS 下	RS dół
RS Left	RS links	RS gauche	RS 왼쪽	RS izquierda	RS влево	RS αριστερά	RS 左	RS 左	RS sinistra	RS esquerda	RS 左	RS lewo
RS Right	RS rechts	RS droite	RS 오른쪽	RS derecha	RS вправо	RS δεξιά	RS 右	RS 右	RS destra	RS direita	RS 右	RS prawo
D-Pad Up	Kreuz hoch	Croix haut	십자키 위	Cruz arriba	D-pad вверх	Σταυρός πάνω	方向键 上	方向鍵 上	Croce su	D-pad cima	十字キー 上	D-pad góra
D-Pad Down	Kreuz runter	Croix bas	십자키 아래	Cruz abajo	D-pad вниз	Σταυρός κάτω	方向键 下	方向鍵 下	Croce giù	D-pad baixo	十字キー 下	D-pad dół
D-Pad Left	Kreuz links	Croix gauche	십자키 왼쪽	Cruz izquierda	D-pad влево	Σταυρός αριστερά	方向键 左	方向鍵 左	Croce sinistra	D-pad esquerda	十字キー 左	D-pad lewo
D-Pad Right	Kreuz rechts	Croix droite	십자키 오른쪽	Cruz derecha	D-pad вправо	Σταυρός δεξιά	方向键 右	方向鍵 右	Croce destra	D-pad direita	十字キー 右	D-pad prawo
Xbox Button	Xbox-Taste	Bouton Xbox	Xbox 버튼	Botón Xbox	Кнопка Xbox	Πλήκτρο Xbox	Xbox 键	Xbox 鍵	Tasto Xbox	Botão Xbox	Xbox ボタン	Przycisk Xbox
Action {0}	Aktion {0}		동작 {0}	Acción {0}	Действие {0}	Ενέργεια {0}	动作 {0}	動作 {0}	Azione {0}	Ação {0}	動作 {0}	Akcja {0}
Downloads		Téléchargements	다운로드	Descargas	Загрузки	Λήψεις	下载	下載	Download		ダウンロード	Pobrane
Desktop		Bureau	바탕 화면	Escritorio	Рабочий стол		桌面	桌面			デスクトップ	Pulpit
Pictures	Bilder	Images	사진	Imágenes	Изображения	Εικόνες	图片	圖片	Immagini	Imagens	ピクチャ	Obrazy
No release notes.	Keine Release Notes.	Aucune note de version.	릴리스 노트가 없습니다.	Sin notas de la versión.	Заметок к релизу нет.	Καμία σημείωση έκδοσης.	没有发布说明。	沒有發行說明。	Nessuna nota di rilascio.	Sem notas de release.	リリースノートはありません。	Brak informacji o wydaniu.
Backups live in {0}. Create one first.	Backups liegen in {0}. Lege zuerst eines an.	Les sauvegardes sont dans {0}. Créez-en une d'abord.	백업은 {0}에 있습니다. 먼저 하나 만드세요.	Las copias están en {0}. Crea una primero.	Копии хранятся в {0}. Сначала создайте одну.	Τα αντίγραφα βρίσκονται στο {0}. Δημιουργήστε πρώτα ένα.	备份存放在 {0}。请先创建一个。	備份存放在 {0}。請先建立一個。	I backup si trovano in {0}. Creane prima uno.	Os backups ficam em {0}. Crie um primeiro.	バックアップは {0} にあります。先に作成してください。	Kopie są w {0}. Najpierw utwórz jedną.
Safety copy of the previous state: {0}	Sicherheitskopie des vorherigen Stands: {0}	Copie de sécurité de l'état précédent : {0}	이전 상태의 안전 사본: {0}	Copia de seguridad del estado anterior: {0}	Страховочная копия прежнего состояния: {0}	Εφεδρικό αντίγραφο της προηγούμενης κατάστασης: {0}	上一个状态的副本：{0}	上一個狀態的副本：{0}	Copia di sicurezza dello stato precedente: {0}	Cópia de segurança do estado anterior: {0}	直前の状態の控え: {0}	Kopia bezpieczeństwa poprzedniego stanu: {0}
All ClawTweaks settings were reset to a clean state. Reopen the Game Bar (Win+G) to continue.	Alle ClawTweaks-Einstellungen wurden auf einen sauberen Stand zurückgesetzt. Öffne die Game Bar (Win+G) erneut, um fortzufahren.	Tous les réglages ClawTweaks ont été remis à zéro. Rouvrez la Game Bar (Win+G) pour continuer.	모든 ClawTweaks 설정이 초기 상태로 재설정되었습니다. 계속하려면 Game Bar(Win+G)를 다시 여세요.	Todos los ajustes de ClawTweaks se restablecieron a un estado limpio. Vuelve a abrir la Game Bar (Win+G) para continuar.	Все настройки ClawTweaks сброшены. Откройте Game Bar (Win+G), чтобы продолжить.	Όλες οι ρυθμίσεις ClawTweaks επανήλθαν σε καθαρή κατάσταση. Ανοίξτε ξανά το Game Bar (Win+G) για να συνεχίσετε.	所有 ClawTweaks 设置已重置为干净状态。请重新打开 Game Bar (Win+G) 继续。	所有 ClawTweaks 設定已重設為乾淨狀態。請重新開啟 Game Bar (Win+G) 繼續。	Tutte le impostazioni ClawTweaks sono state azzerate. Riapri la Game Bar (Win+G) per continuare.	Todas as configurações do ClawTweaks foram redefinidas. Reabra a Game Bar (Win+G) para continuar.	ClawTweaks の設定をすべてまっさらに戻しました。Game Bar (Win+G) を開き直して続けてください。	Wszystkie ustawienia ClawTweaks zostały zresetowane. Otwórz Game Bar (Win+G), aby kontynuować.
Saved {0} stores to:\n{1}	{0} Speicher gesichert nach:\n{1}	{0} magasins enregistrés dans :\n{1}	저장소 {0}개를 다음에 저장했습니다:\n{1}	{0} almacenes guardados en:\n{1}	Сохранено хранилищ: {0} в:\n{1}	Αποθηκεύτηκαν {0} καταστήματα στο:\n{1}	已把 {0} 个商店保存到：\n{1}	已把 {0} 個商店儲存到：\n{1}	Salvati {0} archivi in:\n{1}	{0} repositórios salvos em:\n{1}	{0} 件のストアを保存しました:\n{1}	Zapisano {0} magazynów w:\n{1}
Restored {0} files. The helper is restarting — reopen the Game Bar (Win+G) to continue.	{0} Dateien wiederhergestellt. Der Helper startet neu — öffne die Game Bar (Win+G) erneut, um fortzufahren.	{0} fichiers restaurés. Le helper redémarre — rouvrez la Game Bar (Win+G) pour continuer.	파일 {0}개를 복원했습니다. 헬퍼가 다시 시작됩니다 — 계속하려면 Game Bar(Win+G)를 다시 여세요.	{0} archivos restaurados. El helper se está reiniciando — vuelve a abrir la Game Bar (Win+G) para continuar.	Восстановлено файлов: {0}. Помощник перезапускается — откройте Game Bar (Win+G), чтобы продолжить.	Επαναφέρθηκαν {0} αρχεία. Ο helper επανεκκινεί — ανοίξτε ξανά το Game Bar (Win+G) για να συνεχίσετε.	已还原 {0} 个文件。helper 正在重启 — 请重新打开 Game Bar (Win+G) 继续。	已還原 {0} 個檔案。helper 正在重新啟動 — 請重新開啟 Game Bar (Win+G) 繼續。	Ripristinati {0} file. L'helper si sta riavviando — riapri la Game Bar (Win+G) per continuare.	{0} arquivos restaurados. O helper está reiniciando — reabra a Game Bar (Win+G) para continuar.	{0} 個のファイルを復元しました。ヘルパーが再起動しています — Game Bar (Win+G) を開き直して続けてください。	Przywrócono {0} plików. Helper uruchamia się ponownie — otwórz Game Bar (Win+G), aby kontynuować.
This backup is from '{0}', but this device looks like {1}. Device-specific values (TDP limits, fan scale) will be restored as-is.	Dieses Backup stammt von '{0}', dieses Gerät sieht aber nach {1} aus. Gerätespezifische Werte (TDP-Grenzen, Lüfterskala) werden unverändert übernommen.	Cette sauvegarde vient de '{0}', mais cet appareil ressemble à {1}. Les valeurs propres à l'appareil (limites TDP, échelle du ventilateur) seront restaurées telles quelles.	이 백업은 '{0}'에서 만들어졌지만 이 장치는 {1}(으)로 보입니다. 장치별 값(TDP 제한, 팬 스케일)은 그대로 복원됩니다.	Esta copia es de '{0}', pero este dispositivo parece {1}. Los valores propios del dispositivo (límites TDP, escala del ventilador) se restaurarán tal cual.	Эта копия с «{0}», а это устройство похоже на {1}. Значения, зависящие от устройства (лимиты TDP, шкала вентилятора), будут восстановлены как есть.	Αυτό το αντίγραφο είναι από '{0}', αλλά αυτή η συσκευή μοιάζει με {1}. Οι τιμές που εξαρτώνται από τη συσκευή (όρια TDP, κλίμακα ανεμιστήρα) θα επαναφερθούν ως έχουν.	这个备份来自「{0}」，但这台设备看起来是 {1}。与设备相关的数值 (TDP 上限、风扇刻度) 会按原样还原。	這個備份來自「{0}」，但這台裝置看起來是 {1}。與裝置相關的數值 (TDP 上限、風扇刻度) 會依原樣還原。	Questo backup viene da '{0}', ma questo dispositivo sembra {1}. I valori specifici del dispositivo (limiti TDP, scala ventola) verranno ripristinati così come sono.	Este backup é de '{0}', mas este dispositivo parece ser {1}. Valores específicos do dispositivo (limites de TDP, escala da ventoinha) serão restaurados como estão.	このバックアップは「{0}」のものですが、このデバイスは {1} のようです。デバイス固有の値 (TDP 上限、ファンの目盛り) はそのまま復元されます。	Ta kopia pochodzi z „{0}”, a to urządzenie wygląda na {1}. Wartości specyficzne dla urządzenia (limity TDP, skala wentylatora) zostaną przywrócone bez zmian.
Backup is from {0}; you have {1} installed. Restoring across versions usually works, but isn't guaranteed.	Das Backup stammt aus {0}; installiert ist {1}. Wiederherstellen über Versionen hinweg klappt meist, ist aber nicht garantiert.	La sauvegarde vient de {0} ; vous avez {1} d'installé. Restaurer entre versions fonctionne en général, sans garantie.	백업은 {0}에서 만들어졌고 설치된 버전은 {1}입니다. 버전 간 복원은 보통 되지만 보장되지는 않습니다.	La copia es de {0}; tienes {1} instalado. Restaurar entre versiones suele funcionar, pero no está garantizado.	Копия от {0}; у вас установлен {1}. Восстановление между версиями обычно работает, но не гарантировано.	Το αντίγραφο είναι από {0}· έχετε εγκατεστημένο το {1}. Η επαναφορά ανάμεσα σε εκδόσεις συνήθως δουλεύει, αλλά δεν είναι εγγυημένη.	备份来自 {0}；你安装的是 {1}。跨版本还原通常可行，但不保证。	備份來自 {0}；你安裝的是 {1}。跨版本還原通常可行，但不保證。	Il backup viene da {0}; hai installato {1}. Il ripristino tra versioni di solito funziona, ma non è garantito.	O backup é de {0}; você tem {1} instalado. Restaurar entre versões costuma funcionar, mas não é garantido.	バックアップは {0} のもので、入っているのは {1} です。バージョンをまたぐ復元はたいてい動きますが、保証はありません。	Kopia pochodzi z {0}; masz zainstalowane {1}. Przywracanie między wersjami zwykle działa, ale nie jest gwarantowane.
You're on the "{0}" channel — the install routine is currently known not to work correctly on Insider builds.	Du bist im Kanal „{0}“ — die Installationsroutine funktioniert auf Insider-Builds derzeit bekanntermaßen nicht richtig.	Vous êtes sur le canal « {0} » — la routine d'installation ne fonctionne pas correctement sur les builds Insider pour l'instant.	현재 "{0}" 채널입니다 — 설치 루틴은 현재 Insider 빌드에서 제대로 작동하지 않는 것으로 알려져 있습니다.	Estás en el canal "{0}" — se sabe que la rutina de instalación no funciona bien en builds Insider por ahora.	Вы на канале «{0}» — процедура установки сейчас заведомо некорректно работает на сборках Insider.	Είστε στο κανάλι "{0}" — η διαδικασία εγκατάστασης είναι γνωστό ότι δεν δουλεύει σωστά σε εκδόσεις Insider.	你在「{0}」通道 — 已知安装流程在 Insider 版本上无法正常工作。	你在「{0}」通道 — 已知安裝流程在 Insider 版本上無法正常運作。	Sei sul canale "{0}" — al momento la routine di installazione notoriamente non funziona bene sulle build Insider.	Você está no canal "{0}" — a rotina de instalação atualmente não funciona bem em builds Insider.	「{0}」チャネルを使っています — インストール処理は Insider ビルドでは正しく動かないことが分かっています。	Jesteś na kanale „{0}” — procedura instalacji obecnie nie działa poprawnie na wersjach Insider.
▲ Update available on GitHub: {0} ({1})	▲ Update auf GitHub verfügbar: {0} ({1})	▲ Mise à jour disponible sur GitHub : {0} ({1})	▲ GitHub에 업데이트 있음: {0} ({1})	▲ Actualización disponible en GitHub: {0} ({1})	▲ Обновление доступно на GitHub: {0} ({1})	▲ Διαθέσιμη ενημέρωση στο GitHub: {0} ({1})	▲ GitHub 上有更新：{0} ({1})	▲ GitHub 上有更新：{0} ({1})	▲ Aggiornamento disponibile su GitHub: {0} ({1})	▲ Atualização disponível no GitHub: {0} ({1})	▲ GitHub に更新があります: {0} ({1})	▲ Aktualizacja dostępna na GitHub: {0} ({1})
ClawTweaks Center update available: {0}	ClawTweaks-Center-Update verfügbar: {0}	Mise à jour de ClawTweaks Center disponible : {0}	ClawTweaks Center 업데이트 있음: {0}	Actualización de ClawTweaks Center disponible: {0}	Доступно обновление ClawTweaks Center: {0}	Διαθέσιμη ενημέρωση ClawTweaks Center: {0}	ClawTweaks Center 有更新：{0}	ClawTweaks Center 有更新：{0}	Aggiornamento di ClawTweaks Center disponibile: {0}	Atualização do ClawTweaks Center disponível: {0}	ClawTweaks Center の更新があります: {0}	Dostępna aktualizacja ClawTweaks Center: {0}
You're running {0}. Install it here — Center restarts when it's done.	Du hast {0}. Hier installieren — Center startet danach neu.	Vous avez {0}. Installez-la ici — Center redémarre ensuite.	현재 {0}입니다. 여기서 설치하세요 — 완료되면 Center가 다시 시작됩니다.	Tienes {0}. Instálala aquí — Center se reinicia al terminar.	У вас {0}. Установите здесь — Center перезапустится по завершении.	Τρέχετε την {0}. Εγκαταστήστε την εδώ — το Center επανεκκινεί όταν τελειώσει.	你在用 {0}。可以在这里安装 — 完成后 Center 会重启。	你在用 {0}。可以在這裡安裝 — 完成後 Center 會重新啟動。	Hai {0}. Installalo qui — Center si riavvia alla fine.	Você usa {0}. Instale aqui — o Center reinicia ao terminar.	現在は {0} です。ここでインストールできます — 終わると Center が再起動します。	Masz {0}. Zainstaluj tutaj — Center uruchomi się ponownie po zakończeniu.
You're running {0}. Download the new Setup file and run it — it installs over this one, and no administrator rights are needed.	Du hast {0}. Lade die neue Setup-Datei herunter und starte sie — sie installiert über diese Version, ohne Administratorrechte.	Vous avez {0}. Téléchargez le nouveau Setup et lancez-le — il s'installe par-dessus celui-ci, sans droits d'administrateur.	현재 {0}입니다. 새 설치 파일을 내려받아 실행하세요 — 이 버전 위에 설치되며 관리자 권한이 필요 없습니다.	Tienes {0}. Descarga el nuevo Setup y ejecútalo — se instala sobre este, sin derechos de administrador.	У вас {0}. Скачайте новый установщик и запустите его — он установится поверх этого, права администратора не нужны.	Τρέχετε την {0}. Κατεβάστε το νέο αρχείο Setup και τρέξτε το — εγκαθίσταται πάνω από αυτό και δεν χρειάζονται δικαιώματα διαχειριστή.	你在用 {0}。请下载新的安装程序并运行 — 它会覆盖安装，也不需要管理员权限。	你在用 {0}。請下載新的安裝程式並執行 — 它會覆蓋安裝，也不需要系統管理員權限。	Hai {0}. Scarica il nuovo file di Setup ed eseguilo — si installa sopra questo, senza diritti di amministratore.	Você usa {0}. Baixe o novo arquivo de Setup e execute-o — ele instala por cima deste, sem direitos de administrador.	現在は {0} です。新しいセットアップをダウンロードして実行してください — 上書きインストールされ、管理者権限も不要です。	Masz {0}. Pobierz nowy plik instalatora i uruchom go — instaluje się na obecnej wersji, bez uprawnień administratora.
Installing {0}	{0} wird installiert	Installation de {0}	{0}설치 중	Instalando {0}	Установка {0}	Εγκατάσταση {0}	正在安装 {0}	正在安裝 {0}	Installazione di {0}	Instalando {0}	{0} をインストール中	Instalowanie {0}
{0} — helper is up and running.	{0} — der Helper läuft.	{0} — le helper est en marche.	{0} — 헬퍼가 실행 중입니다.	{0} — el helper está en marcha.	{0} — помощник запущен и работает.	{0} — ο helper ξεκίνησε και εκτελείται.	{0} — helper 已启动并在运行。	{0} — helper 已啟動並在執行。	{0} — l'helper è attivo.	{0} — o helper está em execução.	{0} — ヘルパーが起動して動作中です。	{0} — helper działa.
Installed {0}	{0} installiert	{0} installé	{0} 설치됨	{0} instalado	Установлено {0}	Εγκαταστάθηκε {0}	已安装 {0}	已安裝 {0}	Installato {0}	Instalado {0}	{0} をインストール	Zainstalowano {0}
Updated {0} → {1}	Aktualisiert {0} → {1}	Mis à jour {0} → {1}	업데이트됨 {0} → {1}	Actualizado {0} → {1}	Обновлено {0} → {1}	Ενημερώθηκε {0} → {1}	已更新 {0} → {1}	已更新 {0} → {1}	Aggiornato {0} → {1}	Atualizado {0} → {1}	{0} → {1} に更新しました	Zaktualizowano {0} → {1}
Downgraded {0} → {1}	Zurückgestuft {0} → {1}	Rétrogradé {0} → {1}	다운그레이드됨 {0} → {1}	Degradado {0} → {1}	Откат {0} → {1}	Υποβαθμίστηκε {0} → {1}	已降级 {0} → {1}	已降級 {0} → {1}	Retrocesso {0} → {1}	Revertido {0} → {1}	{0} → {1} にダウングレードしました	Cofnięto {0} → {1}
Reinstalled {0}	{0} neu installiert	{0} réinstallé	{0} 다시 설치됨	{0} reinstalado	Переустановлено {0}	Επανεγκαταστάθηκε {0}	已重装 {0}	已重裝 {0}	Reinstallato {0}	Reinstalado {0}	{0} を再インストール	Przeinstalowano {0}
Unexpected survivor: {0} handed over, {1} terminated.	Unerwarteter Überlebender: {0} übergeben, {1} beendet.	Survivant inattendu : {0} transmis, {1} arrêté.	예상치 못한 잔존 프로세스: {0}개 인계, {1}개 종료.	Superviviente inesperado: {0} traspasado, {1} terminado.	Неожиданно уцелевший: передано {0}, завершено {1}.	Απροσδόκητο υπόλειμμα: {0} παρέδωσε, {1} τερματίστηκε.	意外残留：{0} 已交接，{1} 已终止。	意外殘留：{0} 已交接，{1} 已終止。	Sopravvissuto inatteso: {0} consegnati, {1} terminati.	Sobrevivente inesperado: {0} entregues, {1} encerrados.	想定外の残存: {0} は引き継ぎ、{1} は終了しました。	Nieoczekiwany ocalały: {0} przekazanych, {1} zakończonych.
Downloading the package ({0})…	Paket wird heruntergeladen ({0})…	Téléchargement du paquet ({0})…	패키지 다운로드 중({0})…	Descargando el paquete ({0})…	Загрузка пакета ({0})…	Λήψη του πακέτου ({0})…	正在下载包 ({0})…	正在下載套件 ({0})…	Download del pacchetto ({0})…	Baixando o pacote ({0})…	パッケージをダウンロード中 ({0})…	Pobieranie pakietu ({0})…
Package verified: {0}, {1:F1} MB.	Paket geprüft: {0}, {1:F1} MB.	Paquet vérifié : {0}, {1:F1} Mo.	패키지 확인됨: {0}, {1:F1} MB.	Paquete verificado: {0}, {1:F1} MB.	Пакет проверен: {0}, {1:F1} МБ.	Το πακέτο επαληθεύτηκε: {0}, {1:F1} MB.	包已校验：{0}，{1:F1} MB。	套件已驗證：{0}，{1:F1} MB。	Pacchetto verificato: {0}, {1:F1} MB.	Pacote verificado: {0}, {1:F1} MB.	パッケージを確認しました: {0}、{1:F1} MB。	Pakiet zweryfikowany: {0}, {1:F1} MB.
Outdated version — install {0} or newer	Veraltete Version — {0} oder neuer installieren	Version obsolète — installez {0} ou plus récent	오래된 버전 — {0} 이상을 설치하세요	Versión obsoleta — instala {0} o posterior	Устаревшая версия — установите {0} или новее	Παρωχημένη έκδοση — εγκαταστήστε {0} ή νεότερη	版本过旧 — 请安装 {0} 或更新版本	版本過舊 — 請安裝 {0} 或更新版本	Versione obsoleta — installa {0} o successiva	Versão desatualizada — instale {0} ou mais recente	古いバージョンです — {0} 以降を入れてください	Nieaktualna wersja — zainstaluj {0} lub nowszą
Auto-jump active (position {0}).	Auto-Jump aktiv (Position {0}).	Auto-jump actif (position {0}).	자동 점프 활성(위치 {0}).	Auto-jump activo (posición {0}).	Автопереход активен (позиция {0}).	Αυτόματη μετάβαση ενεργή (θέση {0}).	自动跳转已启用 (位置 {0})。	自動跳轉已啟用 (位置 {0})。	Salto automatico attivo (posizione {0}).	Salto automático ativo (posição {0}).	自動ジャンプ有効 (位置 {0})。	Automatyczny skok aktywny (pozycja {0}).
Auto-jump set to position {0}.	Auto-Jump auf Position {0} gesetzt.	Auto-jump réglé sur la position {0}.	자동 점프를 위치 {0}(으)로 설정했습니다.	Auto-jump puesto en la posición {0}.	Автопереход задан на позицию {0}.	Η αυτόματη μετάβαση ορίστηκε στη θέση {0}.	自动跳转已设为位置 {0}。	自動跳轉已設為位置 {0}。	Salto automatico impostato sulla posizione {0}.	Salto automático definido na posição {0}.	自動ジャンプを位置 {0} に設定しました。	Automatyczny skok ustawiony na pozycję {0}.
Could not start the old uninstaller: {0}	Der alte Uninstaller ließ sich nicht starten: {0}	Impossible de lancer l'ancien désinstalleur : {0}	이전 제거 프로그램을 시작할 수 없습니다: {0}	No se pudo iniciar el desinstalador antiguo: {0}	Не удалось запустить старый деинсталлятор: {0}	Δεν ξεκίνησε το παλιό πρόγραμμα απεγκατάστασης: {0}	无法启动旧的卸载程序：{0}	無法啟動舊的解除安裝程式：{0}	Impossibile avviare il vecchio programma di disinstallazione: {0}	Não foi possível iniciar o desinstalador antigo: {0}	古いアンインストーラーを起動できませんでした: {0}	Nie udało się uruchomić starego deinstalatora: {0}
it is a launcher for the .dll next to it, not a standalone build.	es ist ein Starter für die .dll daneben, kein eigenständiger Build.	c'est un lanceur pour la .dll à côté, pas un build autonome.	옆의 .dll을 실행하는 런처일 뿐, 독립 실행 빌드가 아닙니다.	es un lanzador de la .dll que tiene al lado, no un build independiente.	это лаунчер для .dll рядом, а не автономная сборка.	είναι εκκινητής για το .dll δίπλα του, όχι αυτόνομη έκδοση.	它只是旁边那个 .dll 的启动器，不是独立版本。	它只是旁邊那個 .dll 的啟動器，不是獨立版本。	è un launcher per la .dll accanto, non una build autonoma.	é um launcher para a .dll ao lado, não um build autônomo.	隣の .dll を起動するためのもので、単体のビルドではありません。	to launcher dla pliku .dll obok, nie samodzielna wersja.
it is only {0} KB, too small to carry its own runtime.	sie hat nur {0} KB, zu klein für eine eigene Runtime.	elle ne fait que {0} Ko, trop petite pour embarquer son runtime.	{0} KB밖에 되지 않아 자체 런타임을 담기엔 너무 작습니다.	solo ocupa {0} KB, demasiado pequeño para llevar su propio runtime.	он всего {0} КБ, слишком мал, чтобы содержать свою среду выполнения.	είναι μόλις {0} KB, πολύ μικρό για να έχει δικό του runtime.	它只有 {0} KB，太小了，装不下自己的运行时。	它只有 {0} KB，太小了，裝不下自己的執行階段。	è di soli {0} KB, troppo piccolo per contenere il proprio runtime.	tem só {0} KB, pequeno demais para conter o próprio runtime.	わずか {0} KB しかなく、ランタイムを含むには小さすぎます。	ma tylko {0} KB, za mało na własne środowisko uruchomieniowe.
its own file could not be inspected ({0}).	die eigene Datei ließ sich nicht prüfen ({0}).	son propre fichier n'a pas pu être inspecté ({0}).	자체 파일을 검사할 수 없습니다({0}).	no se pudo inspeccionar su propio archivo ({0}).	не удалось проверить его собственный файл ({0}).	το ίδιο του το αρχείο δεν εξετάστηκε ({0}).	无法检查它自己的文件 ({0})。	無法檢查它自己的檔案 ({0})。	non è stato possibile esaminare il suo file ({0}).	não foi possível inspecionar seu próprio arquivo ({0}).	自身のファイルを調べられませんでした ({0})。	nie udało się sprawdzić jego pliku ({0}).
This copy of Center cannot install itself: {0} Use the single-file build from the release page (or publish/), not the executable from a plain build output.	Diese Center-Kopie kann sich nicht selbst installieren: {0} Nimm den Single-File-Build von der Release-Seite (oder publish/), nicht die Exe aus einem normalen Build.	Cette copie de Center ne peut pas s'installer elle-même : {0} Utilisez le build fichier unique de la page de release (ou publish/), pas l'exécutable d'un build ordinaire.	이 Center 사본은 자체 설치가 불가능합니다: {0} 일반 빌드 출력의 실행 파일이 아니라 릴리스 페이지(또는 publish/)의 단일 파일 빌드를 사용하세요.	Esta copia de Center no puede instalarse a sí misma: {0} Usa el build de archivo único de la página de release (o publish/), no el ejecutable de un build normal.	Эта копия Center не может установить себя: {0} Используйте однофайловую сборку со страницы релиза (или publish/), а не exe из обычной сборки.	Αυτό το αντίγραφο του Center δεν μπορεί να εγκαταστήσει τον εαυτό του: {0} Χρησιμοποιήστε την έκδοση ενός αρχείου από τη σελίδα εκδόσεων (ή το publish/), όχι το εκτελέσιμο από απλό build.	这个 Center 副本无法安装自己：{0} 请使用发布页 (或 publish/) 的单文件版本，而不是普通构建输出里的可执行文件。	這個 Center 副本無法安裝自己：{0} 請使用發佈頁 (或 publish/) 的單一檔案版本，而不是一般組建輸出裡的執行檔。	Questa copia di Center non può installarsi da sola: {0} Usa la build a file singolo dalla pagina delle release (o publish/), non l'eseguibile di una build normale.	Esta cópia do Center não pode se instalar: {0} Use o build de arquivo único da página de releases (ou publish/), não o executável de um build comum.	この Center は自分自身をインストールできません: {0} 通常のビルド出力の実行ファイルではなく、リリースページ (または publish/) の単一ファイル版を使ってください。	Ta kopia Center nie może się zainstalować: {0} Użyj jednoplikowej wersji ze strony wydań (lub publish/), nie pliku exe ze zwykłej kompilacji.
Installing to {0}...	Installation nach {0}...	Installation dans {0}...	{0}에 설치 중...	Instalando en {0}...	Установка в {0}...	Εγκατάσταση στο {0}...	正在安装到 {0}...	正在安裝到 {0}...	Installazione in {0}...	Instalando em {0}...	{0} にインストール中...	Instalowanie w {0}...
Could not create the desktop icon: {0}	Desktop-Symbol konnte nicht angelegt werden: {0}	Impossible de créer l'icône du bureau : {0}	바탕 화면 아이콘을 만들 수 없습니다: {0}	No se pudo crear el icono del escritorio: {0}	Не удалось создать значок на рабочем столе: {0}	Δεν δημιουργήθηκε το εικονίδιο επιφάνειας εργασίας: {0}	无法创建桌面图标：{0}	無法建立桌面圖示：{0}	Impossibile creare l'icona sul desktop: {0}	Não foi possível criar o ícone na área de trabalho: {0}	デスクトップアイコンを作成できませんでした: {0}	Nie udało się utworzyć ikony na pulpicie: {0}
Install failed: {0}	Installation fehlgeschlagen: {0}	Installation échouée : {0}	설치 실패: {0}	Instalación fallida: {0}	Установка не удалась: {0}	Η εγκατάσταση απέτυχε: {0}	安装失败：{0}	安裝失敗：{0}	Installazione non riuscita: {0}	Falha na instalação: {0}	インストールに失敗しました: {0}	Instalacja nie powiodła się: {0}
Waiting for the running Center to close ({0}/{1})...	Warte, bis das laufende Center schließt ({0}/{1})...	Attente de la fermeture du Center en cours ({0}/{1})...	실행 중인 Center가 닫히길 기다리는 중({0}/{1})...	Esperando a que se cierre el Center en ejecución ({0}/{1})...	Ожидание закрытия запущенного Center ({0}/{1})...	Αναμονή να κλείσει το Center που εκτελείται ({0}/{1})...	正在等待运行中的 Center 关闭 ({0}/{1})...	正在等待執行中的 Center 關閉 ({0}/{1})...	In attesa che il Center in esecuzione si chiuda ({0}/{1})...	Aguardando o Center em execução fechar ({0}/{1})...	動作中の Center が閉じるのを待っています ({0}/{1})...	Oczekiwanie na zamknięcie działającego Center ({0}/{1})...
Connecting controller	Controller wird verbunden	Connexion de la manette	컨트롤러 연결 중	Conectando el mando	Подключение контроллера	Σύνδεση χειριστηρίου	正在连接手柄	正在連接控制器	Connessione del controller	Conectando o controle	コントローラーを接続中	Łączenie kontrolera
Setting up virtual gamepad…	Virtueller Controller wird eingerichtet…	Configuration de la manette virtuelle…	가상 컨트롤러 준비 중…	Preparando el mando virtual…	Настройка виртуального контроллера…	Ρύθμιση εικονικού χειριστηρίου…	正在设置虚拟手柄…	正在設定虛擬控制器…	Configurazione del controller virtuale…	Preparando o controle virtual…	仮想コントローラーを準備中…	Przygotowywanie kontrolera wirtualnego…
Controller connected	Controller verbunden	Manette connectée	컨트롤러 연결됨	Mando conectado	Контроллер подключён	Το χειριστήριο συνδέθηκε	手柄已连接	控制器已連接	Controller connesso	Controle conectado	コントローラー接続完了	Kontroler połączony
Ready to play	Bereit zum Spielen	Prêt à jouer	이제 플레이하세요	Listo para jugar	Можно играть	Έτοιμο για παιχνίδι	可以开始游戏	可以開始遊戲	Pronto per giocare	Pronto para jogar	プレイできます	Możesz grać
Controller not connected	Controller nicht verbunden	Manette non connectée	컨트롤러가 연결되지 않음	Mando no conectado	Контроллер не подключён	Το χειριστήριο δεν συνδέθηκε	手柄未连接	控制器未連接	Controller non connesso	Controle não conectado	コントローラー未接続	Kontroler nie połączony
Restoring controller	Controller wird zurückgesetzt	Restauration de la manette	컨트롤러 복원 중	Restaurando el mando	Восстановление контроллера	Επαναφορά χειριστηρίου	正在恢复手柄	正在還原控制器	Ripristino del controller	Restaurando o controle	コントローラーを復元中	Przywracanie kontrolera
Switching back to the hardware gamepad…	Zurück zum Hardware-Controller…	Retour à la manette matérielle…	하드웨어 컨트롤러로 복귀 중…	Volviendo al mando físico…	Возврат к аппаратному контроллеру…	Επιστροφή στο υλικό χειριστήριο…	正在切回硬件手柄…	正在切回硬體控制器…	Ritorno al controller hardware…	Voltando ao controle físico…	ハードウェアコントローラーに戻しています…	Powrót do kontrolera sprzętowego…
Controller restored	Controller zurückgesetzt	Manette restaurée	컨트롤러 복원됨	Mando restaurado	Контроллер восстановлен	Το χειριστήριο επανήλθε	手柄已恢复	控制器已還原	Controller ripristinato	Controle restaurado	コントローラーを復元しました	Kontroler przywrócony
Hardware gamepad is back	Der Hardware-Controller ist zurück	La manette matérielle est de retour	하드웨어 컨트롤러가 돌아왔습니다	El mando físico ha vuelto	Аппаратный контроллер вернулся	Το υλικό χειριστήριο επέστρεψε	硬件手柄回来了	硬體控制器回來了	Il controller hardware è tornato	O controle físico voltou	ハードウェアコントローラーが戻りました	Kontroler sprzętowy wrócił
Controller not restored	Controller nicht zurückgesetzt	Manette non restaurée	컨트롤러가 복원되지 않음	Mando no restaurado	Контроллер не восстановлен	Το χειριστήριο δεν επανήλθε	手柄未恢复	控制器未還原	Controller non ripristinato	Controle não restaurado	コントローラーを復元できません	Kontroler nie przywrócony
It stays in DInput mode	Er bleibt im DInput-Modus	Elle reste en mode DInput	DInput 모드로 남아 있습니다	Se queda en modo DInput	Он остаётся в режиме DInput	Παραμένει σε λειτουργία DInput	它保持在 DInput 模式	它保持在 DInput 模式	Resta in modalità DInput	Ele fica em modo DInput	DInput モードのままです	Pozostaje w trybie DInput
HW Mouse ON — controller paused. Click the HW Mouse tile or press the keyboard hotkey to return.	HW-Maus AN — Controller pausiert. Zum Zurückschalten die HW-Maus-Kachel klicken oder das Tastenkürzel drücken.	Souris HW activée — manette en pause. Cliquez sur la tuile Souris HW ou utilisez le raccourci pour revenir.	HW 마우스 켜짐 — 컨트롤러 일시 중지. HW 마우스 타일을 누르거나 단축키로 돌아가세요.	Ratón HW activado — mando en pausa. Pulsa el mosaico Ratón HW o el atajo de teclado para volver.	HW-мышь включена — контроллер приостановлен. Нажмите плитку HW-мыши или сочетание клавиш, чтобы вернуться.	HW ποντίκι ΕΝΕΡΓΟ — το χειριστήριο σε παύση. Πατήστε το πλακίδιο HW ποντίκι ή τη συντόμευση για επιστροφή.	硬件鼠标已开启 — 手柄已暂停。点击硬件鼠标磁贴或按键盘快捷键返回。	硬體滑鼠已開啟 — 控制器已暫停。按硬體滑鼠磚或鍵盤快速鍵返回。	Mouse HW attivo — controller in pausa. Tocca il riquadro Mouse HW o premi la scorciatoia per tornare.	Mouse HW ligado — controle pausado. Clique no bloco Mouse HW ou use o atalho para voltar.	HW マウス オン — コントローラーは一時停止中です。HW マウスのタイルかショートカットで戻ります。	Mysz HW włączona — kontroler wstrzymany. Kliknij kafelek Mysz HW lub użyj skrótu, aby wrócić.
Virtual mouse restored	Virtuelle Maus zurückgesetzt	Souris virtuelle restaurée	가상 마우스 복원됨	Ratón virtual restaurado	Виртуальная мышь восстановлена	Το εικονικό ποντίκι επανήλθε	虚拟鼠标已恢复	虛擬滑鼠已還原	Mouse virtuale ripristinato	Mouse virtual restaurado	仮想マウスを復元しました	Mysz wirtualna przywrócona
Controller mode	Controller-Modus	Mode manette	컨트롤러 모드	Modo mando	Режим контроллера	Λειτουργία χειριστηρίου	手柄模式	控制器模式	Modalità controller	Modo controle	コントローラーモード	Tryb kontrolera
Mouse mode	Maus-Modus	Mode souris	마우스 모드	Modo ratón	Режим мыши	Λειτουργία ποντικιού	鼠标模式	滑鼠模式	Modalità mouse	Modo mouse	マウスモード	Tryb myszy
Charge Limit: set it up in Settings first	Ladelimit: erst in den Einstellungen einrichten	Limite de charge : à configurer d'abord dans les paramètres	충전 제한: 먼저 설정에서 지정하세요	Límite de carga: configúralo antes en Ajustes	Лимит заряда: сначала настройте его в параметрах	Όριο φόρτισης: ρυθμίστε το πρώτα στις ρυθμίσεις	充电限制：请先在设置中配置	充電限制：請先在設定中設定	Limite di carica: impostalo prima nelle impostazioni	Limite de carga: configure antes nas configurações	充電制限: 先に設定で指定してください	Limit ładowania: najpierw ustaw go w ustawieniach
Charge Limit: On {0}%	Ladelimit: An {0}%	Limite de charge : activée {0}%	충전 제한: 켜짐 {0}%	Límite de carga: activado {0}%	Лимит заряда: вкл. {0}%	Όριο φόρτισης: ενεργό {0}%	充电限制：开启 {0}%	充電限制：開啟 {0}%	Limite di carica: attivo {0}%	Limite de carga: ligado {0}%	充電制限: オン {0}%	Limit ładowania: wł. {0}%
Charge Limit: Off	Ladelimit: Aus	Limite de charge : désactivée	충전 제한: 꺼짐	Límite de carga: desactivado	Лимит заряда: выкл.	Όριο φόρτισης: ανενεργό	充电限制：关闭	充電限制：關閉	Limite di carica: disattivo	Limite de carga: desligado	充電制限: オフ	Limit ładowania: wył.
FPS Limit: {0} FPS	FPS-Limit: {0} FPS	Limite de FPS : {0} FPS	FPS 제한: {0} FPS	Límite de FPS: {0} FPS	Лимит FPS: {0} FPS	Όριο FPS: {0} FPS	帧率限制：{0} FPS	幀率限制：{0} FPS	Limite FPS: {0} FPS	Limite de FPS: {0} FPS	FPS上限: {0} FPS	Limit FPS: {0} FPS
FPS Limit: Off	FPS-Limit: Aus	Limite de FPS : désactivée	FPS 제한: 꺼짐	Límite de FPS: desactivado	Лимит FPS: выкл.	Όριο FPS: ανενεργό	帧率限制：关闭	幀率限制：關閉	Limite FPS: disattivo	Limite de FPS: desligado	FPS上限: オフ	Limit FPS: wył.
Center Settings	Center-Einstellungen	Paramètres Center	Center 설정	Ajustes de Center	Настройки Center	Ρυθμίσεις Center	Center 设置	Center 設定	Impostazioni Center	Configurações do Center	Center 設定	Ustawienia Center
Uninstall ClawTweaks	ClawTweaks deinstallieren	Désinstaller ClawTweaks	ClawTweaks 제거	Desinstalar ClawTweaks	Удалить ClawTweaks	Απεγκατάσταση ClawTweaks	卸载 ClawTweaks	解除安裝 ClawTweaks	Disinstalla ClawTweaks	Desinstalar o ClawTweaks	ClawTweaks をアンインストール	Odinstaluj ClawTweaks
Onboarding			온보딩		Первичная настройка	Αρχική ρύθμιση	初始设置	初始設定			初期設定	Wdrożenie
FAQ					Частые вопросы	Συχνές ερωτήσεις	常见问题	常見問題			よくある質問	
Fixed while Center is the Windows full-screen start app.	Fest, solange Center die Windows-Vollbild-Start-App ist.	Fixé tant que Center est l'application de démarrage plein écran de Windows.	Center가 Windows 전체 화면 시작 앱인 동안 고정됩니다.	Fijo mientras Center sea la app de inicio a pantalla completa de Windows.	Закреплено, пока Center — полноэкранное стартовое приложение Windows.	Σταθερό όσο το Center είναι η εφαρμογή εκκίνησης πλήρους οθόνης των Windows.	Center 作为 Windows 全屏启动应用时固定。	Center 作為 Windows 全螢幕啟動應用程式時固定。	Fisso finché Center è l'app di avvio a schermo intero di Windows.	Fixo enquanto o Center for o app de início em tela cheia do Windows.	Center が Windows の全画面スタートアプリの間は固定です。	Stałe, dopóki Center jest aplikacją startową pełnego ekranu Windows.
Turn on "Start Steam with the library" in the library settings to speed this up next time.	Aktiviere "Steam mit der Bibliothek starten" in den Bibliothek-Einstellungen, damit es beim nächsten Mal schneller geht.	Activez « Lancer Steam avec la bibliothèque » dans les réglages de la bibliothèque pour accélérer la prochaine fois.	다음에 더 빠르게 하려면 라이브러리 설정에서 "라이브러리와 함께 Steam 시작"을 켜세요.	Activa "Iniciar Steam con la biblioteca" en los ajustes de la biblioteca para acelerarlo la próxima vez.	Включите «Запускать Steam с библиотекой» в настройках библиотеки, чтобы в следующий раз было быстрее.	Ενεργοποιήστε το «Εκκίνηση του Steam με τη βιβλιοθήκη» στις ρυθμίσεις βιβλιοθήκης για να πάει πιο γρήγορα την επόμενη φορά.	在游戏库设置中开启“随游戏库启动 Steam”，下次会更快。	在遊戲庫設定中開啟「隨遊戲庫啟動 Steam」，下次會更快。	Attiva "Avvia Steam con la libreria" nelle impostazioni della libreria per velocizzare la prossima volta.	Ative "Iniciar o Steam com a biblioteca" nas configurações da biblioteca para acelerar da próxima vez.	次回速くするには、ライブラリ設定で「ライブラリと一緒に Steam を起動」をオンにしてください。	Włącz „Uruchamiaj Steam z biblioteką” w ustawieniach biblioteki, aby następnym razem było szybciej.
Set up the library as your FSE start app	Richte die Bibliothek als FSE-Start-App ein	Configure la bibliothèque comme app de démarrage FSE	라이브러리를 FSE 시작 앱으로 설정하세요	Configura la biblioteca como app de inicio FSE	Сделай библиотеку стартовым приложением FSE	Ρύθμισε τη βιβλιοθήκη ως εφαρμογή εκκίνησης FSE	将游戏库设为 FSE 启动应用	將遊戲庫設為 FSE 啟動應用程式	Imposta la libreria come app di avvio FSE	Defina a biblioteca como app de início do FSE	ライブラリを FSE のスタートアプリに設定	Ustaw bibliotekę jako aplikację startową FSE
If you have not yet, install FSE with the ClawTweaks setup. It asks you during installation.	Falls noch nicht geschehen, kannst du FSE über das ClawTweaks-Setup installieren. Es fragt dich während der Installation danach.	Si ce n'est pas encore fait, installe FSE avec le setup ClawTweaks. Il te le demande pendant l'installation.	아직 하지 않았다면 ClawTweaks 설치 프로그램으로 FSE를 설치하세요. 설치 중에 물어봅니다.	Si aún no lo has hecho, instala FSE con el instalador de ClawTweaks. Te lo pregunta durante la instalación.	Если ещё не сделал, установи FSE через установщик ClawTweaks. Он спросит об этом во время установки.	Αν δεν το έχεις κάνει, εγκατάστησε το FSE με το setup του ClawTweaks. Σε ρωτά κατά την εγκατάσταση.	如果还没有，可通过 ClawTweaks 安装程序安装 FSE。安装过程中会询问你。	如果還沒有，可透過 ClawTweaks 安裝程式安裝 FSE。安裝過程中會詢問你。	Se non l'hai ancora fatto, installa FSE con il setup di ClawTweaks. Te lo chiede durante l'installazione.	Se ainda não fez, instale o FSE com o instalador do ClawTweaks. Ele pergunta durante a instalação.	まだの場合は ClawTweaks のセットアップで FSE をインストールできます。インストール中に確認されます。	Jeśli jeszcze tego nie zrobiono, zainstaluj FSE instalatorem ClawTweaks. Zapyta o to podczas instalacji.
Automatic check: off	Automatische Prüfung: aus	Vérif. auto : désactivée	자동 확인: 꺼짐	Comprob. automática: no	Автопроверка: выкл.	Αυτόματος έλεγχος: ανενεργός	自动检查：关	自動檢查：關	Controllo automatico: off	Verificação automática: desligada	自動チェック：オフ	Automatyczne sprawdzanie: wył.
Automatic check: {0}	Automatische Prüfung: {0}	Vérification automatique : {0}	자동 확인: {0}	Comprobación automática: {0}	Автопроверка: {0}	Αυτόματος έλεγχος: {0}	自动检查：{0}	自動檢查：{0}	Controllo automatico: {0}	Verificação automática: {0}	自動チェック：{0}	Automatyczne sprawdzanie: {0}
Change in Center settings	In den Center-Einstellungen ändern	Modifier dans les réglages de Center	Center 설정에서 변경	Cambiar en los ajustes de Center	Изменить в настройках Center	Αλλαγή στις ρυθμίσεις του Center	在 Center 设置中更改	在 Center 設定中變更	Cambia nelle impostazioni di Center	Alterar nas configurações do Center	Center 設定で変更	Zmień w ustawieniach Center
Mute	Stumm	Masquer	숨기기	Silenciar	Скрыть	Σίγαση	静音	靜音	Silenzia	Silenciar	ミュート	Wycisz
Unmute	Einblenden	Réafficher	다시 표시	Reactivar	Показывать	Επαναφορά	取消静音	取消靜音	Riattiva	Reativar	ミュート解除	Przywróć
Tabs order and visibility	Tabs Reihenfolge und Sichtbarkeit	Ordre et visibilité des onglets	탭 순서와 표시	Orden y visibilidad de pestañas	Порядок и видимость вкладок	Σειρά και ορατότητα καρτελών	标签顺序与显示	分頁順序與顯示	Ordine e visibilità delle schede	Ordem e visibilidade das abas	タブの順序と表示	Kolejność i widoczność kart
Opens Steam in the tray when you open the library. The first Steam game after a boot starts faster.	Öffnet Steam im Tray, wenn du die Bibliothek öffnest. Das erste Steam-Spiel nach dem Start läuft schneller an.	Ouvre Steam dans la zone de notification à l'ouverture de la bibliothèque. Le premier jeu Steam après le démarrage se lance plus vite.	라이브러리를 열 때 Steam을 트레이에 실행합니다. 부팅 후 첫 Steam 게임이 더 빨리 시작됩니다.	Abre Steam en la bandeja al abrir la biblioteca. El primer juego de Steam tras el arranque inicia más rápido.	Запускает Steam в трее при открытии библиотеки. Первая игра Steam после загрузки стартует быстрее.	Ανοίγει το Steam στη γραμμή εργασιών όταν ανοίγετε τη βιβλιοθήκη. Το πρώτο παιχνίδι Steam μετά την εκκίνηση ξεκινά πιο γρήγορα.	打开游戏库时在托盘启动 Steam。开机后第一个 Steam 游戏启动更快。	開啟遊戲庫時在系統匣啟動 Steam。開機後第一個 Steam 遊戲啟動更快。	Apre Steam nella barra quando apri la libreria. Il primo gioco Steam dopo l'avvio parte più in fretta.	Abre o Steam na bandeja ao abrir a biblioteca. O primeiro jogo Steam após ligar inicia mais rápido.	ライブラリを開くと Steam をトレイに起動します。起動後最初の Steam ゲームがより速く始まります。	Uruchamia Steam w zasobniku po otwarciu biblioteki. Pierwsza gra Steam po starcie systemu uruchamia się szybciej.
In fullscreen mode, Steam's window can open behind Center.	Im Vollbildmodus kann sich das Steam-Fenster hinter Center öffnen.	En plein écran, la fenêtre de Steam peut s'ouvrir derrière Center.	전체 화면 모드에서는 Steam 창이 Center 뒤에 열릴 수 있습니다.	En pantalla completa, la ventana de Steam puede abrirse detrás de Center.	В полноэкранном режиме окно Steam может открыться позади Center.	Σε πλήρη οθόνη, το παράθυρο του Steam μπορεί να ανοίξει πίσω από το Center.	全屏模式下，Steam 窗口可能会在 Center 后面打开。	全螢幕模式下，Steam 視窗可能會在 Center 後面開啟。	A schermo intero la finestra di Steam può aprirsi dietro Center.	Em tela cheia, a janela do Steam pode abrir atrás do Center.	全画面モードでは Steam のウィンドウが Center の背後に開くことがあります。	W trybie pełnoekranowym okno Steam może otworzyć się za Center.
Steam removes the game files. In fullscreen, Steam's dialog can open behind Center.	Steam entfernt die Spieldateien. Im Vollbild kann sich der Steam-Dialog hinter Center öffnen.	Steam supprime les fichiers du jeu. En plein écran, sa fenêtre peut s'ouvrir derrière Center.	Steam이 게임 파일을 삭제합니다. 전체 화면에서는 Steam 대화 상자가 Center 뒤에 열릴 수 있습니다.	Steam elimina los archivos del juego. En pantalla completa, su diálogo puede abrirse detrás de Center.	Steam удаляет файлы игры. В полноэкранном режиме диалог Steam может открыться позади Center.	Το Steam αφαιρεί τα αρχεία του παιχνιδιού. Σε πλήρη οθόνη, ο διάλογος μπορεί να ανοίξει πίσω από το Center.	Steam 会删除游戏文件。全屏下其对话框可能在 Center 后面打开。	Steam 會刪除遊戲檔案。全螢幕下其對話框可能在 Center 後面開啟。	Steam rimuove i file del gioco. A schermo intero la finestra può aprirsi dietro Center.	O Steam remove os arquivos do jogo. Em tela cheia, a janela pode abrir atrás do Center.	Steam がゲームファイルを削除します。全画面ではダイアログが Center の背後に開くことがあります。	Steam usuwa pliki gry. Na pełnym ekranie okno może otworzyć się za Center.
Graphics (WHQL only)	Grafik (nur WHQL)	Graphiques (WHQL uniquement)	그래픽 (WHQL만)	Gráficos (solo WHQL)	Графика (только WHQL)	Γραφικά (μόνο WHQL)	显卡（仅 WHQL）	顯示卡（僅 WHQL）	Grafica (solo WHQL)	Gráficos (somente WHQL)	グラフィックス（WHQL のみ）	Grafika (tylko WHQL)
Graphics (WHQL and non-WHQL)	Grafik (WHQL und Non-WHQL)	Graphiques (WHQL et non WHQL)	그래픽 (WHQL 및 비WHQL)	Gráficos (WHQL y no WHQL)	Графика (WHQL и не-WHQL)	Γραφικά (WHQL και μη WHQL)	显卡（WHQL 和非 WHQL）	顯示卡（WHQL 和非 WHQL）	Grafica (WHQL e non WHQL)	Gráficos (WHQL e não WHQL)	グラフィックス（WHQL と非 WHQL）	Grafika (WHQL i nie-WHQL)
Download started in the background. The installer opens when it is done.	Download im Hintergrund gestartet. Der Installer öffnet sich, sobald er fertig ist.	Téléchargement lancé en arrière-plan. L'installateur s'ouvrira une fois terminé.	백그라운드에서 다운로드를 시작했습니다. 완료되면 설치 프로그램이 열립니다.	Descarga iniciada en segundo plano. El instalador se abrirá al terminar.	Загрузка запущена в фоне. Установщик откроется по завершении.	Η λήψη ξεκίνησε στο παρασκήνιο. Το πρόγραμμα εγκατάστασης θα ανοίξει μόλις ολοκληρωθεί.	已在后台开始下载。完成后安装程序会自动打开。	已在背景開始下載。完成後安裝程式會自動開啟。	Download avviato in background. L'installer si apre al termine.	Download iniciado em segundo plano. O instalador abre quando terminar.	バックグラウンドでダウンロードを開始しました。完了するとインストーラーが開きます。	Pobieranie rozpoczęte w tle. Instalator otworzy się po zakończeniu.
Download started in the background - over 800 MB. The installer opens when it is done.	Download im Hintergrund gestartet - über 800 MB. Der Installer öffnet sich, sobald er fertig ist.	Téléchargement lancé en arrière-plan - plus de 800 Mo. L'installateur s'ouvrira une fois terminé.	백그라운드에서 다운로드를 시작했습니다(800 MB 이상). 완료되면 설치 프로그램이 열립니다.	Descarga iniciada en segundo plano - más de 800 MB. El instalador se abrirá al terminar.	Загрузка запущена в фоне — более 800 МБ. Установщик откроется по завершении.	Η λήψη ξεκίνησε στο παρασκήνιο - πάνω από 800 MB. Το πρόγραμμα εγκατάστασης θα ανοίξει μόλις ολοκληρωθεί.	已在后台开始下载（超过 800 MB）。完成后安装程序会自动打开。	已在背景開始下載（超過 800 MB）。完成後安裝程式會自動開啟。	Download avviato in background - oltre 800 MB. L'installer si apre al termine.	Download iniciado em segundo plano - mais de 800 MB. O instalador abre quando terminar.	バックグラウンドでダウンロードを開始しました（800 MB 以上）。完了するとインストーラーが開きます。	Pobieranie rozpoczęte w tle - ponad 800 MB. Instalator otworzy się po zakończeniu.
Download started in the background. The folder opens when it is done - run Setup.bat there.	Download im Hintergrund gestartet. Der Ordner öffnet sich, sobald er fertig ist - dort Setup.bat ausführen.	Téléchargement lancé en arrière-plan. Le dossier s'ouvrira une fois terminé - lancez-y Setup.bat.	백그라운드에서 다운로드를 시작했습니다. 완료되면 폴더가 열립니다. 거기서 Setup.bat을 실행하세요.	Descarga iniciada en segundo plano. La carpeta se abrirá al terminar; ejecuta allí Setup.bat.	Загрузка запущена в фоне. По завершении откроется папка — запустите там Setup.bat.	Η λήψη ξεκίνησε στο παρασκήνιο. Ο φάκελος θα ανοίξει μόλις ολοκληρωθεί - εκτελέστε εκεί το Setup.bat.	已在后台开始下载。完成后会打开文件夹，请在其中运行 Setup.bat。	已在背景開始下載。完成後會開啟資料夾，請在其中執行 Setup.bat。	Download avviato in background. La cartella si apre al termine: esegui lì Setup.bat.	Download iniciado em segundo plano. A pasta abre quando terminar - execute o Setup.bat lá.	バックグラウンドでダウンロードを開始しました。完了するとフォルダーが開くので、そこで Setup.bat を実行してください。	Pobieranie rozpoczęte w tle. Folder otworzy się po zakończeniu - uruchom tam Setup.bat.
{0} update(s) ready, restart pending	{0} Update(s) bereit, Neustart steht aus	{0} mise(s) à jour prête(s), redémarrage en attente	업데이트 {0}개 준비됨, 재시작 대기 중	{0} actualización(es) lista(s), reinicio pendiente	Готово обновлений: {0}, требуется перезагрузка	{0} ενημέρωση(-εις) έτοιμες, εκκρεμεί επανεκκίνηση	{0} 个更新就绪，等待重启	{0} 個更新就緒，等待重新啟動	{0} aggiornamento/i pronti, riavvio in sospeso	{0} atualização(ões) pronta(s), reinício pendente	{0} 件の更新が準備完了、再起動待ち	Gotowe aktualizacje: {0}, oczekuje ponowne uruchomienie
Install them in Windows Update, then restart.	Installiere sie in Windows Update und starte dann neu.	Installez-les dans Windows Update, puis redémarrez.	Windows 업데이트에서 설치한 뒤 재시작하세요.	Instálalas en Windows Update y luego reinicia.	Установите их в Центре обновления Windows, затем перезагрузитесь.	Εγκαταστήστε τις στο Windows Update και μετά επανεκκινήστε.	在 Windows 更新中安装，然后重启。	在 Windows Update 中安裝，然後重新啟動。	Installali in Windows Update, poi riavvia.	Instale-as no Windows Update e depois reinicie.	Windows Update でインストールしてから再起動してください。	Zainstaluj je w Windows Update, a potem uruchom ponownie.
Check drivers again	Treiber erneut prüfen	Revérifier les pilotes	드라이버 다시 확인	Volver a comprobar controladores	Проверить драйверы снова	Νέος έλεγχος οδηγών	重新检查驱动	重新檢查驅動程式	Ricontrolla i driver	Verificar drivers de novo	ドライバーを再確認	Sprawdź sterowniki ponownie
Also non-WHQL graphics drivers	Auch Non-WHQL-Grafiktreiber	Aussi les pilotes graphiques non WHQL	비WHQL 그래픽 드라이버도 포함	También controladores gráficos no WHQL	Также не-WHQL графические драйверы	Και μη WHQL προγράμματα οδήγησης γραφικών	也包括非 WHQL 显卡驱动	也包括非 WHQL 顯示卡驅動程式	Anche driver grafici non WHQL	Também drivers gráficos não WHQL	非 WHQL のグラフィックスドライバーも	Także sterowniki graficzne nie-WHQL
Modded Wi-Fi driver instead of stock	Modded-WLAN-Treiber statt Stock	Pilote Wi-Fi moddé au lieu de l'officiel	기본 대신 모드 Wi-Fi 드라이버	Controlador Wi-Fi modificado en vez del oficial	Модифицированный драйвер Wi-Fi вместо штатного	Τροποποιημένο πρόγραμμα οδήγησης Wi-Fi αντί του επίσημου	使用修改版 Wi-Fi 驱动而非原厂	使用修改版 Wi-Fi 驅動程式而非原廠	Driver Wi-Fi moddato invece dello stock	Driver Wi-Fi modificado em vez do original	純正の代わりに改造 Wi-Fi ドライバー	Zmodyfikowany sterownik Wi-Fi zamiast fabrycznego
Wipe every ClawTweaks setting back to a clean state (all profiles, fan curves, TDP, controller). Optionally the library and Center settings too.	Setzt jede ClawTweaks-Einstellung zurück (alle Profile, Lüfterkurven, TDP, Controller). Optional auch Bibliothek und Center-Einstellungen.	Remet chaque réglage ClawTweaks à zéro (profils, courbes de ventilation, TDP, manette). En option, la bibliothèque et les réglages de Center aussi.	모든 ClawTweaks 설정을 초기화합니다(프로필, 팬 커브, TDP, 컨트롤러). 선택적으로 라이브러리와 Center 설정도.	Restablece todos los ajustes de ClawTweaks (perfiles, curvas de ventilador, TDP, mando). Opcionalmente también la biblioteca y los ajustes de Center.	Сбрасывает все настройки ClawTweaks (профили, кривые вентилятора, TDP, контроллер). По желанию — также библиотеку и настройки Center.	Επαναφέρει κάθε ρύθμιση ClawTweaks (προφίλ, καμπύλες ανεμιστήρα, TDP, χειριστήριο). Προαιρετικά και τη βιβλιοθήκη και τις ρυθμίσεις του Center.	重置所有 ClawTweaks 设置（配置文件、风扇曲线、TDP、控制器）。可选同时重置游戏库和 Center 设置。	重設所有 ClawTweaks 設定（設定檔、風扇曲線、TDP、控制器）。可選同時重設遊戲庫和 Center 設定。	Riporta ogni impostazione ClawTweaks allo stato iniziale (profili, curve ventola, TDP, controller). Facoltativamente anche libreria e impostazioni di Center.	Redefine todas as configurações do ClawTweaks (perfis, curvas de ventoinha, TDP, controle). Opcionalmente também a biblioteca e as configurações do Center.	ClawTweaks の全設定を初期化します（プロファイル、ファンカーブ、TDP、コントローラー）。任意でライブラリと Center の設定も。	Przywraca każde ustawienie ClawTweaks do stanu początkowego (profile, krzywe wentylatora, TDP, kontroler). Opcjonalnie także bibliotekę i ustawienia Center.
Save all your profiles and settings into a single ZIP you can restore later. Optionally with the library, Center settings and your game art.	Sichert alle Profile und Einstellungen in eine ZIP-Datei zum späteren Wiederherstellen. Optional mit Bibliothek, Center-Einstellungen und deiner Game Art.	Enregistre tous vos profils et réglages dans un ZIP à restaurer plus tard. En option avec la bibliothèque, les réglages de Center et vos jaquettes.	모든 프로필과 설정을 나중에 복원할 수 있는 ZIP 하나로 저장합니다. 선택적으로 라이브러리, Center 설정, 게임 아트 포함.	Guarda todos tus perfiles y ajustes en un ZIP que puedes restaurar después. Opcionalmente con la biblioteca, los ajustes de Center y tus carátulas.	Сохраняет все профили и настройки в один ZIP для последующего восстановления. По желанию — с библиотекой, настройками Center и вашими обложками.	Αποθηκεύει όλα τα προφίλ και τις ρυθμίσεις σε ένα ZIP για μελλοντική επαναφορά. Προαιρετικά με τη βιβλιοθήκη, τις ρυθμίσεις του Center και τα εξώφυλλά σας.	将所有配置文件和设置保存为一个 ZIP，以便日后恢复。可选包含游戏库、Center 设置和你的游戏封面。	將所有設定檔和設定儲存為一個 ZIP，以便日後還原。可選包含遊戲庫、Center 設定和你的遊戲封面。	Salva tutti i profili e le impostazioni in un unico ZIP da ripristinare in seguito. Facoltativamente con libreria, impostazioni di Center e le tue copertine.	Salva todos os perfis e configurações em um ZIP para restaurar depois. Opcionalmente com a biblioteca, as configurações do Center e suas capas.	すべてのプロファイルと設定を後で復元できる 1 つの ZIP に保存します。任意でライブラリ、Center の設定、ゲームアートも。	Zapisuje wszystkie profile i ustawienia w jednym ZIP-ie do późniejszego przywrócenia. Opcjonalnie z biblioteką, ustawieniami Center i okładkami gier.
Also reset the library and Center settings	Auch Bibliothek und Center-Einstellungen zurücksetzen	Réinitialiser aussi la bibliothèque et les réglages de Center	라이브러리와 Center 설정도 초기화	Restablecer también la biblioteca y los ajustes de Center	Также сбросить библиотеку и настройки Center	Επαναφορά και της βιβλιοθήκης και των ρυθμίσεων του Center	同时重置游戏库和 Center 设置	同時重設遊戲庫和 Center 設定	Ripristina anche libreria e impostazioni di Center	Redefinir também a biblioteca e as configurações do Center	ライブラリと Center の設定も初期化	Zresetuj także bibliotekę i ustawienia Center
Favorites, play history, your own apps, cover picks and every Center setting. Center restarts afterwards. The safety backup includes them too.	Favoriten, Spielverlauf, eigene Apps, gewählte Cover und alle Center-Einstellungen. Center startet danach neu. Das Sicherheits-Backup enthält sie ebenfalls.	Favoris, historique de jeu, vos applications, jaquettes choisies et tous les réglages de Center. Center redémarre ensuite. La copie de sécurité les inclut aussi.	즐겨찾기, 플레이 기록, 직접 추가한 앱, 선택한 커버, 모든 Center 설정. 이후 Center가 다시 시작됩니다. 안전 백업에도 포함됩니다.	Favoritos, historial de juego, tus apps, carátulas elegidas y todos los ajustes de Center. Center se reinicia después. La copia de seguridad también los incluye.	Избранное, история игр, ваши приложения, выбранные обложки и все настройки Center. Затем Center перезапустится. Страховочная копия тоже их содержит.	Αγαπημένα, ιστορικό, δικές σας εφαρμογές, επιλεγμένα εξώφυλλα και όλες οι ρυθμίσεις του Center. Το Center επανεκκινεί μετά. Το αντίγραφο ασφαλείας τα περιλαμβάνει.	收藏、游玩记录、自定义应用、所选封面和所有 Center 设置。之后 Center 会重启。安全备份也包含它们。	收藏、遊玩記錄、自訂應用程式、所選封面和所有 Center 設定。之後 Center 會重新啟動。安全備份也包含它們。	Preferiti, cronologia, le tue app, copertine scelte e ogni impostazione di Center. Center si riavvia dopo. Anche il backup di sicurezza li include.	Favoritos, histórico, seus apps, capas escolhidas e todas as configurações do Center. O Center reinicia depois. O backup de segurança também os inclui.	お気に入り、プレイ履歴、自分で追加したアプリ、選んだカバー、Center の全設定。その後 Center が再起動します。安全バックアップにも含まれます。	Ulubione, historia gry, własne aplikacje, wybrane okładki i wszystkie ustawienia Center. Potem Center uruchomi się ponownie. Kopia bezpieczeństwa też je zawiera.
Also back up the library and Center settings	Auch Bibliothek und Center-Einstellungen sichern	Sauvegarder aussi la bibliothèque et les réglages de Center	라이브러리와 Center 설정도 백업	Respaldar también la biblioteca y los ajustes de Center	Также сохранить библиотеку и настройки Center	Αντίγραφο και της βιβλιοθήκης και των ρυθμίσεων του Center	同时备份游戏库和 Center 设置	同時備份遊戲庫和 Center 設定	Salva anche libreria e impostazioni di Center	Fazer backup também da biblioteca e das configurações do Center	ライブラリと Center の設定もバックアップ	Utwórz kopię także biblioteki i ustawień Center
Favorites, play history, your own apps, cover picks, the art cache and every Center setting.	Favoriten, Spielverlauf, eigene Apps, gewählte Cover, der Art-Cache und alle Center-Einstellungen.	Favoris, historique de jeu, vos applications, jaquettes choisies, le cache d'images et tous les réglages de Center.	즐겨찾기, 플레이 기록, 직접 추가한 앱, 선택한 커버, 아트 캐시, 모든 Center 설정.	Favoritos, historial de juego, tus apps, carátulas elegidas, la caché de imágenes y todos los ajustes de Center.	Избранное, история игр, ваши приложения, выбранные обложки, кэш обложек и все настройки Center.	Αγαπημένα, ιστορικό, δικές σας εφαρμογές, επιλεγμένα εξώφυλλα, η προσωρινή μνήμη εικόνων και όλες οι ρυθμίσεις του Center.	收藏、游玩记录、自定义应用、所选封面、图片缓存和所有 Center 设置。	收藏、遊玩記錄、自訂應用程式、所選封面、圖片快取和所有 Center 設定。	Preferiti, cronologia, le tue app, copertine scelte, la cache delle immagini e ogni impostazione di Center.	Favoritos, histórico, seus apps, capas escolhidas, o cache de imagens e todas as configurações do Center.	お気に入り、プレイ履歴、自分で追加したアプリ、選んだカバー、アートキャッシュ、Center の全設定。	Ulubione, historia gry, własne aplikacje, wybrane okładki, pamięć podręczna grafik i wszystkie ustawienia Center.
with library and Center settings	mit Bibliothek und Center-Einstellungen	avec bibliothèque et réglages de Center	라이브러리 및 Center 설정 포함	con biblioteca y ajustes de Center	с библиотекой и настройками Center	με βιβλιοθήκη και ρυθμίσεις Center	含游戏库和 Center 设置	含遊戲庫和 Center 設定	con libreria e impostazioni di Center	com biblioteca e configurações do Center	ライブラリと Center 設定を含む	z biblioteką i ustawieniami Center
Library and Center settings included	Bibliothek und Center-Einstellungen enthalten	Bibliothèque et réglages de Center inclus	라이브러리와 Center 설정 포함	Biblioteca y ajustes de Center incluidos	Библиотека и настройки Center включены	Περιλαμβάνονται βιβλιοθήκη και ρυθμίσεις Center	包含游戏库和 Center 设置	包含遊戲庫和 Center 設定	Libreria e impostazioni di Center incluse	Biblioteca e configurações do Center incluídas	ライブラリと Center 設定を含みます	Zawiera bibliotekę i ustawienia Center
Favorites, play history, your own apps, cover picks and every Center setting come back too. Center restarts when it is done.	Favoriten, Spielverlauf, eigene Apps, gewählte Cover und alle Center-Einstellungen kommen ebenfalls zurück. Center startet danach neu.	Favoris, historique de jeu, vos applications, jaquettes choisies et tous les réglages de Center reviennent aussi. Center redémarre à la fin.	즐겨찾기, 플레이 기록, 직접 추가한 앱, 선택한 커버, 모든 Center 설정도 돌아옵니다. 완료되면 Center가 다시 시작됩니다.	Favoritos, historial de juego, tus apps, carátulas elegidas y todos los ajustes de Center también vuelven. Center se reinicia al terminar.	Избранное, история игр, ваши приложения, выбранные обложки и все настройки Center тоже вернутся. По завершении Center перезапустится.	Αγαπημένα, ιστορικό, δικές σας εφαρμογές, επιλεγμένα εξώφυλλα και όλες οι ρυθμίσεις του Center επανέρχονται επίσης. Το Center επανεκκινεί στο τέλος.	收藏、游玩记录、自定义应用、所选封面和所有 Center 设置也会恢复。完成后 Center 会重启。	收藏、遊玩記錄、自訂應用程式、所選封面和所有 Center 設定也會還原。完成後 Center 會重新啟動。	Tornano anche preferiti, cronologia, le tue app, copertine scelte e ogni impostazione di Center. Center si riavvia al termine.	Favoritos, histórico, seus apps, capas escolhidas e todas as configurações do Center também voltam. O Center reinicia ao terminar.	お気に入り、プレイ履歴、自分で追加したアプリ、選んだカバー、Center の全設定も戻ります。完了すると Center が再起動します。	Ulubione, historia gry, własne aplikacje, wybrane okładki i wszystkie ustawienia Center też wracają. Po zakończeniu Center uruchomi się ponownie.
Center data: included	Center-Daten: enthalten	Données Center : incluses	Center 데이터: 포함	Datos de Center: incluidos	Данные Center: включены	Δεδομένα Center: περιλαμβάνονται	Center 数据：包含	Center 資料：包含	Dati Center: inclusi	Dados do Center: incluídos	Center データ：含む	Dane Center: zawarte
Center data: not included	Center-Daten: nicht enthalten	Données Center : exclues	Center 데이터: 미포함	Datos de Center: no incluidos	Данные Center: не включены	Δεδομένα Center: όχι	Center 数据：不包含	Center 資料：不包含	Dati Center: esclusi	Dados do Center: não incluídos	Center データ：含まない	Dane Center: pominięte
All ClawTweaks settings, the library and the Center settings were reset. Center restarts now.	Alle ClawTweaks-Einstellungen, die Bibliothek und die Center-Einstellungen wurden zurückgesetzt. Center startet jetzt neu.	Tous les réglages ClawTweaks, la bibliothèque et les réglages de Center ont été réinitialisés. Center redémarre.	모든 ClawTweaks 설정, 라이브러리, Center 설정이 초기화되었습니다. Center가 지금 다시 시작됩니다.	Se restablecieron todos los ajustes de ClawTweaks, la biblioteca y los ajustes de Center. Center se reinicia ahora.	Все настройки ClawTweaks, библиотека и настройки Center сброшены. Center перезапускается.	Όλες οι ρυθμίσεις ClawTweaks, η βιβλιοθήκη και οι ρυθμίσεις του Center επαναφέρθηκαν. Το Center επανεκκινεί τώρα.	所有 ClawTweaks 设置、游戏库和 Center 设置已重置。Center 现在重启。	所有 ClawTweaks 設定、遊戲庫和 Center 設定已重設。Center 現在重新啟動。	Tutte le impostazioni ClawTweaks, la libreria e le impostazioni di Center sono state ripristinate. Center si riavvia ora.	Todas as configurações do ClawTweaks, a biblioteca e as configurações do Center foram redefinidas. O Center reinicia agora.	ClawTweaks の全設定、ライブラリ、Center の設定を初期化しました。Center を再起動します。	Wszystkie ustawienia ClawTweaks, biblioteka i ustawienia Center zostały zresetowane. Center uruchamia się ponownie.
Backup created without Center data	Backup ohne Center-Daten erstellt	Sauvegarde créée sans les données Center	Center 데이터 없이 백업 생성됨	Copia creada sin datos de Center	Резервная копия создана без данных Center	Το αντίγραφο δημιουργήθηκε χωρίς δεδομένα Center	已创建备份，但不含 Center 数据	已建立備份，但不含 Center 資料	Backup creato senza dati Center	Backup criado sem dados do Center	Center データなしでバックアップを作成	Kopia utworzona bez danych Center
Saved {0} stores and {1} Center files to:\n{2}	{0} Speicher und {1} Center-Dateien gesichert nach:\n{2}	{0} magasins et {1} fichiers Center enregistrés dans :\n{2}	저장소 {0}개와 Center 파일 {1}개를 저장했습니다:\n{2}	{0} almacenes y {1} archivos de Center guardados en:\n{2}	Сохранено хранилищ: {0}, файлов Center: {1}, в:\n{2}	Αποθηκεύτηκαν {0} χώροι και {1} αρχεία Center σε:\n{2}	已保存 {0} 个存储和 {1} 个 Center 文件到：\n{2}	已儲存 {0} 個存放區和 {1} 個 Center 檔案到：\n{2}	Salvati {0} archivi e {1} file Center in:\n{2}	{0} armazenamentos e {1} arquivos do Center salvos em:\n{2}	{0} 件のストアと {1} 件の Center ファイルを保存しました：\n{2}	Zapisano {0} magazynów i {1} plików Center do:\n{2}
Restored {0} files. Center restarts now to bring back the library and its settings — reopen the Game Bar (Win+G) afterwards.	{0} Dateien wiederhergestellt. Center startet jetzt neu, um Bibliothek und Einstellungen zurückzuholen — öffne danach die Game Bar (Win+G) erneut.	{0} fichiers restaurés. Center redémarre pour rétablir la bibliothèque et ses réglages — rouvrez ensuite la Game Bar (Win+G).	파일 {0}개를 복원했습니다. 라이브러리와 설정을 되돌리기 위해 Center가 지금 다시 시작됩니다. 이후 Game Bar(Win+G)를 다시 여세요.	{0} archivos restaurados. Center se reinicia ahora para recuperar la biblioteca y sus ajustes; después vuelve a abrir la Game Bar (Win+G).	Восстановлено файлов: {0}. Center перезапускается, чтобы вернуть библиотеку и настройки — затем снова откройте Game Bar (Win+G).	Επαναφέρθηκαν {0} αρχεία. Το Center επανεκκινεί για να φέρει πίσω τη βιβλιοθήκη και τις ρυθμίσεις — ανοίξτε ξανά το Game Bar (Win+G) μετά.	已恢复 {0} 个文件。Center 现在重启以恢复游戏库和设置，之后请重新打开 Game Bar（Win+G）。	已還原 {0} 個檔案。Center 現在重新啟動以還原遊戲庫和設定，之後請重新開啟 Game Bar（Win+G）。	Ripristinati {0} file. Center si riavvia ora per riportare libreria e impostazioni — poi riapri la Game Bar (Win+G).	{0} arquivos restaurados. O Center reinicia agora para trazer de volta a biblioteca e as configurações — depois reabra a Game Bar (Win+G).	{0} 件のファイルを復元しました。ライブラリと設定を戻すため Center を再起動します。その後 Game Bar（Win+G）を開き直してください。	Przywrócono {0} plików. Center uruchamia się ponownie, aby odtworzyć bibliotekę i ustawienia — potem otwórz ponownie Game Bar (Win+G).
This panel works only with the virtual controller	Dieses Panel geht nur mit dem virtuellen Controller	Ce panneau ne fonctionne qu'avec la manette virtuelle	이 패널은 가상 컨트롤러로만 조작할 수 있습니다	Este panel solo funciona con el mando virtual	Эта панель работает только с виртуальным контроллером	Αυτό το πάνελ λειτουργεί μόνο με το εικονικό χειριστήριο	此面板仅支持虚拟手柄操作	此面板僅能以虛擬控制器操作	Questo pannello funziona solo con il controller virtuale	Este painel só funciona com o controle virtual	このパネルは仮想コントローラーでのみ操作できます	Ten panel działa tylko z kontrolerem wirtualnym
Use the Game Bar instead.	Nutze stattdessen die Game Bar.	Utilisez la Game Bar à la place.	대신 Game Bar를 사용하세요.	Usa la Game Bar en su lugar.	Используйте вместо неё Game Bar.	Χρησιμοποιήστε το Game Bar.	请改用 Game Bar。	請改用 Game Bar。	Usa invece la Game Bar.	Use a Game Bar em vez disso.	代わりに Game Bar を使ってください。	Użyj zamiast tego Game Bar.
Game Bar opened instead	Stattdessen Game Bar geöffnet	Game Bar ouverte à la place	대신 Game Bar를 열었습니다	Se abrió la Game Bar en su lugar	Вместо этого открыта Game Bar	Άνοιξε η Game Bar αντ' αυτού	已改为打开 Game Bar	已改為開啟 Game Bar	Aperta la Game Bar al suo posto	Game Bar aberta no lugar	代わりに Game Bar を開きました	Zamiast tego otwarto Game Bar
Quick Settings need the virtual controller	Quick Settings brauchen den virtuellen Controller	Quick Settings requiert la manette virtuelle	Quick Settings에는 가상 컨트롤러가 필요합니다	Quick Settings necesita el mando virtual	Quick Settings требует виртуальный контроллер	Τα Quick Settings θέλουν το εικονικό χειριστήριο	Quick Settings 需要虚拟控制器	Quick Settings 需要虛擬控制器	Quick Settings richiede il controller virtuale	Quick Settings precisa do controle virtual	Quick Settings には仮想コントローラーが必要です	Quick Settings wymaga wirtualnego kontrolera
Brightness	Helligkeit	Luminosité	밝기	Brillo	Яркость	Φωτεινότητα	亮度	亮度	Luminosità	Brilho	明るさ	Jasność
Volume	Lautstärke	Volume	음량	Volumen	Громкость	Ένταση	音量	音量	Volume	Volume	音量	Głośność
muted	stumm	muet	음소거	silencio	без звука	σίγαση	静音	靜音	muto	mudo	ミュート	wyciszony
Profile	Profil	Profil	프로필	Perfil	Профиль	Προφίλ	配置	設定檔	Profilo	Perfil	プロファイル	Profil
Game profile	Spielprofil	Profil du jeu	게임 프로필	Perfil del juego	Профиль игры	Προφίλ παιχνιδιού	游戏配置	遊戲設定檔	Profilo gioco	Perfil do jogo	ゲーム設定	Profil gry
Global profile	Globales Profil	Profil global	전역 프로필	Perfil global	Общий профиль	Καθολικό προφίλ	全局配置	全域設定檔	Profilo globale	Perfil global	全体設定	Profil globalny
Power limit	Leistungslimit	Limite de puissance	전력 제한	Límite de potencia	Лимит мощности	Όριο ισχύος	功耗限制	功耗限制	Limite potenza	Limite de energia	電力制限	Limit mocy
FPS Limit	FPS-Limit	Limite FPS	FPS 제한	Límite de FPS	Лимит FPS	Όριο FPS	帧率限制	幀率限制	Limite FPS	Limite de FPS	FPS 制限	Limit FPS
stepped	gestuft	par paliers	단계	por pasos	ступенями	βηματικά	分档	分段	a scatti	em passos	段階	skokowo
free	frei	libre	자유	libre	свободно	ελεύθερα	自由	自由	libero	livre	自由	dowolnie
OS power mode	OS-Energiemodus	Mode d'alimentation	OS 전원 모드	Modo de energía	Режим питания	Λειτουργία ισχύος	系统电源模式	系統電源模式	Modo energia	Modo de energia	電源モード	Tryb zasilania
Best power efficiency	Beste Energieeffizienz	Efficacité maximale	최고 효율	Máxima eficiencia	Макс. экономия	Μέγιστη οικονομία	最佳能效	最佳能效	Massima efficienza	Máxima eficiência	最高効率	Najlepsza wydajność energ.
Balanced	Ausbalanciert	Équilibré	균형	Equilibrado	Баланс	Ισορροπημένη	平衡	平衡	Bilanciato	Equilibrado	バランス	Zrównoważony
Best performance	Beste Leistung	Performance maximale	최고 성능	Máximo rendimiento	Макс. производит.	Μέγιστη απόδοση	最佳性能	最佳效能	Massime prestazioni	Máximo desempenho	最高性能	Najwyższa wydajność
Efficiency	Effizienz	Efficacité	효율	Eficiencia	Экономия	Οικονομία	节能	節能	Efficienza	Eficiência	省電力	Oszczędność
Overlay	Overlay	Overlay	오버레이	Overlay	Оверлей	Επικάλυψη	叠加层	疊加層	Overlay	Overlay	オーバーレイ	Nakładka
Basic	Einfach	Basique	기본	Básico	Базовый	Βασικό	基础	基本	Base	Básico	基本	Podstawowy
Horizontal	Horizontal	Horizontal	가로	Horizontal	Горизонтальный	Οριζόντιο	横向	橫向	Orizzontale	Horizontal	横	Poziomy
Horizontal Custom	Horizontal eigen	Horizontal perso	가로 사용자	Horizontal propio	Горизонт. свой	Οριζόντιο δικό	横向自定义	橫向自訂	Orizzontale pers.	Horizontal pers.	横カスタム	Poziomy własny
Vertical Custom	Vertikal eigen	Vertical perso	세로 사용자	Vertical propio	Вертик. свой	Κάθετο δικό	纵向自定义	縱向自訂	Verticale pers.	Vertical pers.	縦カスタム	Pionowy własny
Vertical	Vertikal	Vertical	세로	Vertical	Вертикальный	Κάθετο	竖向	直向	Verticale	Vertical	縦	Pionowy
Background	Hintergrund	Arrière-plan	배경	Fondo	Фон	Φόντο	背景	背景	Sfondo	Fundo	背景	Tło
Position	Position	Position	위치	Posición	Позиция	Θέση	位置	位置	Posizione	Posição	位置	Pozycja
Left top	Links oben	Haut gauche	왼쪽 위	Arriba izq.	Слева сверху	Πάνω αριστερά	左上	左上	Alto sinistra	Sup. esquerda	左上	Lewy górny
Left middle	Links Mitte	Milieu gauche	왼쪽 중앙	Centro izq.	Слева по центру	Μέση αριστερά	左中	左中	Centro sinistra	Centro esquerda	左中	Lewy środek
Left bottom	Links unten	Bas gauche	왼쪽 아래	Abajo izq.	Слева снизу	Κάτω αριστερά	左下	左下	Basso sinistra	Inf. esquerda	左下	Lewy dolny
Center top	Mitte oben	Haut centre	중앙 위	Arriba centro	По центру сверху	Πάνω κέντρο	中上	中上	Alto centro	Superior centro	中央上	Środek górny
Center bottom	Mitte unten	Bas centre	중앙 아래	Abajo centro	По центру снизу	Κάτω κέντρο	中下	中下	Basso centro	Inferior centro	中央下	Środek dolny
Right top	Rechts oben	Haut droite	오른쪽 위	Arriba der.	Справа сверху	Πάνω δεξιά	右上	右上	Alto destra	Sup. direita	右上	Prawy górny
Right middle	Rechts Mitte	Milieu droite	오른쪽 중앙	Centro der.	Справа по центру	Μέση δεξιά	右中	右中	Centro destra	Centro direita	右中	Prawy środek
Right bottom	Rechts unten	Bas droite	오른쪽 아래	Abajo der.	Справа снизу	Κάτω δεξιά	右下	右下	Basso destra	Inf. direita	右下	Prawy dolny
Fly-in	Einflug	Animation	슬라이드 인	Entrada	Анимация	Είσοδος	滑入	滑入	Entrata	Entrada	スライドイン	Wjazd
Set in the Game Bar	In der Game Bar gesetzt	Défini dans la Game Bar	Game Bar에서 설정	Definido en la Game Bar	Задано в Game Bar	Ορίστηκε στο Game Bar	在 Game Bar 中设置	在 Game Bar 中設定	Impostato nella Game Bar	Definido na Game Bar	Game Bar で設定	Ustawione w Game Bar
delete it in the Game Bar	in der Game Bar löschen	à supprimer dans la Game Bar	Game Bar에서 삭제	elimínalo en la Game Bar	удалить в Game Bar	διαγραφή στο Game Bar	在 Game Bar 中删除	在 Game Bar 中刪除	elimina nella Game Bar	excluir na Game Bar	Game Bar で削除	usuń w Game Bar
Gyro sens X	Gyro-Empf. X	Sensib. gyro X	자이로 감도 X	Sensib. giro X	Чувств. гиро X	Ευαισθ. γύρου X	陀螺仪灵敏度 X	陀螺儀靈敏度 X	Sensib. giro X	Sensib. giro X	ジャイロ感度 X	Czułość żyro X
Gyro sens Y	Gyro-Empf. Y	Sensib. gyro Y	자이로 감도 Y	Sensib. giro Y	Чувств. гиро Y	Ευαισθ. γύρου Y	陀螺仪灵敏度 Y	陀螺儀靈敏度 Y	Sensib. giro Y	Sensib. giro Y	ジャイロ感度 Y	Czułość żyro Y
Gyro smoothing	Gyro-Glättung	Lissage gyro	자이로 스무딩	Suavizado giro	Сглаж. гиро	Εξομάλυνση γύρου	陀螺仪平滑	陀螺儀平滑	Smussatura giro	Suavização giro	ジャイロ平滑化	Wygładzanie żyro
Gyro anti-deadzone	Gyro-Anti-Deadzone	Anti-zone morte gyro	자이로 안티 데드존	Anti zona muerta giro	Антимёртвая зона гиро	Αντι-νεκρή ζώνη γύρου	陀螺仪反死区	陀螺儀反死區	Anti-zona morta giro	Anti-zona morta giro	ジャイロ反デッドゾーン	Anty-martwa strefa żyro
[Right stick], hold [LT]	[Rechter Stick], [LT] halten	[Stick droit], maintenir [LT]	[오른쪽 스틱], [LT] 누른 채	[Stick derecho], mantén [LT]	[Правый стик], удерживая [LT]	[Δεξί stick], κρατώντας [LT]	[右摇杆]，按住 [LT]	[右搖桿]，按住 [LT]	[Stick destro], tieni [LT]	[Stick direito], segure [LT]	[右スティック]、[LT] 長押し	[Prawy drążek], trzymaj [LT]
[Right stick] ^ v source · < > step size	[Rechter Stick] ^ v Quelle · < > Schrittweite	[Stick droit] ^ v source · < > pas	[오른쪽 스틱] ^ v 소스 · < > 단계	[Stick derecho] ^ v fuente · < > paso	[Правый стик] ^ v источник · < > шаг	[Δεξί stick] ^ v πηγή · < > βήμα	[右摇杆] ^ v 来源 · < > 步长	[右搖桿] ^ v 來源 · < > 步長	[Stick destro] ^ v sorgente · < > passo	[Stick direito] ^ v fonte · < > passo	[右スティック] ^ v ソース · < > 刻み	[Prawy drążek] ^ v źródło · < > krok
[Start] opens Game Bar	[Start] öffnet die Game Bar	[Start] ouvre la Game Bar	[Start] Game Bar 열기	[Start] abre la Game Bar	[Start] откроет Game Bar	[Start] ανοίγει το Game Bar	[Start] 打开 Game Bar	[Start] 開啟 Game Bar	[Start] apre la Game Bar	[Start] abre a Game Bar	[Start] で Game Bar を開く	[Start] otwiera Game Bar
[A] create a game profile	[A] Spielprofil anlegen	[A] créer un profil du jeu	[A] 게임 프로필 만들기	[A] crear un perfil del juego	[A] создать профиль игры	[A] δημιουργία προφίλ παιχνιδιού	[A] 创建游戏配置	[A] 建立遊戲設定檔	[A] crea un profilo gioco	[A] criar um perfil do jogo	[A] ゲーム設定を作成	[A] utwórz profil gry
Mode	Modus	Mode	모드	Modo	Режим	Λειτουργία	模式	模式	Modalità	Modo	モード	Tryb
LED	LED	LED	LED	LED	LED	LED	LED	LED	LED	LED	LED	LED
End task	Task beenden	Fin de tâche	작업 끝내기	Finalizar tarea	Снять задачу	Τέλος εργασίας	结束任务	結束工作	Termina attività	Finalizar tarefa	タスクの終了	Zakończ zadanie
[A] confirm	[A] bestätigen	[A] confirmer	[A] 확인	[A] confirmar	[A] подтвердить	[A] επιβεβαίωση	[A] 确认	[A] 確認	[A] conferma	[A] confirmar	[A] 確定	[A] potwierdź
[B] cancel	[B] abbrechen	[B] annuler	[B] 취소	[B] cancelar	[B] отмена	[B] ακύρωση	[B] 取消	[B] 取消	[B] annulla	[B] cancelar	[B] キャンセル	[B] anuluj
Downloading to your Downloads folder. The folder opens when it is done.	Download in deinen Downloads-Ordner. Der Ordner öffnet sich, sobald er fertig ist.	Téléchargement dans votre dossier Téléchargements. Le dossier s'ouvrira une fois terminé.	다운로드 폴더로 다운로드 중입니다. 완료되면 폴더가 열립니다.	Descargando en tu carpeta Descargas. La carpeta se abrirá al terminar.	Загрузка в папку «Загрузки». Папка откроется по завершении.	Λήψη στον φάκελο Λήψεις. Ο φάκελος θα ανοίξει μόλις ολοκληρωθεί.	正在下载到“下载”文件夹。完成后会打开该文件夹。	正在下載到「下載」資料夾。完成後會開啟該資料夾。	Download nella cartella Download. La cartella si apre al termine.	Baixando para a sua pasta Downloads. A pasta abre quando terminar.	ダウンロード フォルダーにダウンロードしています。完了するとフォルダーが開きます。	Pobieranie do folderu Pobrane. Folder otworzy się po zakończeniu.
Update available (test)	Update verfügbar (Test)	Mise à jour disponible (test)	업데이트 있음(테스트)	Actualización disponible (prueba)	Доступно обновление (тест)	Διαθέσιμη ενημέρωση (δοκιμή)	有可用更新 (测试)	有可用更新 (測試)	Aggiornamento disponibile (test)	Atualização disponível (teste)	更新があります (テスト)	Dostępna aktualizacja (test)
Offer every driver as an update	Jeden Treiber als Update anbieten	Proposer chaque pilote comme mise à jour	모든 드라이버를 업데이트로 표시	Ofrecer cada controlador como actualización	Предлагать каждый драйвер как обновление	Προσφορά κάθε προγράμματος οδήγησης ως ενημέρωσης	将每个驱动都作为更新提供	將每個驅動程式都作為更新提供	Offri ogni driver come aggiornamento	Oferecer cada driver como atualização	すべてのドライバーを更新として表示	Oferuj każdy sterownik jako aktualizację
Hidden games	Ausgeblendete Spiele	Jeux masqués	숨긴 게임	Juegos ocultos	Скрытые игры	Κρυμμένα παιχνίδια	已隐藏的游戏	已隱藏的遊戲	Giochi nascosti	Jogos ocultos	非表示のゲーム	Ukryte gry
Show again	Wieder anzeigen	Réafficher	다시 표시	Mostrar de nuevo	Показать снова	Εμφάνιση ξανά	重新显示	重新顯示	Mostra di nuovo	Mostrar de novo	再表示	Pokaż ponownie
No hidden games.	Keine Spiele ausgeblendet.	Aucun jeu masqué.	숨긴 게임이 없습니다.	No hay juegos ocultos.	Нет скрытых игр.	Κανένα κρυμμένο παιχνίδι.	没有隐藏的游戏。	沒有隱藏的遊戲。	Nessun gioco nascosto.	Nenhum jogo oculto.	非表示のゲームなし。	Brak ukrytych gier.
Press A to show a game in the library again.	Drücke A, um ein Spiel wieder in der Bibliothek anzuzeigen.	Appuie sur A pour réafficher un jeu dans la bibliothèque.	A를 눌러 게임을 라이브러리에 다시 표시하세요.	Pulsa A para volver a mostrar un juego en la biblioteca.	Нажми A, чтобы снова показать игру в библиотеке.	Πάτα A για να εμφανιστεί ξανά ένα παιχνίδι στη βιβλιοθήκη.	按 A 在游戏库中重新显示游戏。	按 A 在遊戲庫中重新顯示遊戲。	Premi A per mostrare di nuovo un gioco nella libreria.	Pressione A para mostrar um jogo na biblioteca de novo.	A を押すとゲームをライブラリに再表示します。	Naciśnij A, aby znów pokazać grę w bibliotece.
Show it again in Library settings	In den Bibliothekseinstellungen wieder anzeigen	Réaffiche-le dans les paramètres de la bibliothèque	라이브러리 설정에서 다시 표시	Vuelve a mostrarlo en los ajustes de la biblioteca	Вернуть можно в настройках библиотеки	Εμφάνισέ το ξανά στις ρυθμίσεις βιβλιοθήκης	可在游戏库设置中重新显示	可在遊戲庫設定中重新顯示	Mostralo di nuovo nelle impostazioni della libreria	Mostre de novo nas configurações da biblioteca	ライブラリ設定で再表示できます	Przywrócisz ją w ustawieniach biblioteki
Not for ROMs	Nicht für ROMs	Pas pour les ROM	ROM에는 사용 불가	No para ROM	Не для ROM	Όχι για ROM	不适用于 ROM	不適用於 ROM	Non per le ROM	Não para ROMs	ROM には使えません	Nie dla ROM-ów
Games you hid in the game menu. Show them again here.	Spiele, die du im Spielmenü ausgeblendet hast. Hier zeigst du sie wieder an.	Les jeux masqués depuis le menu du jeu. Réaffiche-les ici.	게임 메뉴에서 숨긴 게임입니다. 여기서 다시 표시하세요.	Juegos que ocultaste en el menú del juego. Muéstralos de nuevo aquí.	Игры, скрытые в меню игры. Здесь их можно вернуть.	Παιχνίδια που έκρυψες από το μενού παιχνιδιού. Εμφάνισέ τα ξανά εδώ.	在游戏菜单中隐藏的游戏。在此重新显示。	在遊戲選單中隱藏的遊戲。在此重新顯示。	Giochi nascosti dal menu del gioco. Mostrali di nuovo qui.	Jogos que você ocultou no menu do jogo. Mostre-os de novo aqui.	ゲームメニューで非表示にしたゲームです。ここで再表示します。	Gry ukryte w menu gry. Tu pokażesz je ponownie.
Download	Herunterladen	Télécharger	다운로드	Descargar	Скачать	Λήψη	下载	下載	Scarica	Baixar	ダウンロード	Pobierz
Open page	Seite öffnen	Ouvrir la page	페이지 열기	Abrir página	Открыть сайт	Άνοιγμα σελίδας	打开页面	開啟頁面	Apri pagina	Abrir página	ページを開く	Otwórz stronę
Download starts in the background and can take a few minutes. The installer opens when it is done.	Der Download startet im Hintergrund und kann einige Minuten dauern. Der Installer öffnet sich, sobald er fertig ist.	Le téléchargement démarre en arrière-plan et peut prendre quelques minutes. L'installateur s'ouvre à la fin.	다운로드가 백그라운드에서 시작되며 몇 분 걸릴 수 있습니다. 완료되면 설치 프로그램이 열립니다.	La descarga empieza en segundo plano y puede tardar unos minutos. El instalador se abre al terminar.	Загрузка начнётся в фоне и может занять несколько минут. Установщик откроется по завершении.	Η λήψη ξεκινά στο παρασκήνιο και μπορεί να διαρκέσει λίγα λεπτά. Το πρόγραμμα εγκατάστασης ανοίγει μόλις τελειώσει.	下载将在后台开始，可能需要几分钟。完成后会打开安装程序。	下載將在背景開始，可能需要幾分鐘。完成後會開啟安裝程式。	Il download parte in background e può richiedere alcuni minuti. Il programma di installazione si apre al termine.	O download começa em segundo plano e pode levar alguns minutos. O instalador abre quando terminar.	ダウンロードはバックグラウンドで始まり、数分かかることがあります。完了するとインストーラーが開きます。	Pobieranie rusza w tle i może potrwać kilka minut. Instalator otworzy się po zakończeniu.
Download starts in the background - over 800 MB, this takes a while. The installer opens when it is done.	Der Download startet im Hintergrund - über 800 MB, das dauert. Der Installer öffnet sich, sobald er fertig ist.	Le téléchargement démarre en arrière-plan - plus de 800 Mo, cela prend du temps. L'installateur s'ouvre à la fin.	다운로드가 백그라운드에서 시작됩니다 - 800MB 이상이라 시간이 걸립니다. 완료되면 설치 프로그램이 열립니다.	La descarga empieza en segundo plano - más de 800 MB, tarda un rato. El instalador se abre al terminar.	Загрузка начнётся в фоне - более 800 МБ, это займёт время. Установщик откроется по завершении.	Η λήψη ξεκινά στο παρασκήνιο - πάνω από 800 MB, θα πάρει λίγη ώρα. Το πρόγραμμα εγκατάστασης ανοίγει μόλις τελειώσει.	下载将在后台开始 - 超过 800 MB，需要一些时间。完成后会打开安装程序。	下載將在背景開始 - 超過 800 MB，需要一些時間。完成後會開啟安裝程式。	Il download parte in background - oltre 800 MB, ci vuole un po'. Il programma di installazione si apre al termine.	O download começa em segundo plano - mais de 800 MB, isso demora. O instalador abre quando terminar.	ダウンロードはバックグラウンドで始まります - 800 MB 以上あり、時間がかかります。完了するとインストーラーが開きます。	Pobieranie rusza w tle - ponad 800 MB, to potrwa. Instalator otworzy się po zakończeniu.
Download starts in the background. Your Downloads folder opens when it is done.	Der Download startet im Hintergrund. Dein Download-Ordner öffnet sich, sobald er fertig ist.	Le téléchargement démarre en arrière-plan. Ton dossier Téléchargements s'ouvre à la fin.	다운로드가 백그라운드에서 시작됩니다. 완료되면 다운로드 폴더가 열립니다.	La descarga empieza en segundo plano. Tu carpeta Descargas se abre al terminar.	Загрузка начнётся в фоне. По завершении откроется папка «Загрузки».	Η λήψη ξεκινά στο παρασκήνιο. Ο φάκελος Λήψεις ανοίγει μόλις τελειώσει.	下载将在后台开始。完成后会打开你的“下载”文件夹。	下載將在背景開始。完成後會開啟你的「下載」資料夾。	Il download parte in background. La cartella Download si apre al termine.	O download começa em segundo plano. Sua pasta Downloads abre quando terminar.	ダウンロードはバックグラウンドで始まります。完了するとダウンロード フォルダーが開きます。	Pobieranie rusza w tle. Folder Pobrane otworzy się po zakończeniu.
Download starts in the background. Your Downloads folder opens when it is done. Unpack it and run Setup.bat.	Der Download startet im Hintergrund. Dein Download-Ordner öffnet sich, sobald er fertig ist. Entpacke ihn und starte Setup.bat.	Le téléchargement démarre en arrière-plan. Ton dossier Téléchargements s'ouvre à la fin. Décompresse-le et lance Setup.bat.	다운로드가 백그라운드에서 시작됩니다. 완료되면 다운로드 폴더가 열립니다. 압축을 풀고 Setup.bat을 실행하세요.	La descarga empieza en segundo plano. Tu carpeta Descargas se abre al terminar. Descomprímelo y ejecuta Setup.bat.	Загрузка начнётся в фоне. По завершении откроется папка «Загрузки». Распакуй архив и запусти Setup.bat.	Η λήψη ξεκινά στο παρασκήνιο. Ο φάκελος Λήψεις ανοίγει μόλις τελειώσει. Αποσυμπίεσέ το και εκτέλεσε το Setup.bat.	下载将在后台开始。完成后会打开你的“下载”文件夹。解压后运行 Setup.bat。	下載將在背景開始。完成後會開啟你的「下載」資料夾。解壓縮後執行 Setup.bat。	Il download parte in background. La cartella Download si apre al termine. Estrailo ed esegui Setup.bat.	O download começa em segundo plano. Sua pasta Downloads abre quando terminar. Extraia e execute o Setup.bat.	ダウンロードはバックグラウンドで始まります。完了するとダウンロード フォルダーが開きます。展開して Setup.bat を実行します。	Pobieranie rusza w tle. Folder Pobrane otworzy się po zakończeniu. Rozpakuj archiwum i uruchom Setup.bat.
Modded Wi-Fi driver instead of stock (download only)	Modded-WLAN-Treiber statt Stock (nur Download)	Pilote Wi-Fi moddé au lieu de l'officiel (téléchargement seul)	기본 대신 모드 Wi-Fi 드라이버 (다운로드만)	Controlador Wi-Fi modificado en vez del original (solo descarga)	Модифицированный драйвер Wi-Fi вместо штатного (только загрузка)	Τροποποιημένο πρόγραμμα οδήγησης Wi-Fi (μόνο λήψη)	改版 Wi-Fi 驱动代替原版（仅下载）	改版 Wi-Fi 驅動程式取代原版（僅下載）	Driver Wi-Fi modificato invece dell'originale (solo download)	Driver Wi-Fi modificado em vez do original (só download)	標準の代わりに改造版 Wi-Fi ドライバー（ダウンロードのみ）	Zmodyfikowany sterownik Wi-Fi zamiast fabrycznego (tylko pobieranie)
Name and start parameters	Name und Startparameter	Nom et paramètres de lancement	이름과 시작 매개변수	Nombre y parámetros de inicio	Имя и параметры запуска	Όνομα και παράμετροι εκκίνησης	名称和启动参数	名稱和啟動參數	Nome e parametri di avvio	Nome e parâmetros de início	名前と起動パラメーター	Nazwa i parametry uruchamiania
Start parameters	Startparameter	Paramètres de lancement	시작 매개변수	Parámetros de inicio	Параметры запуска	Παράμετροι εκκίνησης	启动参数	啟動參數	Parametri di avvio	Parâmetros de início	起動パラメーター	Parametry uruchamiania
Set start parameters in the shortcut.	Startparameter legst du in der Verknüpfung fest.	Définis les paramètres dans le raccourci.	시작 매개변수는 바로 가기에서 설정하세요.	Define los parámetros en el acceso directo.	Задай параметры в ярлыке.	Όρισε τις παραμέτρους στη συντόμευση.	请在快捷方式中设置启动参数。	請在捷徑中設定啟動參數。	Imposta i parametri nel collegamento.	Defina os parâmetros no atalho.	起動パラメーターはショートカットで設定します。	Ustaw parametry w skrócie.
Edit parameters	Parameter ändern	Modifier les paramètres	매개변수 편집	Editar parámetros	Изменить параметры	Αλλαγή παραμέτρων	修改参数	修改參數	Modifica parametri	Editar parâmetros	パラメーターを編集	Edytuj parametry
Default	Standard	Par défaut	기본값	Original	По умолчанию	Προεπιλογή	默认	預設	Predefinita	Padrão	既定	Domyślna
Library overview	Bibliotheksübersicht	Aperçu de la bibliothèque	라이브러리 개요	Resumen de la biblioteca	Обзор библиотеки	Επισκόπηση βιβλιοθήκης	游戏库概览	遊戲庫概覽	Panoramica libreria	Visão geral da biblioteca	ライブラリの概要	Przegląd biblioteki
What the library shows and where its covers come from.	Was die Bibliothek zeigt und woher die Cover kommen.	Ce que montre la bibliothèque et d'où viennent les jaquettes.	라이브러리에 표시되는 항목과 커버의 출처입니다.	Qué muestra la biblioteca y de dónde vienen las portadas.	Что показывает библиотека и откуда берутся обложки.	Τι δείχνει η βιβλιοθήκη και από πού έρχονται τα εξώφυλλα.	游戏库显示的内容以及封面的来源。	遊戲庫顯示的內容以及封面的來源。	Cosa mostra la libreria e da dove arrivano le copertine.	O que a biblioteca mostra e de onde vêm as capas.	ライブラリに表示される内容とカバーの入手元。	Co pokazuje biblioteka i skąd pochodzą okładki.
Switch back with the Mode tile	Zurück mit der Mode-Kachel	Retour avec la tuile Mode	Mode 타일로 돌아가기	Vuelve con el mosaico Mode	Назад — плитка Mode	Επιστροφή με το πλακίδιο Mode	点击 Mode 磁贴返回	點選 Mode 磚返回	Torna indietro con il riquadro Mode	Volte pelo bloco Mode	Mode タイルで戻る	Wróć kafelkiem Mode
Profile active - same as global	Profil aktiv - wie global	Profil actif - comme le global	프로필 활성 - 전역과 동일	Perfil activo: igual que el global	Профиль активен - как общий	Προφίλ ενεργό - όπως το καθολικό	配置已生效 - 与全局相同	設定檔已生效 - 與全域相同	Profilo attivo - come il globale	Perfil ativo - igual ao global	プロファイル有効 - 全体設定と同じ	Profil aktywny - jak globalny
No profile - global settings active	Kein Profil - globale Einstellungen aktiv	Aucun profil - réglages globaux actifs	프로필 없음 - 전역 설정 적용	Sin perfil: ajustes globales activos	Нет профиля - действуют общие настройки	Χωρίς προφίλ - ισχύουν οι καθολικές ρυθμίσεις	无配置 - 使用全局设置	無設定檔 - 使用全域設定	Nessun profilo - impostazioni globali attive	Sem perfil - configurações globais ativas	プロファイルなし - 全体設定が有効	Brak profilu - działają ustawienia globalne
Settings loaded	Einstellungen geladen	Réglages chargés	설정 불러옴	Ajustes cargados	Настройки загружены	Οι ρυθμίσεις φορτώθηκαν	设置已载入	設定已載入	Impostazioni caricate	Configurações carregadas	設定を読み込みました	Ustawienia wczytane
Global settings restored	Globale Einstellungen wiederhergestellt	Réglages globaux rétablis	전역 설정 복원됨	Ajustes globales restaurados	Общие настройки восстановлены	Επαναφορά καθολικών ρυθμίσεων	已恢复全局设置	已還原全域設定	Impostazioni globali ripristinate	Configurações globais restauradas	全体設定に戻しました	Przywrócono ustawienia globalne
Restored after {0}	Wiederhergestellt nach {0}	Rétabli après {0}	{0} 종료 후 복원됨	Restaurado tras {0}	Восстановлено после {0}	Επαναφορά μετά από {0}	{0} 结束后已恢复	{0} 結束後已還原	Ripristinato dopo {0}	Restaurado após {0}	{0} の終了後に復元	Przywrócono po {0}
Game	Spiel	Jeu	게임	Juego	Игра	Παιχνίδι	游戏	遊戲	Gioco	Jogo	ゲーム	Gra
Create a game profile	Spielprofil anlegen	Créer un profil du jeu	게임 프로필 만들기	Crear un perfil del juego	Создать профиль игры	Δημιουργία προφίλ παιχνιδιού	创建游戏配置	建立遊戲設定檔	Crea un profilo gioco	Criar um perfil do jogo	ゲーム設定を作成	Utwórz profil gry
Press [Start]	[Start] drücken	Appuyer sur [Start]	[Start] 누르기	Pulsa [Start]	Нажмите [Start]	Πατήστε [Start]	按 [Start]	按 [Start]	Premi [Start]	Pressione [Start]	[Start] を押す	Naciśnij [Start]
Not a game	Kein Spiel	Pas un jeu	게임 아님	No es un juego	Не игра	Όχι παιχνίδι	不是游戏	不是遊戲	Non è un gioco	Não é um jogo	ゲームではない	To nie gra
Press [Select]	[Select] drücken	Appuyer sur [Select]	[Select] 누르기	Pulsa [Select]	Нажмите [Select]	Πατήστε [Select]	按 [Select]	按 [Select]	Premi [Select]	Pressione [Select]	[Select] を押す	Naciśnij [Select]
Create a game profile, or stop detecting it	Spielprofil anlegen oder Erkennung beenden	Créer un profil du jeu, ou arrêter la détection	게임 프로필 만들기 또는 감지 중지	Crear un perfil del juego o dejar de detectarlo	Создать профиль игры или прекратить обнаружение	Δημιουργία προφίλ παιχνιδιού ή διακοπή εντοπισμού	创建游戏配置，或停止检测	建立遊戲設定檔，或停止偵測	Crea un profilo gioco, o interrompi il rilevamento	Criar um perfil do jogo ou parar de detectá-lo	ゲーム設定を作成、または検出を停止	Utwórz profil gry lub zatrzymaj wykrywanie
Confirm: never detect this as a game	Bestätigen: nie mehr als Spiel erkennen	Confirmer : ne plus jamais détecter comme un jeu	확인: 이 항목을 게임으로 감지하지 않기	Confirmar: no detectarlo nunca como juego	Подтвердите: больше не считать это игрой	Επιβεβαίωση: να μην εντοπίζεται ποτέ ως παιχνίδι	确认：不再将其识别为游戏	確認：不再將其辨識為遊戲	Conferma: non rilevarlo mai come gioco	Confirmar: nunca detectar isto como jogo	確認: これをゲームとして検出しない	Potwierdź: nigdy nie wykrywaj tego jako gry
Press [Select] to confirm · undo under Game Bar > Settings > Game detection	[Select] zum Bestätigen · Rückgängig in Game Bar > Einstellungen > Spieleerkennung	[Select] pour confirmer · annuler dans Game Bar > Paramètres > Détection des jeux	확인하려면 [Select] · Game Bar > 설정 > 게임 감지에서 되돌리기	[Select] para confirmar · deshacer en Game Bar > Ajustes > Detección de juegos	[Select] для подтверждения · отменить в Game Bar > Настройки > Обнаружение игр	[Select] για επιβεβαίωση · αναίρεση στο Game Bar > Ρυθμίσεις > Εντοπισμός παιχνιδιών	按 [Select] 确认 · 可在 Game Bar > 设置 > 游戏检测中撤销	按 [Select] 確認 · 可在 Game Bar > 設定 > 遊戲偵測中復原	[Select] per confermare · annulla in Game Bar > Impostazioni > Rilevamento giochi	[Select] para confirmar · desfazer em Game Bar > Configurações > Detecção de jogos	[Select] で確定 · Game Bar > 設定 > ゲーム検出 で取り消し	[Select] aby potwierdzić · cofnij w Game Bar > Ustawienia > Wykrywanie gier
Game profile created	Spielprofil angelegt	Profil du jeu créé	게임 프로필 생성됨	Perfil del juego creado	Профиль игры создан	Το προφίλ παιχνιδιού δημιουργήθηκε	已创建游戏配置	已建立遊戲設定檔	Profilo gioco creato	Perfil do jogo criado	ゲーム設定を作成しました	Utworzono profil gry
Open the Game Bar to set TDP, fan and controller settings for it.	In der Game Bar TDP, Lüfter und Controller dafür einstellen.	Ouvre la Game Bar pour régler TDP, ventilateur et manette.	Game Bar에서 TDP, 팬, 컨트롤러를 설정하세요.	Abre la Game Bar para ajustar TDP, ventilador y mando.	Откройте Game Bar, чтобы задать TDP, вентилятор и геймпад.	Ανοίξτε το Game Bar για TDP, ανεμιστήρα και χειριστήριο.	在 Game Bar 中设置 TDP、风扇和手柄。	在 Game Bar 中設定 TDP、風扇和手把。	Apri la Game Bar per impostare TDP, ventola e controller.	Abra a Game Bar para definir TDP, ventoinha e controle.	Game Bar で TDP・ファン・コントローラーを設定できます。	Otwórz Game Bar, aby ustawić TDP, wentylator i kontroler.
Not detected as a game any more	Wird nicht mehr als Spiel erkannt	N'est plus détecté comme un jeu	더 이상 게임으로 감지되지 않음	Ya no se detecta como juego	Больше не определяется как игра	Δεν εντοπίζεται πλέον ως παιχνίδι	不再识别为游戏	不再辨識為遊戲	Non più rilevato come gioco	Já não é detetado como jogo	ゲームとして検出しません	Już nie wykrywane jako gra
Undo in Game Bar > Settings > Game detection	Rücknahme in Game Bar > Spieleerkennung	Annuler dans Game Bar > Détection des jeux	Game Bar > 게임 감지에서 되돌리기	Deshacer en Game Bar > Detección de juegos	Отменить в Game Bar > Обнаружение игр	Αναίρεση στο Game Bar > Εντοπισμός παιχνιδιών	可在 Game Bar > 游戏检测中撤销	可在 Game Bar > 遊戲偵測中復原	Annulla in Game Bar > Rilevamento giochi	Desfazer em Game Bar > Detecção de jogos	Game Bar > ゲーム検出 で取り消し	Cofnij w Game Bar > Wykrywanie gier
FPS limit is per game	FPS-Limit nur pro Spiel	Limite FPS par jeu	FPS 제한은 게임별	El límite de FPS es por juego	Лимит FPS - для каждой игры	Το όριο FPS είναι ανά παιχνίδι	帧率限制按游戏设置	幀率限制按遊戲設定	Il limite FPS è per gioco	O limite de FPS é por jogo	FPS 制限はゲームごと	Limit FPS jest dla każdej gry
Activate a per-game profile and set it there.	Ein Profil pro Spiel aktivieren und es dort setzen.	Active un profil par jeu et règle-le là.	게임별 프로필을 활성화하고 거기서 설정하세요.	Activa un perfil por juego y ajústalo ahí.	Включите профиль для игры и задайте его там.	Ενεργοποιήστε ένα προφίλ ανά παιχνίδι και ορίστε το εκεί.	启用每个游戏的配置并在那里设置。	啟用每款遊戲的設定檔並在那裡設定。	Attiva un profilo per gioco e impostalo lì.	Ative um perfil por jogo e defina-o lá.	ゲームごとのプロファイルを有効にして、そこで設定してください。	Włącz profil dla każdej gry i ustaw go tam.
RTSS overlay is per game	RTSS-Overlay nur pro Spiel	Overlay RTSS par jeu	RTSS 오버레이는 게임별	El overlay RTSS es por juego	Оверлей RTSS - для каждой игры	Η επικάλυψη RTSS είναι ανά παιχνίδι	RTSS 叠加层按游戏设置	RTSS 疊加層按遊戲設定	L'overlay RTSS è per gioco	O overlay RTSS é por jogo	RTSS オーバーレイはゲームごと	Nakładka RTSS jest dla każdej gry
Activate a per-game profile and pick it there.	Ein Profil pro Spiel aktivieren und es dort wählen.	Active un profil par jeu et choisis-le là.	게임별 프로필을 활성화하고 거기서 선택하세요.	Activa un perfil por juego y elígelo ahí.	Включите профиль для игры и выберите его там.	Ενεργοποιήστε ένα προφίλ ανά παιχνίδι και επιλέξτε το εκεί.	启用每个游戏的配置并在那里选择。	啟用每款遊戲的設定檔並在那裡選擇。	Attiva un profilo per gioco e selezionalo lì.	Ative um perfil por jogo e selecione-o lá.	ゲームごとのプロファイルを有効にして、そこで選んでください。	Włącz profil dla każdej gry i wybierz ją tam.
Use global profile / Not a game	Globales Profil / Kein Spiel	Profil global / Pas un jeu	전역 프로필 사용 / 게임 아님	Perfil global / No es un juego	Общий профиль / Не игра	Καθολικό προφίλ / Όχι παιχνίδι	使用全局配置 / 不是游戏	使用全域設定檔 / 不是遊戲	Profilo globale / Non è un gioco	Perfil global / Não é um jogo	全体設定を使う / ゲームではない	Profil globalny / To nie gra
Stop detecting this as a game	Nicht mehr als Spiel erkennen	Ne plus détecter comme un jeu	게임으로 감지하지 않기	Dejar de detectarlo como juego	Не считать это игрой	Να μην εντοπίζεται ως παιχνίδι	不再将其识别为游戏	不再將其辨識為遊戲	Non rilevarlo più come gioco	Parar de detetar como jogo	ゲームとして検出しない	Nie wykrywaj tego jako gry
No notification at the next start	Keine Meldung beim nächsten Start	Plus de notification au prochain lancement	다음 실행 때 알림 없음	Sin aviso en el próximo inicio	При следующем запуске без уведомления	Καμία ειδοποίηση στην επόμενη εκκίνηση	下次启动时不再提示	下次啟動時不再提示	Nessun avviso al prossimo avvio	Sem aviso no próximo início	次回の起動時に通知なし	Brak powiadomienia przy kolejnym starcie
Press [Select] to confirm	[Select] zum Bestätigen	[Select] pour confirmer	확인하려면 [Select]	[Select] para confirmar	[Select] для подтверждения	[Select] για επιβεβαίωση	按 [Select] 确认	按 [Select] 確認	[Select] per confermare	[Select] para confirmar	[Select] で確定	[Select] aby potwierdzić
Stop detecting this as a game?	Nicht mehr als Spiel erkennen?	Ne plus détecter comme un jeu ?	게임으로 감지하지 않을까요?	¿Dejar de detectarlo como juego?	Больше не считать это игрой?	Να μην εντοπίζεται ως παιχνίδι;	不再将其识别为游戏？	不再將其辨識為遊戲？	Non rilevarlo più come gioco?	Parar de detetar como jogo?	ゲームとして検出しませんか？	Nie wykrywać tego jako gry?
Press [Select] again to confirm	[Select] erneut zum Bestätigen	Appuyer de nouveau sur [Select]	확인하려면 [Select] 다시	Pulsa [Select] otra vez	Нажмите [Select] ещё раз	Πατήστε ξανά [Select]	再次按 [Select] 确认	再次按 [Select] 確認	Premi di nuovo [Select]	Pressione [Select] de novo	[Select] をもう一度押す	Naciśnij [Select] ponownie
Hides the notification.	Blendet die Meldung aus.	Masque la notification.	알림을 숨깁니다.	Oculta el aviso.	Скрывает уведомление.	Αποκρύπτει την ειδοποίηση.	隐藏该提示。	隱藏該提示。	Nasconde l'avviso.	Oculta o aviso.	通知を非表示にします。	Ukrywa powiadomienie.
Press [Select] to hide this notification	[Select] blendet diese Meldung aus	[Select] masque cette notification	[Select]로 이 알림 숨기기	[Select] oculta este aviso	[Select] скрывает это уведомление	[Select] αποκρύπτει την ειδοποίηση	按 [Select] 隐藏该提示	按 [Select] 隱藏該提示	[Select] nasconde questo avviso	[Select] oculta este aviso	[Select] でこの通知を非表示	[Select] ukrywa to powiadomienie
Always open the last Game Bar widget	Immer letztes Game-Bar-Widget öffnen	Toujours ouvrir le dernier widget Game Bar	마지막 Game Bar 위젯 항상 열기	Abrir siempre el último widget de Game Bar	Всегда открывать последний виджет Game Bar	Άνοιγμα πάντα του τελευταίου widget Game Bar	始终打开上次的 Game Bar 小组件	始終開啟上次的 Game Bar 小工具	Apri sempre l'ultimo widget della Game Bar	Sempre abrir o último widget da Game Bar	常に最後の Game Bar ウィジェットを開く	Zawsze otwieraj ostatni widżet Game Bar
Turns off the jump back to Home, so ClawTweaks opens straight away.	Schaltet den Sprung zurück auf Start ab, damit ClawTweaks direkt aufgeht.	Désactive le retour à l'accueil, pour que ClawTweaks s'ouvre directement.	홈으로 돌아가기를 끔어 ClawTweaks가 바로 열리게 합니다.	Desactiva el salto de vuelta a Inicio, así ClawTweaks se abre directamente.	Отключает возврат на главную, чтобы ClawTweaks открывался сразу.	Απενεργοποιεί την επιστροφή στην Αρχή, ώστε το ClawTweaks να ανοίγει αμέσως.	关闭返回首页的跳转，ClawTweaks 便直接打开。	關閉返回首頁的跳轉，ClawTweaks 便直接開啟。	Disattiva il ritorno alla Home, così ClawTweaks si apre subito.	Desliga o salto de volta para o Início, assim o ClawTweaks abre direto.	ホームへの戻りをオフにし、ClawTweaks がすぐ開くようにします。	Wyłącza powrót do ekranu głównego, aby ClawTweaks otwierał się od razu.
On. ClawTweaks opens straight away.	An. ClawTweaks geht direkt auf.	Activé. ClawTweaks s'ouvre directement.	켜짐. ClawTweaks가 바로 열립니다.	Activado. ClawTweaks se abre directamente.	Включено. ClawTweaks открывается сразу.	Ενεργό. Το ClawTweaks ανοίγει αμέσως.	已开启。ClawTweaks 直接打开。	已開啟。ClawTweaks 直接開啟。	Attivo. ClawTweaks si apre subito.	Ligado. O ClawTweaks abre direto.	オン。ClawTweaks がすぐ開きます。	Włączone. ClawTweaks otwiera się od razu.
Checking Game Bar…	Game Bar wird geprüft…	Vérification de la Game Bar…	Game Bar 확인 중…	Comprobando la Game Bar…	Проверка Game Bar…	Έλεγχος Game Bar…	正在检查 Game Bar…	正在檢查 Game Bar…	Controllo della Game Bar…	Verificando a Game Bar…	Game Bar を確認中…	Sprawdzanie Game Bar…
Changing the setting…	Einstellung wird geändert…	Modification du réglage…	설정을 변경하는 중…	Cambiando el ajuste…	Изменение настройки…	Αλλαγή της ρύθμισης…	正在修改设置…	正在修改設定…	Modifica dell'impostazione…	Alterando a configuração…	設定を変更中…	Zmiana ustawienia…
Done. Takes effect after Game Bar restarts.	Fertig. Wirkt nach einem Neustart der Game Bar.	Terminé. Effectif après redémarrage de la Game Bar.	완료. Game Bar를 다시 시작하면 적용됩니다.	Listo. Se aplica cuando la Game Bar se reinicie.	Готово. Сработает после перезапуска Game Bar.	Έτοιμο. Ισχύει μετά την επανεκκίνηση της Game Bar.	完成。重启 Game Bar 后生效。	完成。重新啟動 Game Bar 後生效。	Fatto. Ha effetto dopo il riavvio della Game Bar.	Pronto. Vale depois que a Game Bar reiniciar.	完了。Game Bar の再起動後に適用されます。	Gotowe. Zadziała po ponownym uruchomieniu Game Bar.
Game Bar kept the setting. Close Game Bar and run this again.	Die Game Bar hat die Einstellung behalten. Schließe sie und versuche es erneut.	La Game Bar a conservé le réglage. Fermez-la et réessayez.	Game Bar가 설정을 유지했습니다. Game Bar를 닫고 다시 실행하세요.	La Game Bar mantuvo el ajuste. Ciérrala y vuelve a ejecutarlo.	Game Bar сохранила свою настройку. Закройте её и повторите.	Η Game Bar кράτησε τη ρύθμιση. Κλείστε την και ξαναδοκιμάστε.	Game Bar 保留了原设置。请先关闭 Game Bar 再试一次。	Game Bar 保留了原設定。請先關閉 Game Bar 再試一次。	La Game Bar ha tenuto l'impostazione. Chiudila e riprova.	A Game Bar manteve a configuração. Feche-a e tente de novo.	Game Bar が設定を保持しました。Game Bar を閉じてもう一度実行してください。	Game Bar zachował ustawienie. Zamknij go i spróbuj ponownie.
Could not read the Game Bar setting.	Die Game-Bar-Einstellung war nicht lesbar.	Impossible de lire le réglage de la Game Bar.	Game Bar 설정을 읽지 못했습니다.	No se pudo leer el ajuste de la Game Bar.	Не удалось прочитать настройку Game Bar.	Δεν ήταν δυνατή η ανάγνωση της ρύθμισης Game Bar.	无法读取 Game Bar 设置。	無法讀取 Game Bar 設定。	Impossibile leggere l'impostazione della Game Bar.	Não foi possível ler a configuração da Game Bar.	Game Bar の設定を読み取れませんでした。	Nie udało się odczytać ustawienia Game Bar.
ClawTweaks Essential	ClawTweaks Essential	ClawTweaks Essential	ClawTweaks Essential	ClawTweaks Essential	ClawTweaks Essential	ClawTweaks Essential	ClawTweaks Essential	ClawTweaks Essential	ClawTweaks Essential	ClawTweaks Essential	ClawTweaks Essential	ClawTweaks Essential
Virtual controller not available	Virtueller Controller nicht verfügbar	Manette virtuelle indisponible	가상 컨트롤러를 사용할 수 없음	Mando virtual no disponible	Виртуальный контроллер недоступен	Το εικονικό χειριστήριο δεν είναι διαθέσιμο	虚拟手柄不可用	虛擬手把不可用	Controller virtuale non disponibile	Controle virtual indisponível	仮想コントローラーは利用できません	Kontroler wirtualny niedostępny
You chose the hardware controller during setup. Run the ClawTweaks setup again to add the virtual controller.	Du hast im Setup den Hardware-Controller gewählt. Starte das ClawTweaks-Setup erneut, um den virtuellen Controller hinzuzufügen.	Vous avez choisi la manette matérielle lors de l'installation. Relancez l'installation de ClawTweaks pour ajouter la manette virtuelle.	설치 중에 하드웨어 컨트롤러를 선택했습니다. ClawTweaks 설치 프로그램을 다시 실행하면 가상 컨트롤러가 추가됩니다.	Elegiste el mando por hardware durante la instalación. Vuelve a ejecutar el instalador de ClawTweaks para añadir el mando virtual.	При установке вы выбрали аппаратный контроллер. Запустите установщик ClawTweaks ещё раз, чтобы добавить виртуальный контроллер.	Στην εγκατάσταση επιλέξατε χειριστήριο υλικού. Εκτελέστε ξανά την εγκατάσταση του ClawTweaks για να προστεθεί το εικονικό χειριστήριο.	你在安装时选择了硬件手柄。重新运行 ClawTweaks 安装程序即可添加虚拟手柄。	你在安裝時選擇了硬體手把。重新執行 ClawTweaks 安裝程式即可新增虛擬手把。	Durante l'installazione hai scelto il controller hardware. Riesegui il programma di installazione di ClawTweaks per aggiungere quello virtuale.	Você escolheu o controle por hardware na instalação. Execute o instalador do ClawTweaks de novo para adicionar o controle virtual.	セットアップでハードウェアコントローラーを選びました。ClawTweaks のセットアップを実行し直すと仮想コントローラーを追加できます。	Podczas instalacji wybrano kontroler sprzętowy. Uruchom instalator ClawTweaks ponownie, aby dodać kontroler wirtualny.
You chose the hardware controller during setup.	Du hast im Setup den Hardware-Controller gewählt.	Vous avez choisi la manette matérielle lors de l'installation.	설치 시 하드웨어 컨트롤러를 선택했습니다.	Elegiste el mando por hardware durante la instalación.	При установке вы выбрали аппаратный контроллер.	Επιλέξατε το χειριστήριο υλικού στην εγκατάσταση.	你在安装时选了硬件手柄。	你在安裝時選了硬體手把。	Hai scelto il controller hardware durante l'installazione.	Você escolheu o controle por hardware na instalação.	インストール時にハードウェアコントローラーを選びました。	Podczas instalacji wybrałeś kontroler sprzętowy.
{0} is not installed. Run the ClawTweaks setup again to add it.	{0} ist nicht installiert. Starte das ClawTweaks-Setup erneut, um es hinzuzufügen.	{0} n'est pas installé. Relancez l'installation de ClawTweaks pour l'ajouter.	{0}이(가) 설치되어 있지 않습니다. ClawTweaks 설치 프로그램을 다시 실행하면 추가됩니다.	{0} no está instalado. Vuelve a ejecutar el instalador de ClawTweaks para añadirlo.	{0} не установлен. Запустите установщик ClawTweaks ещё раз, чтобы его добавить.	Το {0} δεν είναι εγκατεστημένο. Εκτελέστε ξανά την εγκατάσταση του ClawTweaks για να προστεθεί.	未安装 {0}。重新运行 ClawTweaks 安装程序即可添加。	未安裝 {0}。重新執行 ClawTweaks 安裝程式即可新增。	{0} non è installato. Riesegui il programma di installazione di ClawTweaks per aggiungerlo.	{0} não está instalado. Execute o instalador do ClawTweaks de novo para adicioná-lo.	{0} がインストールされていません。ClawTweaks のセットアップを実行し直すと追加できます。	{0} nie jest zainstalowany. Uruchom instalator ClawTweaks ponownie, aby go dodać.
RTSS is not installed	RTSS ist nicht installiert	RTSS n'est pas installé	RTSS가 설치되어 있지 않습니다	RTSS no está instalado	RTSS не установлен	Το RTSS δεν είναι εγκατεστημένο	未安装 RTSS	未安裝 RTSS	RTSS non è installato	O RTSS não está instalado	RTSS がインストールされていません	RTSS nie jest zainstalowany
Run Setup again to install it.	Setup erneut ausführen, um es zu installieren.	Relancez l'installation pour l'installer.	설치 프로그램을 다시 실행해 설치하세요.	Vuelve a ejecutar el instalador para instalarlo.	Запустите установку снова, чтобы его установить.	Εκτελέστε ξανά την εγκατάσταση για να το εγκαταστήσετε.	重新运行安装程序即可安装。	重新執行安裝程式即可安裝。	Riesegui il programma di installazione per installarlo.	Execute o instalador de novo para instalá-lo.	セットアップを実行し直すとインストールできます。	Uruchom instalator ponownie, aby go zainstalować.
Required tools present.	Benötigte Tools vorhanden.	Outils requis présents.	필요한 도구가 있습니다.	Herramientas necesarias presentes.	Необходимые инструменты установлены.	Τα απαιτούμενα εργαλεία υπάρχουν.	所需工具已就绪。	所需工具已就緒。	Strumenti richiesti presenti.	Ferramentas necessárias presentes.	必要なツールがあります。	Wymagane narzędzia są obecne.
usbip update required	usbip-Update erforderlich	Mise à jour d'usbip requise	usbip 업데이트 필요	Actualización de usbip necesaria	Требуется обновление usbip	Απαιτείται ενημέρωση του usbip	需要更新 usbip	需要更新 usbip	Aggiornamento di usbip necessario	Atualização do usbip necessária	usbip の更新が必要です	Wymagana aktualizacja usbip
Controller is in hardware mode.	Controller ist im Hardware-Modus.	La manette est en mode matériel.	컨트롤러가 하드웨어 모드입니다.	El mando está en modo hardware.	Контроллер в аппаратном режиме.	Το χειριστήριο είναι σε λειτουργία υλικού.	手柄处于硬件模式。	控制器處於硬體模式。	Il controller è in modalità hardware.	O controle está no modo hardware.	コントローラーはハードウェアモードです。	Kontroler jest w trybie sprzętowym.
Install usbip {0}, then restart.	Installiere usbip {0} und starte neu.	Installez usbip {0}, puis redémarrez.	usbip {0}을(를) 설치한 뒤 다시 시작하세요.	Instala usbip {0} y reinicia.	Установите usbip {0} и перезагрузите устройство.	Εγκαταστήστε το usbip {0} και κάντε επανεκκίνηση.	安装 usbip {0}，然后重启。	安裝 usbip {0}，然後重新啟動。	Installa usbip {0}, poi riavvia.	Instale o usbip {0} e reinicie.	usbip {0} をインストールして再起動してください。	Zainstaluj usbip {0} i uruchom ponownie.
Virtual controller restored	Virtueller Controller wiederhergestellt	Manette virtuelle rétablie	가상 컨트롤러 복원됨	Mando virtual restaurado	Виртуальный контроллер восстановлен	Το εικονικό χειριστήριο επανήλθε	虚拟手柄已恢复	虛擬控制器已恢復	Controller virtuale ripristinato	Controle virtual restaurado	仮想コントローラーを復元しました	Przywrócono wirtualny kontroler
CTW Game detection	CTW Spieleerkennung	CTW Détection des jeux	CTW 게임 감지	CTW Detección de juegos	CTW Распознавание игр	CTW Ανίχνευση παιχνιδιών	CTW 游戏检测	CTW 遊戲偵測	CTW Rilevamento giochi	CTW Detecção de jogos	CTW ゲーム検出	CTW Wykrywanie gier
Create Profile later or Mute	Profil später anlegen oder stummschalten	Créer le profil plus tard ou masquer	나중에 프로필 만들기 또는 음소거	Crear perfil más tarde o silenciar	Создать профиль позже или отключить	Προφίλ αργότερα ή σίγαση	稍后创建配置文件或静音	稍後建立設定檔或靜音	Crea il profilo più tardi o silenzia	Criar perfil depois ou silenciar	後でプロファイル作成、またはミュート	Utwórz profil później lub wycisz
Global profile / Not a game	Globales Profil / Kein Spiel	Profil global / Pas un jeu	전역 프로필 / 게임 아님	Perfil global / No es un juego	Общий профиль / Не игра	Γενικό προφίλ / Όχι παιχνίδι	全局配置 / 不是游戏	全域設定檔 / 不是遊戲	Profilo globale / Non è un gioco	Perfil global / Não é jogo	グローバル / ゲームではない	Profil globalny / To nie gra
Press [Select] for options	[Select] für Optionen	[Select] pour les options	[Select]로 옵션 보기	[Select] para opciones	[Select] — варианты	[Select] για επιλογές	按 [Select] 查看选项	按 [Select] 查看選項	[Select] per le opzioni	[Select] para opções	[Select] でオプション	[Select] – opcje
Game - use global profile	Spiel - globales Profil nutzen	Jeu - profil global	게임 - 전역 프로필 사용	Juego - usar perfil global	Игра - общий профиль	Παιχνίδι - γενικό προφίλ	游戏 - 使用全局配置	遊戲 - 使用全域設定檔	Gioco - profilo globale	Jogo - usar perfil global	ゲーム - グローバルを使用	Gra - profil globalny
Turn on a profile later in the Game Bar	Profil später in der Game Bar einschalten	Activer un profil plus tard dans la Game Bar	나중에 Game Bar에서 프로필 켜기	Activa un perfil luego en la Game Bar	Профиль можно включить позже в Game Bar	Ενεργοποίηση προφίλ αργότερα στο Game Bar	稍后在 Game Bar 中启用配置	稍後在 Game Bar 中啟用設定檔	Attiva un profilo più tardi nella Game Bar	Ative um perfil depois na Game Bar	後で Game Bar でプロファイルをオン	Włącz profil później w Game Bar
Not a game - mute	Kein Spiel - stummschalten	Pas un jeu - masquer	게임 아님 - 음소거	No es un juego - silenciar	Не игра - отключить	Όχι παιχνίδι - σίγαση	不是游戏 - 静音	不是遊戲 - 靜音	Non è un gioco - silenzia	Não é jogo - silenciar	ゲームではない - ミュート	To nie gra - wycisz
Game - global profile active	Spiel - globales Profil aktiv	Jeu - profil global actif	게임 - 전역 프로필 적용	Juego - perfil global activo	Игра - активен общий профиль	Παιχνίδι - ενεργό γενικό προφίλ	游戏 - 全局配置生效	遊戲 - 全域設定檔生效	Gioco - profilo globale attivo	Jogo - perfil global ativo	ゲーム - グローバル適用中	Gra - aktywny profil globalny
Turn on a profile in the Game Bar	Profil in der Game Bar einschalten	Activer un profil dans la Game Bar	Game Bar에서 프로필 켜기	Activa un perfil en la Game Bar	Включите профиль в Game Bar	Ενεργοποίηση προφίλ στο Game Bar	在 Game Bar 中启用配置	在 Game Bar 中啟用設定檔	Attiva un profilo nella Game Bar	Ative um perfil na Game Bar	Game Bar でプロファイルをオン	Włącz profil w Game Bar
Restart required	Neustart erforderlich	Redémarrage requis	재시작 필요	Reinicio necesario	Требуется перезагрузка	Απαιτείται επανεκκίνηση	需要重启	需要重新啟動	Riavvio necessario	Reinicialização necessária	再起動が必要です	Wymagane ponowne uruchomienie
Restart your device to finish the setup.	Starte dein Gerät neu, um die Einrichtung abzuschließen.	Redémarrez votre appareil pour terminer la configuration.	설정을 마치려면 기기를 다시 시작하세요.	Reinicia tu dispositivo para terminar la configuración.	Перезагрузите устройство, чтобы завершить настройку.	Επανεκκινήστε τη συσκευή σας για να ολοκληρωθεί η ρύθμιση.	重启设备以完成设置。	重新啟動裝置以完成設定。	Riavvia il dispositivo per completare la configurazione.	Reinicie o dispositivo para concluir a configuração.	セットアップを完了するにはデバイスを再起動してください。	Uruchom urządzenie ponownie, aby dokończyć konfigurację.
Restart now	Jetzt neu starten	Redémarrer maintenant	지금 다시 시작	Reiniciar ahora	Перезагрузить сейчас	Επανεκκίνηση τώρα	立即重启	立即重新啟動	Riavvia ora	Reiniciar agora	今すぐ再起動	Uruchom ponownie teraz
Controller or LED not working after the restart? Do an EC reset.	Controller oder LED gehen nach dem Neustart nicht? Mach einen EC-Reset.	Manette ou LED inactives après le redémarrage ? Faites une réinitialisation de l'EC.	재시작 후 컨트롤러나 LED가 작동하지 않나요? EC 리셋을 하세요.	¿El mando o el LED no funcionan tras reiniciar? Haz un reinicio del EC.	Контроллер или подсветка не работают после перезагрузки? Сделайте сброс EC.	Το χειριστήριο ή το LED δεν λειτουργεί μετά την επανεκκίνηση; Κάντε επαναφορά EC.	重启后手柄或灯光不工作？请执行 EC 重置。	重新啟動後控制器或燈光無法運作？請執行 EC 重設。	Controller o LED non funzionano dopo il riavvio? Esegui un reset dell'EC.	Controle ou LED não funcionam após reiniciar? Faça um reset do EC.	再起動後にコントローラーやLEDが動作しない場合は、ECリセットを行ってください。	Kontroler lub LED nie działa po ponownym uruchomieniu? Wykonaj reset EC.
Scan the code for MSI's EC reset guide.	Scanne den Code für MSIs Anleitung zum EC-Reset.	Scannez le code pour le guide de réinitialisation EC de MSI.	코드를 스캔해 MSI의 EC 리셋 가이드를 여세요.	Escanea el código para ver la guía de reinicio del EC de MSI.	Отсканируйте код, чтобы открыть инструкцию MSI по сбросу EC.	Σαρώστε τον κωδικό για τον οδηγό επαναφοράς EC της MSI.	扫描二维码查看 MSI 的 EC 重置指南。	掃描 QR 碼查看 MSI 的 EC 重設指南。	Scansiona il codice per la guida MSI al reset dell'EC.	Escaneie o código para ver o guia de reset do EC da MSI.	コードをスキャンして MSI の EC リセットガイドを開いてください。	Zeskanuj kod, aby otworzyć instrukcję MSI dotyczącą resetu EC.
RTSS profile created	RTSS-Profil erstellt	Profil RTSS créé	RTSS 프로필이 생성되었습니다	Perfil de RTSS creado	Профиль RTSS создан	Δημιουργήθηκε προφίλ RTSS	已创建 RTSS 配置文件	已建立 RTSS 設定檔	Profilo RTSS creato	Perfil do RTSS criado	RTSS プロファイルを作成しました	Utworzono profil RTSS
Restart the game if the FPS cap does not apply.	Das Spiel muss ggf. neu gestartet werden, damit der FPS-Cap greift.	Redémarre le jeu si la limite FPS ne s'applique pas.	FPS 제한이 적용되지 않으면 게임을 다시 시작하세요.	Reinicia el juego si el límite de FPS no se aplica.	Перезапусти игру, если ограничение FPS не применится.	Επανεκκίνησε το παιχνίδι αν δεν εφαρμοστεί το όριο FPS.	如果 FPS 上限未生效，请重新启动游戏。	如果 FPS 上限未生效，請重新啟動遊戲。	Riavvia il gioco se il limite FPS non viene applicato.	Reinicie o jogo se o limite de FPS não for aplicado.	FPS 上限が適用されない場合は、ゲームを再起動してください。	Uruchom grę ponownie, jeśli limit FPS nie zadziała.
Restart the game to see the RTSS overlay.	Starte das Spiel neu, um das RTSS-Overlay zu sehen.	Redémarre le jeu pour voir l'overlay RTSS.	RTSS 오버레이를 보려면 게임을 다시 시작하세요.	Reinicia el juego para ver el overlay de RTSS.	Перезапусти игру, чтобы увидеть оверлей RTSS.	Επανεκκίνησε το παιχνίδι για να δεις το overlay του RTSS.	重新启动游戏以显示 RTSS 叠加层。	重新啟動遊戲以顯示 RTSS 疊加層。	Riavvia il gioco per vedere l'overlay di RTSS.	Reinicie o jogo para ver a sobreposição do RTSS.	RTSS オーバーレイを表示するにはゲームを再起動してください。	Uruchom grę ponownie, aby zobaczyć nakładkę RTSS.
The built-in overlay is shown until then.	Bis dahin wird das eingebaute Overlay angezeigt.	D'ici là, l'overlay intégré est affiché.	그때까지 기본 오버레이가 표시됩니다.	Hasta entonces se muestra el overlay integrado.	До этого отображается встроенный оверлей.	Μέχρι τότε εμφανίζεται το ενσωματωμένο overlay.	在此之前显示内置叠加层。	在此之前顯示內建疊加層。	Fino ad allora viene mostrato l'overlay integrato.	Até lá, a sobreposição integrada é exibida.	それまでは内蔵オーバーレイが表示されます。	Do tego czasu wyświetlana jest wbudowana nakładka.
After the restart, you can change the FPS cap in-game	Nach dem Neustart kannst du den FPS-Cap im Spiel ändern,	Après le redémarrage, tu peux modifier la limite FPS en jeu,	다시 시작한 후에는 게임 중에 FPS 제한을 변경하고	Tras reiniciar, puedes cambiar el límite de FPS en el juego,	После перезапуска ограничение FPS можно менять в игре,	Μετά την επανεκκίνηση, μπορείς να αλλάξεις το όριο FPS στο παιχνίδι,	重新启动后，可在游戏中更改 FPS 上限，	重新啟動後，可在遊戲中變更 FPS 上限，	Dopo il riavvio puoi modificare il limite FPS in gioco,	Após reiniciar, você pode alterar o limite de FPS no jogo,	再起動後は、ゲーム中に FPS 上限を変更したり、	Po ponownym uruchomieniu możesz zmieniać limit FPS w grze,
and turn it off and back on.	deaktivieren und wieder aktivieren.	la désactiver et la réactiver.	끄고 다시 켤 수 있습니다.	desactivarlo y volver a activarlo.	отключать и снова включать.	να το απενεργοποιήσεις και να το ενεργοποιήσεις ξανά.	也可关闭后重新开启。	也可關閉後重新開啟。	disattivarlo e riattivarlo.	desativá-lo e reativá-lo.	オフにして再びオンにしたりできます。	wyłączać go i ponownie włączać.
Community presets — {0}	Community-Presets — {0}	Préréglages de la communauté — {0}	커뮤니티 프리셋 — {0}	Preajustes de la comunidad — {0}	Пресеты сообщества — {0}	Προεπιλογές κοινότητας — {0}	社区预设 — {0}	社群預設 — {0}	Preset della community — {0}	Predefinições da comunidade — {0}	コミュニティプリセット — {0}	Presety społeczności — {0}
You already shared a preset for this game — it is marked below.	Du hast für dieses Spiel schon ein Preset geteilt — es ist unten markiert.	Vous avez déjà partagé un préréglage pour ce jeu — il est marqué ci-dessous.	이 게임의 프리셋을 이미 공유했습니다 — 아래에 표시되어 있습니다.	Ya compartiste un preajuste para este juego — está marcado abajo.	Вы уже поделились пресетом для этой игры — он отмечен ниже.	Έχετε ήδη μοιραστεί προεπιλογή για αυτό το παιχνίδι — σημειώνεται παρακάτω.	你已为此游戏分享过预设 — 已在下方标出。	你已為此遊戲分享過預設 — 已在下方標出。	Hai già condiviso un preset per questo gioco — è segnato qui sotto.	Você já compartilhou uma predefinição para este jogo — ela está marcada abaixo.	このゲームのプリセットは共有済みです — 下に印があります。	Już udostępniłeś preset dla tej gry — jest oznaczony poniżej.
Share your preset	Dein Preset teilen	Partager votre préréglage	내 프리셋 공유	Compartir tu preajuste	Поделиться пресетом	Κοινοποίηση προεπιλογής	分享你的预设	分享你的預設	Condividi il tuo preset	Compartilhe sua predefinição	プリセットを共有	Udostępnij swój preset
Share	Teilen	Partager	공유	Compartir	Поделиться	Κοινοπ.	分享	分享	Condividi	Enviar	共有	Udostępnij
1 more from other devices	1 weiteres von anderen Geräten	1 de plus d'autres appareils	다른 기기의 프리셋 1개 더	1 más de otros dispositivos	Ещё 1 с других устройств	1 ακόμη από άλλες συσκευές	另有 1 个来自其他设备	另有 1 個來自其他裝置	Ancora 1 da altri dispositivi	Mais 1 de outros dispositivos	他のデバイスからさらに1件	Jeszcze 1 z innych urządzeń
{0} more from other devices	{0} weitere von anderen Geräten	{0} de plus d'autres appareils	다른 기기의 프리셋 {0}개 더	{0} más de otros dispositivos	Ещё {0} с других устройств	{0} ακόμη από άλλες συσκευές	另有 {0} 个来自其他设备	另有 {0} 個來自其他裝置	Ancora {0} da altri dispositivi	Mais {0} de outros dispositivos	他のデバイスからさらに{0}件	Jeszcze {0} z innych urządzeń
Loading shared presets…	Geteilte Presets werden geladen…	Chargement des préréglages partagés…	공유된 프리셋을 불러오는 중…	Cargando preajustes compartidos…	Загрузка пресетов…	Φόρτωση κοινόχρηστων προεπιλογών…	正在加载共享预设…	正在載入共享預設…	Caricamento dei preset condivisi…	Carregando predefinições…	共有プリセットを読み込み中…	Wczytywanie udostępnionych presetów…
No preset for your Claw yet.	Noch kein Preset für deine Claw.	Pas encore de préréglage pour votre Claw.	아직 내 Claw용 프리셋이 없습니다.	Aún no hay preajustes para tu Claw.	Для вашей Claw пресетов пока нет.	Δεν υπάρχει ακόμη προεπιλογή για το Claw σας.	还没有适用于你的 Claw 的预设。	還沒有適用於你的 Claw 的預設。	Ancora nessun preset per la tua Claw.	Ainda não há predefinição para o seu Claw.	お使いの Claw 用のプリセットはまだありません。	Brak presetów dla twojej Claw.
1 preset for your Claw.	1 Preset für deine Claw.	1 préréglage pour votre Claw.	내 Claw용 프리셋 1개.	1 preajuste para tu Claw.	1 пресет для вашей Claw.	1 προεπιλογή για το Claw σας.	1 个适用于你的 Claw 的预设。	1 個適用於你的 Claw 的預設。	1 preset per la tua Claw.	1 predefinição para o seu Claw.	お使いの Claw 用プリセット 1件。	1 preset dla twojej Claw.
{0} presets for your Claw.	{0} Presets für deine Claw.	{0} préréglages pour votre Claw.	내 Claw용 프리셋 {0}개.	{0} preajustes para tu Claw.	Пресетов для вашей Claw: {0}.	{0} προεπιλογές για το Claw σας.	{0} 个适用于你的 Claw 的预设。	{0} 個適用於你的 Claw 的預設。	{0} preset per la tua Claw.	{0} predefinições para o seu Claw.	お使いの Claw 用プリセット {0}件。	Presety dla twojej Claw: {0}.
No one has shared a preset for this game yet.	Für dieses Spiel hat noch niemand ein Preset geteilt.	Personne n'a encore partagé de préréglage pour ce jeu.	아직 이 게임의 프리셋을 공유한 사람이 없습니다.	Nadie ha compartido aún un preajuste para este juego.	Для этой игры ещё никто не поделился пресетом.	Κανείς δεν έχει μοιραστεί ακόμη προεπιλογή για αυτό το παιχνίδι.	还没有人分享此游戏的预设。	還沒有人分享此遊戲的預設。	Nessuno ha ancora condiviso un preset per questo gioco.	Ninguém compartilhou uma predefinição para este jogo ainda.	このゲームのプリセットはまだ誰も共有していません。	Nikt jeszcze nie udostępnił presetu dla tej gry.
1 preset on all devices.	1 Preset auf allen Geräten.	1 préréglage sur tous les appareils.	모든 기기에서 프리셋 1개.	1 preajuste en todos los dispositivos.	1 пресет на всех устройствах.	1 προεπιλογή σε όλες τις συσκευές.	所有设备共 1 个预设。	所有裝置共 1 個預設。	1 preset su tutti i dispositivi.	1 predefinição em todos os dispositivos.	全デバイスでプリセット 1件。	1 preset na wszystkich urządzeniach.
{0} presets on all devices.	{0} Presets auf allen Geräten.	{0} préréglages sur tous les appareils.	모든 기기에서 프리셋 {0}개.	{0} preajustes en todos los dispositivos.	Пресетов на всех устройствах: {0}.	{0} προεπιλογές σε όλες τις συσκευές.	所有设备共 {0} 个预设。	所有裝置共 {0} 個預設。	{0} preset su tutti i dispositivi.	{0} predefinições em todos os dispositivos.	全デバイスでプリセット {0}件。	Presety na wszystkich urządzeniach: {0}.
{0} fps native at {1} W	{0} FPS nativ bei {1} W	{0} FPS natifs à {1} W	{1} W에서 네이티브 {0} FPS	{0} FPS nativos a {1} W	{0} FPS (натив.) при {1} Вт	{0} FPS εγγενώς στα {1} W	{1} W 下原生 {0} FPS	{1} W 下原生 {0} FPS	{0} FPS nativi a {1} W	{0} FPS nativos a {1} W	{1} W でネイティブ {0} FPS	{0} FPS natywnie przy {1} W
by {0}	von {0}	par {0}	작성자 {0}	de {0}	от {0}	από {0}	作者 {0}	作者 {0}	di {0}	por {0}	作成者 {0}	od {0}
YOURS	DEINS	LE VÔTRE	내 프리셋	TUYO	ВАШ	ΔΙΚΟ ΣΑΣ	你的	你的	TUO	SEU	あなたの	TWÓJ
Not rated yet	Noch nicht bewertet	Pas encore noté	아직 평가 없음	Sin valoraciones	Ещё нет оценок	Χωρίς αξιολόγηση ακόμη	尚未评分	尚未評分	Non ancora valutato	Ainda sem avaliação	まだ評価なし	Jeszcze bez oceny
Use this preset	Dieses Preset verwenden	Utiliser ce préréglage	이 프리셋 사용	Usar este preajuste	Применить пресет	Χρήση προεπιλογής	使用此预设	使用此預設	Usa questo preset	Usar esta predefinição	このプリセットを使う	Użyj tego presetu
Rate	Bewerten	Noter	평가	Valorar	Оценить	Βαθμός	评分	評分	Valuta	Avaliar	評価	Oceń
In game:	Im Spiel:	En jeu :	게임 내:	En el juego:	В игре:	Στο παιχνίδι:	游戏内：	遊戲內：	Nel gioco:	No jogo:	ゲーム内:	W grze:
Backspace	Löschen	Effacer	지우기	Borrar	Стереть	Διαγραφή	退格	退格	Cancella	Apagar	削除	Usuń
shift	Umschalt	maj	shift	mayús	shift	shift	大写	大寫	maiusc	shift	shift	shift
Shift	Umschalt	Maj	Shift	Mayús	Shift	Shift	大写	大寫	Maiusc	Shift	Shift	Shift
Your Claw only	Nur deine Claw	Votre Claw seulement	내 Claw만	Solo tu Claw	Только ваша Claw	Μόνο το Claw σας	仅你的 Claw	僅你的 Claw	Solo la tua Claw	Só o seu Claw	自分の Claw のみ	Tylko twoja Claw
All devices	Alle Geräte	Tous les appareils	모든 기기	Todos	Все устройства	Όλες οι συσκευές	所有设备	所有裝置	Tutti	Todos	すべてのデバイス	Wszystkie
Community presets	Community-Presets	Préréglages communauté	커뮤니티 프리셋	Preajustes comunidad	Пресеты сообщества	Προεπιλογές κοινότητας	社区预设	社群預設	Preset community	Predefinições comunidade	コミュニティプリセット	Presety społeczności
none for your Claw	keins für deine Claw	aucun pour votre Claw	내 Claw용 없음	ninguno para tu Claw	нет для вашей Claw	κανένα για το Claw σας	无适用于你的 Claw	無適用於你的 Claw	nessuno per la tua Claw	nenhuma para o seu Claw	Claw 用なし	brak dla twojej Claw
1 for your Claw	1 für deine Claw	1 pour votre Claw	내 Claw용 1개	1 para tu Claw	1 для вашей Claw	1 για το Claw σας	1 个适用于你的 Claw	1 個適用於你的 Claw	1 per la tua Claw	1 para o seu Claw	Claw 用 1件	1 dla twojej Claw
{0} for your Claw	{0} für deine Claw	{0} pour votre Claw	내 Claw용 {0}개	{0} para tu Claw	{0} для вашей Claw	{0} για το Claw σας	{0} 个适用于你的 Claw	{0} 個適用於你的 Claw	{0} per la tua Claw	{0} para o seu Claw	Claw 用 {0}件	{0} dla twojej Claw
{0} in all	{0} insgesamt	{0} au total	전체 {0}개	{0} en total	всего {0}	{0} συνολικά	共 {0} 个	共 {0} 個	{0} in tutto	{0} no total	全 {0}件	łącznie {0}
Share the first one.	Teile das erste.	Partagez le premier.	첫 프리셋을 공유하세요.	Comparte el primero.	Поделитесь первым.	Μοιραστείτε την πρώτη.	分享第一个。	分享第一個。	Condividi il primo.	Compartilhe a primeira.	最初の1件を共有しましょう。	Udostępnij pierwszy.
Rate this preset	Dieses Preset bewerten	Noter ce préréglage	이 프리셋 평가	Valorar este preajuste	Оценить пресет	Αξιολόγηση προεπιλογής	为此预设评分	為此預設評分	Valuta questo preset	Avaliar esta predefinição	このプリセットを評価	Oceń ten preset
{0} — by {1}	{0} — von {1}	{0} — par {1}	{0} — 작성자 {1}	{0} — de {1}	{0} — от {1}	{0} — από {1}	{0} — 作者 {1}	{0} — 作者 {1}	{0} — di {1}	{0} — por {1}	{0} — 作成者 {1}	{0} — od {1}
Stars	Sterne	Étoiles	별점	Estrellas	Звёзды	Αστέρια	星级	星級	Stelle	Estrelas	星	Gwiazdki
No answer	Keine Angabe	Sans réponse	응답 안 함	Sin respuesta	Без ответа	Χωρίς απάντηση	不作答	不作答	Nessuna	Sem resposta	回答なし	Bez odpowiedzi
Comment (optional)	Kommentar (optional)	Commentaire (facultatif)	댓글 (선택)	Comentario (opcional)	Комментарий (необяз.)	Σχόλιο (προαιρετικό)	评论（可选）	評論（選填）	Commento (facoltativo)	Comentário (opcional)	コメント（任意）	Komentarz (opcjonalny)
Up to 50 characters	Bis zu 50 Zeichen	Jusqu'à 50 caractères	최대 50자	Hasta 50 caracteres	До 50 символов	Έως 50 χαρακτήρες	最多 50 个字符	最多 50 個字元	Fino a 50 caratteri	Até 50 caracteres	最大50文字	Do 50 znaków
Type	Eingeben	Saisir	입력	Escribir	Ввести	Γράψτε	输入	輸入	Scrivi	Digitar	入力	Wpisz
Comment (50 characters)	Kommentar (50 Zeichen)	Commentaire (50 caractères)	댓글 (50자)	Comentario (50 caracteres)	Комментарий (50 символов)	Σχόλιο (50 χαρακτήρες)	评论（50 个字符）	評論（50 個字元）	Commento (50 caratteri)	Comentário (50 caracteres)	コメント（50文字）	Komentarz (50 znaków)
Pick one to five stars first.	Wähle zuerst ein bis fünf Sterne.	Choisissez d'abord une à cinq étoiles.	먼저 별을 1~5개 선택하세요.	Elige primero de una a cinco estrellas.	Сначала выберите от одной до пяти звёзд.	Επιλέξτε πρώτα ένα έως πέντε αστέρια.	请先选择一到五颗星。	請先選擇一到五顆星。	Scegli prima da una a cinque stelle.	Escolha primeiro de uma a cinco estrelas.	先に星を1〜5個選んでください。	Najpierw wybierz od jednej do pięciu gwiazdek.
Submit rating	Bewertung senden	Envoyer la note	평가 제출	Enviar valoración	Отправить оценку	Υποβολή αξιολόγησης	提交评分	提交評分	Invia valutazione	Enviar avaliação	評価を送信	Wyślij ocenę
Submit	Senden	Envoyer	제출	Enviar	Отправить	Υποβολή	提交	提交	Invia	Enviar	送信	Wyślij
Sending your rating…	Bewertung wird gesendet…	Envoi de votre note…	평가를 보내는 중…	Enviando tu valoración…	Отправка оценки…	Αποστολή αξιολόγησης…	正在发送评分…	正在傳送評分…	Invio della valutazione…	Enviando sua avaliação…	評価を送信中…	Wysyłanie oceny…
Thanks — your rating is in.	Danke — deine Bewertung ist angekommen.	Merci — votre note est enregistrée.	감사합니다 — 평가가 등록되었습니다.	Gracias — tu valoración se ha enviado.	Спасибо — ваша оценка отправлена.	Ευχαριστούμε — η αξιολόγηση στάλθηκε.	谢谢 — 你的评分已提交。	謝謝 — 你的評分已提交。	Grazie — la tua valutazione è arrivata.	Obrigado — sua avaliação foi enviada.	ありがとうございます — 評価を受け付けました。	Dziękujemy — twoja ocena została wysłana.
It can take a few hours until your rating appears here.	Es kann ein paar Stunden dauern, bis deine Bewertung hier erscheint.	Votre note peut mettre quelques heures à apparaître ici.	평가가 여기에 표시되기까지 몇 시간이 걸릴 수 있습니다.	Tu valoración puede tardar unas horas en aparecer aquí.	Оценка может появиться здесь через несколько часов.	Η αξιολόγησή σας μπορεί να εμφανιστεί εδώ σε μερικές ώρες.	评分可能需要几小时才会显示在这里。	評分可能需要幾小時才會顯示在這裡。	Possono servire alcune ore prima che la valutazione compaia qui.	Pode levar algumas horas até sua avaliação aparecer aqui.	評価がここに表示されるまで数時間かかることがあります。	Ocena może pojawić się tutaj dopiero za kilka godzin.
Share your preset — {0}	Dein Preset teilen — {0}	Partager votre préréglage — {0}	내 프리셋 공유 — {0}	Compartir tu preajuste — {0}	Поделиться пресетом — {0}	Κοινοποίηση προεπιλογής — {0}	分享你的预设 — {0}	分享你的預設 — {0}	Condividi il tuo preset — {0}	Compartilhar sua predefinição — {0}	プリセットを共有 — {0}	Udostępnij swój preset — {0}
These settings are posted publicly, with an anonymous id that links your posts.	Diese Einstellungen werden öffentlich gepostet, mit einer anonymen ID, die deine Beiträge verbindet.	Ces réglages sont publiés publiquement, avec un identifiant anonyme qui relie vos publications.	이 설정은 게시물을 연결하는 익명 ID와 함께 공개적으로 게시됩니다.	Estos ajustes se publican, con un id anónimo que vincula tus publicaciones.	Эти настройки публикуются открыто с анонимным ID, связывающим ваши публикации.	Οι ρυθμίσεις δημοσιεύονται δημόσια, με ανώνυμο αναγνωριστικό που συνδέει τις αναρτήσεις σας.	这些设置会公开发布，并带有关联你所有帖子的匿名 ID。	這些設定會公開發佈，並帶有連結你所有貼文的匿名 ID。	Queste impostazioni vengono pubblicate, con un ID anonimo che collega i tuoi post.	Estas configurações são publicadas, com um ID anônimo que liga suas publicações.	この設定は公開されます。投稿は匿名の ID で関連付けられます。	Te ustawienia są publikowane z anonimowym ID, które łączy twoje wpisy.
Native FPS	Native FPS	FPS natifs	네이티브 FPS	FPS nativos	Нативные FPS	Εγγενή FPS	原生 FPS	原生 FPS	FPS nativi	FPS nativos	ネイティブ FPS	Natywne FPS
not set — the frame rate without frame generation	nicht gesetzt — die Bildrate ohne Frame Generation	non défini — la fréquence sans génération d'images	미설정 — 프레임 생성 없이의 프레임 레이트	sin definir — la tasa sin generación de fotogramas	не задано — частота кадров без генерации кадров	δεν ορίστηκε — ρυθμός χωρίς δημιουργία καρέ	未设置 — 不含帧生成的帧率	未設定 — 不含幀生成的幀率	non impostato — il frame rate senza frame generation	não definido — a taxa sem geração de quadros	未設定 — フレーム生成なしのフレームレート	nie ustawiono — liczba klatek bez generowania klatek
TDP (W)	TDP (W)	TDP (W)	TDP (W)	TDP (W)	TDP (Вт)	TDP (W)	TDP (W)	TDP (W)	TDP (W)	TDP (W)	TDP (W)	TDP (W)
not set — taken from this game's profile, or type it	nicht gesetzt — aus dem Profil des Spiels oder selbst eingeben	non défini — repris du profil du jeu, ou saisissez-le	미설정 — 게임 프로필에서 가져오거나 직접 입력	sin definir — del perfil del juego, o escríbelo	не задано — из профиля игры или введите вручную	δεν ορίστηκε — από το προφίλ του παιχνιδιού ή πληκτρολογήστε	未设置 — 取自此游戏的配置文件，或手动输入	未設定 — 取自此遊戲的設定檔，或手動輸入	non impostato — dal profilo del gioco, oppure scrivilo	não definido — do perfil do jogo, ou digite	未設定 — ゲームのプロファイルから取得、または入力	nie ustawiono — z profilu gry lub wpisz
TDP in watts	TDP in Watt	TDP en watts	TDP (와트)	TDP en vatios	TDP в ваттах	TDP σε watt	TDP（瓦）	TDP（瓦）	TDP in watt	TDP em watts	TDP（ワット）	TDP w watach
Power	Strom	Énergie	전원	Energía	Питание	Τροφοδοσία	电源	電源	Energia	Energia	電源	Zasilanie
on battery	Akku	sur batterie	배터리	con batería	от батареи	μπαταρία	电池	電池	a batteria	na bateria	バッテリー	na baterii
plugged in	am Netz	branché	전원 연결	enchufado	от сети	στο ρεύμα	接通电源	接上電源	collegato	na tomada	電源接続	z zasilacza
Graphics preset	Grafik-Preset	Préréglage graphique	그래픽 프리셋	Preajuste gráfico	Графический пресет	Προεπιλογή γραφικών	画质预设	畫質預設	Preset grafico	Predefinição gráfica	グラフィックプリセット	Preset grafiki
Upscaler	Upscaler	Upscaler	업스케일러	Escalador	Апскейлер	Upscaler	超分辨率	超解析度	Upscaler	Upscaler	超解像	Upscaler
Upscaler quality	Upscaler-Qualität	Qualité de l'upscaler	업스케일러 품질	Calidad del escalador	Качество апскейлера	Ποιότητα upscaler	超分辨率质量	超解析度品質	Qualità upscaler	Qualidade do upscaler	アップスケーラー品質	Jakość upscalera
Frame gen factor	Frame-Gen-Faktor	Facteur de génération	프레임 생성 배수	Factor de generación	Множитель генерации	Συντελεστής δημιουργίας	帧生成倍数	幀生成倍數	Fattore frame gen	Fator de geração	フレーム生成倍率	Mnożnik generowania
How it was set	Wie eingestellt	Comment c'était réglé	설정 방법	Cómo se configuró	Как настроено	Πώς ρυθμίστηκε	设置方式	設定方式	Come è stato impostato	Como foi configurado	設定方法	Jak ustawiono
in-game	im Spiel	en jeu	게임 내	en el juego	в игре	στο παιχνίδι	游戏内	遊戲內	nel gioco	no jogo	ゲーム内	w grze
OptiScaler (OptiClick)	OptiScaler (OptiClick)	OptiScaler (OptiClick)	OptiScaler (OptiClick)	OptiScaler (OptiClick)	OptiScaler (OptiClick)	OptiScaler (OptiClick)	OptiScaler (OptiClick)	OptiScaler (OptiClick)	OptiScaler (OptiClick)	OptiScaler (OptiClick)	OptiScaler (OptiClick)	OptiScaler (OptiClick)
OptiScaler (manual)	OptiScaler (manuell)	OptiScaler (manuel)	OptiScaler (수동)	OptiScaler (manual)	OptiScaler (вручную)	OptiScaler (χειροκίνητα)	OptiScaler（手动）	OptiScaler（手動）	OptiScaler (manuale)	OptiScaler (manual)	OptiScaler（手動）	OptiScaler (ręcznie)
OptiScaler (via OptiClick)	OptiScaler (über OptiClick)	OptiScaler (via OptiClick)	OptiScaler (OptiClick 경유)	OptiScaler (vía OptiClick)	OptiScaler (через OptiClick)	OptiScaler (μέσω OptiClick)	OptiScaler（通过 OptiClick）	OptiScaler（透過 OptiClick）	OptiScaler (tramite OptiClick)	OptiScaler (via OptiClick)	OptiScaler（OptiClick 経由）	OptiScaler (przez OptiClick)
Share detailed graphics	Detaillierte Grafik teilen	Partager les détails graphiques	상세 그래픽 공유	Compartir gráficos detallados	Поделиться деталями графики	Κοινοποίηση λεπτομερών γραφικών	分享详细画质	分享詳細畫質	Condividi grafica dettagliata	Compartilhar gráficos detalhados	詳細なグラフィックを共有	Udostępnij szczegóły grafiki
No	Nein	Non	아니요	No	Нет	Όχι	否	否	No	Não	いいえ	Nie
Yes	Ja	Oui	예	Sí	Да	Ναι	是	是	Sì	Sim	はい	Tak
Textures	Texturen	Textures	텍스처	Texturas	Текстуры	Υφές	纹理	紋理	Texture	Texturas	テクスチャ	Tekstury
Shadows	Schatten	Ombres	그림자	Sombras	Тени	Σκιές	阴影	陰影	Ombre	Sombras	影	Cienie
Anisotropic	Anisotrop	Anisotrope	이방성	Anisotrópico	Анизотропия	Ανισοτροπικό	各向异性	各向異性	Anisotropico	Anisotrópico	異方性	Anizotropia
Lighting	Beleuchtung	Éclairage	조명	Iluminación	Освещение	Φωτισμός	光照	光影	Illuminazione	Iluminação	ライティング	Oświetlenie
View distance	Sichtweite	Distance de vue	시야 거리	Distancia de visión	Дальность прорисовки	Απόσταση θέασης	视距	視距	Distanza visiva	Distância de visão	描画距離	Zasięg widzenia
Characters	Figuren	Personnages	캐릭터	Personajes	Персонажи	Χαρακτήρες	角色	角色	Personaggi	Personagens	キャラクター	Postacie
Nickname	Nickname	Pseudo	닉네임	Apodo	Никнейм	Ψευδώνυμο	昵称	暱稱	Nickname	Apelido	ニックネーム	Pseudonim
required — 5 to 13 characters	erforderlich — 5 bis 13 Zeichen	obligatoire — 5 à 13 caractères	필수 — 5~13자	obligatorio — de 5 a 13 caracteres	обязательно — от 5 до 13 символов	υποχρεωτικό — 5 έως 13 χαρακτήρες	必填 — 5 到 13 个字符	必填 — 5 到 13 個字元	obbligatorio — da 5 a 13 caratteri	obrigatório — de 5 a 13 caracteres	必須 — 5〜13文字	wymagany — od 5 do 13 znaków
Nickname (5–13 characters)	Nickname (5–13 Zeichen)	Pseudo (5–13 caractères)	닉네임 (5–13자)	Apodo (5–13 caracteres)	Никнейм (5–13 символов)	Ψευδώνυμο (5–13 χαρακτήρες)	昵称（5–13 个字符）	暱稱（5–13 個字元）	Nickname (5–13 caratteri)	Apelido (5–13 caracteres)	ニックネーム（5〜13文字）	Pseudonim (5–13 znaków)
Share preset	Preset teilen	Partager	프리셋 공유	Compartir preajuste	Поделиться пресетом	Κοινοποίηση	分享预设	分享預設	Condividi preset	Compartilhar	プリセットを共有	Udostępnij preset
Set the native FPS first.	Setze zuerst die nativen FPS.	Définissez d'abord les FPS natifs.	먼저 네이티브 FPS를 설정하세요.	Define primero los FPS nativos.	Сначала укажите нативные FPS.	Ορίστε πρώτα τα εγγενή FPS.	请先设置原生 FPS。	請先設定原生 FPS。	Imposta prima gli FPS nativi.	Defina primeiro os FPS nativos.	先にネイティブ FPS を設定してください。	Najpierw ustaw natywne FPS.
Set a TDP between 5 and 60 W.	Setze einen TDP zwischen 5 und 60 W.	Définissez un TDP entre 5 et 60 W.	TDP를 5~60 W로 설정하세요.	Define un TDP entre 5 y 60 W.	Укажите TDP от 5 до 60 Вт.	Ορίστε TDP μεταξύ 5 και 60 W.	请将 TDP 设为 5 到 60 W。	請將 TDP 設為 5 到 60 W。	Imposta un TDP tra 5 e 60 W.	Defina um TDP entre 5 e 60 W.	TDP を 5〜60 W に設定してください。	Ustaw TDP od 5 do 60 W.
A nickname of 5 to 13 characters is required.	Ein Nickname mit 5 bis 13 Zeichen ist erforderlich.	Un pseudo de 5 à 13 caractères est requis.	5~13자의 닉네임이 필요합니다.	Se necesita un apodo de 5 a 13 caracteres.	Нужен никнейм от 5 до 13 символов.	Απαιτείται ψευδώνυμο 5 έως 13 χαρακτήρων.	需要 5 到 13 个字符的昵称。	需要 5 到 13 個字元的暱稱。	Serve un nickname da 5 a 13 caratteri.	É preciso um apelido de 5 a 13 caracteres.	5〜13文字のニックネームが必要です。	Wymagany jest pseudonim od 5 do 13 znaków.
This Claw was not identified.	Diese Claw wurde nicht erkannt.	Cette Claw n'a pas été identifiée.	이 Claw를 식별하지 못했습니다.	No se identificó esta Claw.	Эта Claw не распознана.	Αυτό το Claw δεν αναγνωρίστηκε.	无法识别此 Claw。	無法識別此 Claw。	Questa Claw non è stata riconosciuta.	Este Claw não foi identificado.	この Claw を識別できませんでした。	Nie rozpoznano tej Claw.
Posting your preset…	Preset wird gepostet…	Publication de votre préréglage…	프리셋을 게시하는 중…	Publicando tu preajuste…	Публикация пресета…	Δημοσίευση προεπιλογής…	正在发布你的预设…	正在發佈你的預設…	Pubblicazione del preset…	Publicando sua predefinição…	プリセットを投稿中…	Publikowanie presetu…
Shared — thank you.	Geteilt — danke.	Partagé — merci.	공유했습니다 — 감사합니다.	Compartido — gracias.	Опубликовано — спасибо.	Κοινοποιήθηκε — ευχαριστούμε.	已分享 — 谢谢。	已分享 — 謝謝。	Condiviso — grazie.	Compartilhado — obrigado.	共有しました — 感謝します。	Udostępniono — dziękujemy.
It can take a few hours until your preset appears here.	Es kann ein paar Stunden dauern, bis dein Preset hier erscheint.	Votre préréglage peut mettre quelques heures à apparaître ici.	프리셋이 여기에 표시되기까지 몇 시간이 걸릴 수 있습니다.	Tu preajuste puede tardar unas horas en aparecer aquí.	Пресет может появиться здесь через несколько часов.	Η προεπιλογή σας μπορεί να εμφανιστεί εδώ σε μερικές ώρες.	预设可能需要几小时才会显示在这里。	預設可能需要幾小時才會顯示在這裡。	Possono servire alcune ore prima che il preset compaia qui.	Pode levar algumas horas até sua predefinição aparecer aqui.	プリセットがここに表示されるまで数時間かかることがあります。	Preset może pojawić się tutaj dopiero za kilka godzin.
The request failed.	Die Anfrage ist fehlgeschlagen.	La requête a échoué.	요청에 실패했습니다.	La solicitud falló.	Запрос не выполнен.	Το αίτημα απέτυχε.	请求失败。	請求失敗。	La richiesta non è riuscita.	A solicitação falhou.	リクエストに失敗しました。	Żądanie nie powiodło się.
TDP {0} W	TDP {0} W	TDP {0} W	TDP {0} W	TDP {0} W	TDP {0} Вт	TDP {0} W	TDP {0} W	TDP {0} W	TDP {0} W	TDP {0} W	TDP {0} W	TDP {0} W
Power mode	Energiemodus	Mode énergie	전원 모드	Modo de energía	Режим питания	Λειτ. ενέργειας	电源模式	電源模式	Modalità energia	Modo de energia	電源モード	Tryb zasilania
FPS cap {0}	FPS-Limit {0}	Limite de FPS {0}	FPS 제한 {0}	Límite de FPS {0}	Лимит FPS {0}	Όριο FPS {0}	帧率限制 {0}	幀率限制 {0}	Limite FPS {0}	Limite de FPS {0}	FPS上限 {0}	Limit FPS {0}
This preset states no power values.	Dieses Preset nennt keine Leistungswerte.	Ce préréglage n'indique aucune valeur de puissance.	이 프리셋에는 전력 값이 없습니다.	Este preajuste no indica valores de energía.	В этом пресете нет значений питания.	Αυτή η προεπιλογή δεν ορίζει τιμές ισχύος.	此预设未包含功耗值。	此預設未包含功耗值。	Questo preset non indica valori di potenza.	Esta predefinição não informa valores de energia.	このプリセットには電力の値がありません。	Ten preset nie podaje wartości zasilania.
Saved to this game's profile. Resolution and in-game graphics stay as they are.	Wird im Profil des Spiels gespeichert. Auflösung und Grafik im Spiel bleiben, wie sie sind.	Enregistré dans le profil du jeu. La résolution et les graphismes en jeu ne changent pas.	이 게임의 프로필에 저장됩니다. 해상도와 게임 내 그래픽은 그대로 유지됩니다.	Se guarda en el perfil del juego. La resolución y los gráficos del juego no cambian.	Сохраняется в профиле игры. Разрешение и графика в игре не меняются.	Αποθηκεύεται στο προφίλ του παιχνιδιού. Η ανάλυση και τα γραφικά μένουν ως έχουν.	保存到此游戏的配置文件。分辨率和游戏内画质保持不变。	儲存到此遊戲的設定檔。解析度和遊戲內畫質保持不變。	Salvato nel profilo del gioco. Risoluzione e grafica di gioco restano invariate.	Salvo no perfil do jogo. A resolução e os gráficos do jogo continuam como estão.	このゲームのプロファイルに保存されます。解像度とゲーム内グラフィックは変わりません。	Zapisywane w profilu gry. Rozdzielczość i grafika w grze pozostają bez zmian.
Apply	Übernehmen	Appliquer	적용	Aplicar	Применить	Εφαρμογή	应用	套用	Applica	Aplicar	適用	Zastosuj
Start the game once, then try again.	Starte das Spiel einmal und versuche es dann erneut.	Lancez le jeu une fois, puis réessayez.	게임을 한 번 실행한 뒤 다시 시도하세요.	Inicia el juego una vez y vuelve a intentarlo.	Запустите игру один раз и попробуйте снова.	Ξεκινήστε το παιχνίδι μία φορά και δοκιμάστε ξανά.	请先启动一次游戏，然后重试。	請先啟動一次遊戲，然後重試。	Avvia il gioco una volta, poi riprova.	Inicie o jogo uma vez e tente de novo.	一度ゲームを起動してから、もう一度お試しください。	Uruchom grę raz i spróbuj ponownie.
Applying…	Übernehme…	Application…	적용 중…	Aplicando…	Применение…	Εφαρμογή…	正在应用…	正在套用…	Applicazione…	Aplicando…	適用中…	Stosowanie…
Preset applied.	Preset übernommen.	Préréglage appliqué.	프리셋을 적용했습니다.	Preajuste aplicado.	Пресет применён.	Η προεπιλογή εφαρμόστηκε.	预设已应用。	預設已套用。	Preset applicato.	Predefinição aplicada.	プリセット適用済み。	Preset zastosowany.
It takes effect the next time the game starts.	Es wirkt beim nächsten Start des Spiels.	Il prend effet au prochain lancement du jeu.	다음에 게임을 시작할 때 적용됩니다.	Se aplica la próxima vez que se inicie el juego.	Вступит в силу при следующем запуске игры.	Ισχύει την επόμενη φορά που θα ξεκινήσει το παιχνίδι.	下次启动游戏时生效。	下次啟動遊戲時生效。	Ha effetto al prossimo avvio del gioco.	Entra em vigor na próxima vez que o jogo iniciar.	次回ゲームを起動したときに反映されます。	Zadziała przy następnym uruchomieniu gry.
It is used the next time you start the game.	Es wird beim nächsten Spielstart verwendet.	Il sera utilisé au prochain lancement du jeu.	다음에 게임을 시작할 때 사용됩니다.	Se usará la próxima vez que inicies el juego.	Он будет использован при следующем запуске игры.	Θα χρησιμοποιηθεί την επόμενη φορά που θα ξεκινήσετε το παιχνίδι.	下次启动游戏时使用。	下次啟動遊戲時使用。	Verrà usato al prossimo avvio del gioco.	Será usada na próxima vez que você iniciar o jogo.	次回ゲームを起動したときに使われます。	Zostanie użyty przy następnym uruchomieniu gry.
Back to the list	Zurück zur Liste	Retour à la liste	목록으로 돌아가기	Volver a la lista	Назад к списку	Πίσω στη λίστα	返回列表	返回清單	Torna all'elenco	Voltar à lista	リストに戻る	Wróć do listy
OK	OK	OK	확인	Aceptar	ОК	OK	确定	確定	OK	OK	OK	OK
Enter text	Text eingeben	Saisir du texte	텍스트 입력	Escribir texto	Введите текст	Εισαγωγή κειμένου	输入文本	輸入文字	Inserisci testo	Digite o texto	テキストを入力	Wpisz tekst
Done	Fertig	Terminé	완료	Listo	Готово	Τέλος	完成	完成	Fatto	Concluído	完了	Gotowe
Space	Leertaste	Espace	스페이스	Espacio	Пробел	Κενό	空格	空格	Spazio	Espaço	スペース	Spacja
At least {0} characters. {1} so far.	Mindestens {0} Zeichen. Bisher {1}.	Au moins {0} caractères. {1} pour l'instant.	최소 {0}자. 현재 {1}자.	Al menos {0} caracteres. Llevas {1}.	Не менее {0} символов. Сейчас {1}.	Τουλάχιστον {0} χαρακτήρες. Μέχρι τώρα {1}.	至少 {0} 个字符。当前 {1} 个。	至少 {0} 個字元。目前 {1} 個。	Almeno {0} caratteri. Finora {1}.	Pelo menos {0} caracteres. Até agora {1}.	{0}文字以上。現在{1}文字。	Co najmniej {0} znaków. Na razie {1}.
{0} of {1} characters.	{0} von {1} Zeichen.	{0} sur {1} caractères.	{1}자 중 {0}자.	{0} de {1} caracteres.	{0} из {1} символов.	{0} από {1} χαρακτήρες.	{0}/{1} 个字符。	{0}/{1} 個字元。	{0} di {1} caratteri.	{0} de {1} caracteres.	{0}/{1}文字。	{0} z {1} znaków.
upscaler	Upscaler	upscaler	업스케일러	escalador	апскейлер	upscaler	超分辨率	超解析度	upscaler	upscaler	超解像	upscaler
frame gen	Frame Gen	génération	프레임 생성	generación	ген. кадров	δημιουργία καρέ	帧生成	幀生成	frame gen	geração	フレーム生成	gen. klatek
cap	Limit	limite	제한	límite	лимит	όριο	上限	上限	limite	limite	上限	limit
textures	Texturen	textures	텍스처	texturas	текстуры	υφές	纹理	紋理	texture	texturas	テクスチャ	tekstury
shadows	Schatten	ombres	그림자	sombras	тени	σκιές	阴影	陰影	ombre	sombras	影	cienie
aniso	Aniso	aniso	이방성	aniso	аниз.	aniso	各向异性	各向異性	aniso	aniso	異方性	aniz.
lighting	Beleuchtung	éclairage	조명	iluminación	освещение	φωτισμός	光照	光影	illuminazione	iluminação	ライティング	oświetlenie
view dist	Sichtweite	distance	시야	distancia	дальность	απόσταση	视距	視距	distanza	distância	描画距離	zasięg
characters	Figuren	personnages	캐릭터	personajes	персонажи	χαρακτήρες	角色	角色	personaggi	personagens	キャラクター	postacie
Frame rate	Bildrate	Images/s	프레임 레이트	Fotogramas	Частота кадров	Ρυθμός καρέ	帧率	幀率	Frame rate	Taxa de quadros	フレームレート	Liczba klatek
Matched the stated fps	Wie angegeben	Conforme aux FPS indiqués	명시된 FPS와 같음	Igual a lo indicado	Как заявлено	Όπως δηλώθηκε	与标称一致	與標示一致	Come indicato	Igual ao informado	記載どおり	Zgodnie z podanym
Slightly lower	Etwas niedriger	Un peu plus bas	약간 낮음	Algo menor	Немного ниже	Λίγο χαμηλότερα	略低	略低	Un po' più basso	Um pouco menor	やや低い	Nieco niżej
Much lower	Viel niedriger	Bien plus bas	훨씬 낮음	Mucho menor	Намного ниже	Πολύ χαμηλότερα	低很多	低很多	Molto più basso	Bem menor	かなり低い	Znacznie niżej
Better than stated	Besser als angegeben	Mieux qu'indiqué	명시보다 좋음	Mejor de lo indicado	Лучше заявленного	Καλύτερα από ό,τι δηλώθηκε	优于标称	優於標示	Meglio di quanto indicato	Melhor que o informado	記載より良い	Lepiej niż podano
Stability	Stabilität	Stabilité	안정성	Estabilidad	Стабильность	Σταθερότητα	稳定性	穩定性	Stabilità	Estabilidade	安定性	Stabilność
Ran clean	Lief sauber	Fluide	문제없이 실행	Sin problemas	Без проблем	Χωρίς θέματα	运行流畅	執行流暢	Nessun problema	Sem problemas	問題なし	Bez problemów
Occasional stutter	Gelegentliches Ruckeln	Saccades occasionnelles	가끔 끊김	Tirones ocasionales	Редкие подтормаживания	Περιστασιακό κόλλημα	偶尔卡顿	偶爾卡頓	Scatti occasionali	Engasgos ocasionais	時々カクつく	Sporadyczne przycięcia
Frequent stutter	Häufiges Ruckeln	Saccades fréquentes	자주 끊김	Tirones frecuentes	Частые подтормаживания	Συχνό κόλλημα	频繁卡顿	頻繁卡頓	Scatti frequenti	Engasgos frequentes	頻繁にカクつく	Częste przycięcia
Crashed	Abgestürzt	Plantages	충돌함	Se cerró	Вылетала	Κατέρρευσε	崩溃	當機	Crash	Travou	クラッシュ	Crashe
The stated TDP was enough	Angegebener TDP reichte	Le TDP indiqué suffisait	명시된 TDP로 충분함	El TDP indicado bastó	Заявленного TDP хватило	Το δηλωμένο TDP αρκούσε	标称 TDP 足够	標示 TDP 足夠	Il TDP indicato bastava	O TDP informado bastou	記載の TDP で十分	Podane TDP wystarczyło
I had to raise it	Musste ihn erhöhen	J'ai dû l'augmenter	높여야 했음	Tuve que subirlo	Пришлось повысить	Χρειάστηκε αύξηση	需要调高	需要調高	Ho dovuto alzarlo	Precisei aumentar	上げる必要があった	Musiałem podnieść
I could lower it	Konnte ihn senken	J'ai pu le baisser	낮출 수 있었음	Pude bajarlo	Удалось понизить	Μπορούσε να μειωθεί	可以调低	可以調低	Ho potuto abbassarlo	Consegui diminuir	下げられた	Mogłem obniżyć
Image	Bild	Image	화질	Imagen	Картинка	Εικόνα	画面	畫面	Immagine	Imagem	画質	Obraz
Looked good	Sah gut aus	Belle image	좋아 보임	Se veía bien	Выглядело хорошо	Φαινόταν καλά	画面良好	畫面良好	Buona	Ficou bom	良好	Wyglądało dobrze
Too soft	Zu weich	Trop flou	너무 흐림	Muy suave	Мыльно	Πολύ θολό	过于模糊	過於模糊	Morbida	Muito suave	ぼやけすぎ	Zbyt miękki
Shimmering or artefacts	Flimmern oder Artefakte	Scintillement ou artefacts	깜빡임 또는 아티팩트	Parpadeo o artefactos	Мерцание или артефакты	Τρεμόπαιγμα ή σφάλματα	闪烁或伪影	閃爍或瑕疵	Sfarfallio o artefatti	Cintilação ou artefatos	ちらつき・アーティファクト	Migotanie lub artefakty
Adopting it	Übernahme	Adoption	적용 결과	Al usarlo	Применение	Υιοθέτηση	套用效果	套用效果	Adozione	Ao usar	導入	Zastosowanie
Worked as-is	Lief direkt	Tel quel	그대로 작동	Funcionó tal cual	Подошло как есть	Λειτούργησε ως είχε	直接可用	直接可用	Funzionava così	Funcionou como está	そのまま動作	Działał od razu
Needed small changes	Kleine Anpassungen nötig	Petits ajustements	약간 수정 필요	Necesitó ajustes	Нужны небольшие правки	Χρειάστηκαν μικρές αλλαγές	需要小幅调整	需要小幅調整	Servivano piccole modifiche	Precisou de ajustes	少し調整が必要	Wymagał drobnych zmian
Did not fit	Passte nicht	Ne convenait pas	맞지 않음	No encajó	Не подошло	Δεν ταίριαξε	不合适	不合適	Non adatto	Não serviu	合わなかった	Nie pasował
Without frame generation	Ohne Frame Generation	Sans génération d'images	프레임 생성 없이	Sin generación de fotogramas	Без генерации кадров	Χωρίς δημιουργία καρέ	不含帧生成	不含幀生成	Senza frame generation	Sem geração de quadros	フレーム生成なし	Bez generowania klatek
Limiter	Limiter	Limiteur	제한기	Limitador	Ограничитель	Περιοριστής	限制器	限制器	Limitatore	Limitador	リミッター	Ogranicznik
Native FPS: {0}	Native FPS: {0}	FPS natifs : {0}	네이티브 FPS: {0}	FPS nativos: {0}	Нативные FPS: {0}	Εγγενή FPS: {0}	原生 FPS：{0}	原生 FPS：{0}	FPS nativi: {0}	FPS nativos: {0}	ネイティブ FPS: {0}	Natywne FPS: {0}
Capped	Begrenzt	Limité	제한	Limitado	Лимит	Όριο	限帧	限幀	Limitato	Limitado	上限	Limit
TDP: {0} W	TDP: {0} W	TDP : {0} W	TDP: {0} W	TDP: {0} W	TDP: {0} Вт	TDP: {0} W	TDP：{0} W	TDP：{0} W	TDP: {0} W	TDP: {0} W	TDP: {0} W	TDP: {0} W
Set a TDP between 5 and {0} W.	Setze einen TDP zwischen 5 und {0} W.	Définissez un TDP entre 5 et {0} W.	TDP를 5~{0} W로 설정하세요.	Define un TDP entre 5 y {0} W.	Укажите TDP от 5 до {0} Вт.	Ορίστε TDP μεταξύ 5 και {0} W.	请将 TDP 设为 5 到 {0} W。	請將 TDP 設為 5 到 {0} W。	Imposta un TDP tra 5 e {0} W.	Defina um TDP entre 5 e {0} W.	TDP を 5〜{0} W に設定してください。	Ustaw TDP od 5 do {0} W.
Use	Wählen	Utiliser	사용	Usar	Выбрать	Χρήση	使用	使用	Usa	Usar	使う	Użyj
Textures, shadows, lighting and more	Texturen, Schatten, Beleuchtung und mehr	Textures, ombres, éclairage et plus	텍스처, 그림자, 조명 등	Texturas, sombras, iluminación y más	Текстуры, тени, освещение и др.	Υφές, σκιές, φωτισμός και άλλα	纹理、阴影、光照等	紋理、陰影、光影等	Texture, ombre, illuminazione e altro	Texturas, sombras, iluminação e mais	テクスチャ・影・ライティングなど	Tekstury, cienie, oświetlenie i więcej
Back to the game	Zurück zum Spiel	Retour au jeu	게임으로 돌아가기	Volver al juego	Назад к игре	Πίσω στο παιχνίδι	返回游戏	返回遊戲	Torna al gioco	Voltar ao jogo	ゲームに戻る	Wróć do gry
You shared a preset for this game. It appears here within a few hours.	Du hast für dieses Spiel ein Preset geteilt. Es erscheint hier in ein paar Stunden.	Vous avez partagé un préréglage pour ce jeu. Il apparaîtra ici d'ici quelques heures.	이 게임의 프리셋을 공유했습니다. 몇 시간 안에 여기에 표시됩니다.	Compartiste un preajuste para este juego. Aparecerá aquí en unas horas.	Вы поделились пресетом для этой игры. Он появится здесь в течение нескольких часов.	Μοιραστήκατε προεπιλογή για αυτό το παιχνίδι. Θα εμφανιστεί εδώ σε λίγες ώρες.	你已分享此游戏的预设，几小时内会显示在这里。	你已分享此遊戲的預設，幾小時內會顯示在這裡。	Hai condiviso un preset per questo gioco. Comparirà qui entro qualche ora.	Você compartilhou uma predefinição para este jogo. Ela aparece aqui em algumas horas.	このゲームのプリセットを共有しました。数時間以内にここに表示されます。	Udostępniłeś preset dla tej gry. Pojawi się tutaj w ciągu kilku godzin.
Community Presets	Community-Presets	Préréglages de la communauté	커뮤니티 프리셋	Preajustes de la comunidad	Пресеты сообщества	Προεπιλογές κοινότητας	社区预设	社群預設	Preset della community	Predefinições da comunidade	コミュニティプリセット	Presety społeczności
Browse and rate presets other players shared.	Presets anderer Spieler ansehen und bewerten.	Parcourez et notez les préréglages des autres joueurs.	다른 플레이어가 공유한 프리셋을 보고 평가하세요.	Explora y valora los preajustes de otros jugadores.	Смотрите и оценивайте пресеты других игроков.	Δείτε και βαθμολογήστε προεπιλογές άλλων παικτών.	浏览并评价其他玩家分享的预设。	瀏覽並評價其他玩家分享的預設。	Sfoglia e valuta i preset degli altri giocatori.	Veja e avalie predefinições de outros jogadores.	他のプレイヤーのプリセットを見て評価します。	Przeglądaj i oceniaj presety innych graczy.
No one has shared a preset yet.	Noch hat niemand ein Preset geteilt.	Personne n'a encore partagé de préréglage.	아직 공유된 프리셋이 없습니다.	Nadie ha compartido un preajuste todavía.	Пока никто не поделился пресетом.	Κανείς δεν έχει μοιραστεί προεπιλογή ακόμη.	还没有人分享预设。	還沒有人分享預設。	Nessuno ha ancora condiviso un preset.	Ninguém compartilhou uma predefinição ainda.	まだ誰もプリセットを共有していません。	Nikt jeszcze nie udostępnił presetu.
Page	Seite	Page	페이지	Página	Страница	Σελίδα	页	頁	Pagina	Página	ページ	Strona
The hardware controller has no gyro and no mouse with custom actions.	Der Hardware-Controller hat kein Gyro und keine Maus mit eigenen Aktionen.	La manette matérielle n'a ni gyroscope ni souris avec actions personnalisées.	하드웨어 컨트롤러에는 자이로와 사용자 지정 동작 마우스가 없습니다.	El mando de hardware no tiene giroscopio ni ratón con acciones propias.	В аппаратном контроллере нет гироскопа и мыши со своими действиями.	Το υλικό χειριστήριο δεν έχει γυροσκόπιο ούτε ποντίκι με δικές σας ενέργειες.	硬件手柄没有陀螺仪，也没有可自定义动作的鼠标。	硬體手把沒有陀螺儀，也沒有可自訂動作的滑鼠。	Il controller hardware non ha giroscopio né mouse con azioni personalizzate.	O controle de hardware não tem giroscópio nem mouse com ações próprias.	ハードウェアコントローラーにはジャイロも、独自操作のマウスもありません。	Kontroler sprzętowy nie ma żyroskopu ani myszy z własnymi akcjami.
Shortcuts are more reliable with the virtual controller.	Mit dem virtuellen Controller sind Shortcuts zuverlässiger.	Les raccourcis sont plus fiables avec la manette virtuelle.	가상 컨트롤러에서는 단축키가 더 안정적입니다.	Los atajos son más fiables con el mando virtual.	С виртуальным контроллером сочетания клавиш надёжнее.	Οι συντομεύσεις είναι πιο αξιόπιστες με το εικονικό χειριστήριο.	使用虚拟手柄时快捷键更可靠。	使用虛擬手把時快捷鍵更可靠。	Le scorciatoie sono più affidabili con il controller virtuale.	Os atalhos são mais confiáveis com o controle virtual.	仮想コントローラーの方がショートカットは確実です。	Skróty działają pewniej z wirtualnym kontrolerem.
In hardware mode, firmware remaps can override shortcuts in games.	Im Hardware-Modus können Firmware-Remaps Shortcuts im Spiel überschreiben.	En mode matériel, les remappages du firmware peuvent écraser les raccourcis en jeu.	하드웨어 모드에서는 펌웨어 리맵이 게임 내 단축키를 덮어쓸 수 있습니다.	En modo hardware, las reasignaciones del firmware pueden anular atajos en juegos.	В аппаратном режиме переназначения прошивки могут перекрыть сочетания в играх.	Σε λειτουργία υλικού, οι αντιστοιχίσεις firmware μπορεί να παρακάμψουν συντομεύσεις στα παιχνίδια.	硬件模式下，固件重映射可能会覆盖游戏中的快捷键。	硬體模式下，韌體重新對應可能會覆蓋遊戲中的快捷鍵。	In modalità hardware, i remap del firmware possono sovrascrivere le scorciatoie nei giochi.	No modo hardware, remapeamentos do firmware podem sobrepor atalhos nos jogos.	ハードウェアモードでは、ファームウェアのリマップがゲーム内のショートカットを上書きすることがあります。	W trybie sprzętowym remapy firmware mogą nadpisać skróty w grach.
What is the difference between ClawTweaks Essential and Full?	Was unterscheidet ClawTweaks Essential von Full?	Quelle est la différence entre ClawTweaks Essential et Full ?	ClawTweaks Essential과 Full의 차이는 무엇인가요?	¿Qué diferencia hay entre ClawTweaks Essential y Full?	Чем ClawTweaks Essential отличается от Full?	Ποια η διαφορά ανάμεσα σε ClawTweaks Essential και Full;	ClawTweaks Essential 和 Full 有什么区别？	ClawTweaks Essential 和 Full 有什麼差別？	Che differenza c'è tra ClawTweaks Essential e Full?	Qual a diferença entre ClawTweaks Essential e Full?	ClawTweaks Essential と Full の違いは？	Czym różni się ClawTweaks Essential od Full?
Essential installs no extra drivers and uses the hardware controller.	Essential installiert keine zusätzlichen Treiber und nutzt den Hardware-Controller.	Essential n'installe aucun pilote en plus et utilise la manette matérielle.	Essential은 추가 드라이버 없이 하드웨어 컨트롤러를 사용합니다.	Essential no instala controladores extra y usa el mando de hardware.	Essential не ставит дополнительных драйверов и использует аппаратный контроллер.	Το Essential δεν εγκαθιστά επιπλέον προγράμματα οδήγησης και χρησιμοποιεί το υλικό χειριστήριο.	Essential 不安装额外驱动，使用硬件手柄。	Essential 不安裝額外驅動程式，使用硬體手把。	Essential non installa driver aggiuntivi e usa il controller hardware.	O Essential não instala drivers extras e usa o controle de hardware.	Essential は追加ドライバーを入れず、ハードウェアコントローラーを使います。	Essential nie instaluje dodatkowych sterowników i używa kontrolera sprzętowego.
Full adds HidHide and usbip for the virtual controller.	Full ergänzt HidHide und usbip für den virtuellen Controller.	Full ajoute HidHide et usbip pour la manette virtuelle.	Full은 가상 컨트롤러용 HidHide와 usbip을 추가합니다.	Full añade HidHide y usbip para el mando virtual.	Full добавляет HidHide и usbip для виртуального контроллера.	Το Full προσθέτει HidHide και usbip για το εικονικό χειριστήριο.	Full 会为虚拟手柄添加 HidHide 和 usbip。	Full 會為虛擬手把加入 HidHide 和 usbip。	Full aggiunge HidHide e usbip per il controller virtuale.	O Full adiciona HidHide e usbip para o controle virtual.	Full は仮想コントローラー用に HidHide と usbip を追加します。	Full dodaje HidHide i usbip dla wirtualnego kontrolera.
Full also adds RTSS for its overlay and FPS limiter.	Full ergänzt außerdem RTSS für dessen Overlay und FPS-Limiter.	Full ajoute aussi RTSS pour son overlay et son limiteur de FPS.	Full은 오버레이와 FPS 제한을 위해 RTSS도 추가합니다.	Full también añade RTSS para su overlay y su limitador de FPS.	Full также добавляет RTSS с его оверлеем и ограничителем FPS.	Το Full προσθέτει επίσης το RTSS για το overlay και τον περιοριστή FPS του.	Full 还会添加 RTSS，用于其覆盖层和 FPS 限制器。	Full 還會加入 RTSS，用於其覆蓋層和 FPS 限制器。	Full aggiunge anche RTSS per il suo overlay e limitatore di FPS.	O Full também adiciona o RTSS para seu overlay e limitador de FPS.	Full はオーバーレイと FPS リミッター用に RTSS も追加します。	Full dodaje też RTSS z jego nakładką i limiterem FPS.
Run the setup again to add what is missing.	Starte das Setup erneut, um Fehlendes zu ergänzen.	Relancez l'installation pour ajouter ce qui manque.	빠진 항목을 추가하려면 설치 프로그램을 다시 실행하세요.	Vuelve a ejecutar el instalador para añadir lo que falta.	Запустите установщик снова, чтобы добавить недостающее.	Εκτελέστε ξανά την εγκατάσταση για να προσθέσετε ό,τι λείπει.	再次运行安装程序即可补上缺少的部分。	再次執行安裝程式即可補上缺少的部分。	Esegui di nuovo il setup per aggiungere ciò che manca.	Execute o instalador de novo para adicionar o que falta.	足りないものはセットアップを再実行して追加します。	Uruchom instalator ponownie, aby dodać brakujące elementy.
Uninstall ClawTweaks Core in Windows Settings > Apps > Installed apps.	Deinstalliere ClawTweaks Core unter Einstellungen > Apps > Installierte Apps.	Désinstallez ClawTweaks Core dans Paramètres > Applications > Applications installées.	설정 > 앱 > 설치된 앱에서 ClawTweaks Core를 제거하세요.	Desinstala ClawTweaks Core en Configuración > Aplicaciones > Aplicaciones instaladas.	Удалите ClawTweaks Core в разделе Параметры > Приложения > Установленные приложения.	Απεγκαταστήστε το ClawTweaks Core από Ρυθμίσεις > Εφαρμογές > Εγκατεστημένες εφαρμογές.	在 设置 > 应用 > 已安装的应用 中卸载 ClawTweaks Core。	在 設定 > 應用程式 > 已安裝的應用程式 中解除安裝 ClawTweaks Core。	Disinstalla ClawTweaks Core in Impostazioni > App > App installate.	Desinstale o ClawTweaks Core em Configurações > Aplicativos > Aplicativos instalados.	設定 > アプリ > インストールされているアプリ で ClawTweaks Core をアンインストールします。	Odinstaluj ClawTweaks Core w Ustawienia > Aplikacje > Zainstalowane aplikacje.
MSI Center M is switched back on.	MSI Center M wird wieder eingeschaltet.	MSI Center M est réactivé.	MSI Center M이 다시 켜집니다.	MSI Center M se vuelve a activar.	MSI Center M снова включается.	Το MSI Center M ενεργοποιείται ξανά.	MSI Center M 会重新开启。	MSI Center M 會重新開啟。	MSI Center M viene riattivato.	O MSI Center M é reativado.	MSI Center M は再びオンになります。	MSI Center M zostaje ponownie włączony.
Update usbip first (virtual controller driver)	Zuerst usbip aktualisieren (Treiber für den virtuellen Controller)	Mettez d'abord usbip à jour (pilote de la manette virtuelle)	먼저 usbip 업데이트 (가상 컨트롤러 드라이버)	Actualiza primero usbip (controlador del mando virtual)	Сначала обнови usbip (драйвер виртуального контроллера)	Ενημέρωσε πρώτα το usbip (οδηγός εικονικού χειριστηρίου)	请先更新 usbip（虚拟手柄驱动）	請先更新 usbip（虛擬控制器驅動程式）	Aggiorna prima usbip (driver del controller virtuale)	Atualize o usbip primeiro (driver do controle virtual)	まず usbip を更新（仮想コントローラーのドライバー）	Najpierw zaktualizuj usbip (sterownik wirtualnego kontrolera)
Download and install usbip {0}, then restart.	Lade usbip {0} herunter, installiere es und starte neu.	Téléchargez et installez usbip {0}, puis redémarrez.	usbip {0}을(를) 다운로드해 설치한 뒤 재시작하세요.	Descarga e instala usbip {0} y reinicia.	Скачай и установи usbip {0}, затем перезагрузи устройство.	Κατέβασε και εγκατέστησε το usbip {0} και κάνε επανεκκίνηση.	下载并安装 usbip {0}，然后重启。	下載並安裝 usbip {0}，然後重新啟動。	Scarica e installa usbip {0}, poi riavvia.	Baixe e instale o usbip {0} e reinicie.	usbip {0} をダウンロードしてインストールし、再起動してください。	Pobierz i zainstaluj usbip {0}, a potem uruchom ponownie.
usbip {0} is installed. This ClawTweaks version needs {1}.	usbip {0} ist installiert. Diese ClawTweaks-Version braucht {1}.	usbip {0} est installé. Cette version de ClawTweaks nécessite {1}.	usbip {0}이(가) 설치되어 있습니다. 이 ClawTweaks 버전은 {1}이(가) 필요합니다.	usbip {0} está instalado. Esta versión de ClawTweaks necesita {1}.	Установлен usbip {0}. Этой версии ClawTweaks нужен {1}.	Είναι εγκατεστημένο το usbip {0}. Αυτή η έκδοση του ClawTweaks χρειάζεται το {1}.	已安装 usbip {0}。此版本的 ClawTweaks 需要 {1}。	已安裝 usbip {0}。此版本的 ClawTweaks 需要 {1}。	È installato usbip {0}. Questa versione di ClawTweaks richiede {1}.	O usbip {0} está instalado. Esta versão do ClawTweaks precisa do {1}.	usbip {0} がインストールされています。この ClawTweaks には {1} が必要です。	Zainstalowany jest usbip {0}. Ta wersja ClawTweaks wymaga {1}.
Download usbip {0}	usbip {0} herunterladen	Télécharger usbip {0}	usbip {0} 다운로드	Descargar usbip {0}	Скачать usbip {0}	Λήψη usbip {0}	下载 usbip {0}	下載 usbip {0}	Scarica usbip {0}	Baixar usbip {0}	usbip {0} をダウンロード	Pobierz usbip {0}
No virtual controller needed?	Keinen virtuellen Controller nötig?	Pas besoin de manette virtuelle ?	가상 컨트롤러가 필요 없나요?	¿No necesitas el mando virtual?	Виртуальный контроллер не нужен?	Δεν χρειάζεσαι εικονικό χειριστήριο;	不需要虚拟手柄？	不需要虛擬控制器？	Non ti serve il controller virtuale?	Não precisa do controle virtual?	仮想コントローラーは不要ですか？	Nie potrzebujesz wirtualnego kontrolera?
A new setup can install ClawTweaks Essential without usbip.	Ein neues Setup kann ClawTweaks Essential ohne usbip installieren.	Une nouvelle installation peut installer ClawTweaks Essential sans usbip.	새 설치 프로그램으로 usbip 없이 ClawTweaks Essential을 설치할 수 있습니다.	Una nueva instalación puede instalar ClawTweaks Essential sin usbip.	Новый установщик может установить ClawTweaks Essential без usbip.	Μια νέα εγκατάσταση μπορεί να εγκαταστήσει το ClawTweaks Essential χωρίς usbip.	新的安装程序可以在不安装 usbip 的情况下安装 ClawTweaks Essential。	新的安裝程式可以在不安裝 usbip 的情況下安裝 ClawTweaks Essential。	Un nuovo setup può installare ClawTweaks Essential senza usbip.	Uma nova instalação pode instalar o ClawTweaks Essential sem usbip.	新しいセットアップで usbip なしの ClawTweaks Essential をインストールできます。	Nowy instalator może zainstalować ClawTweaks Essential bez usbip.
Uninstall ClawTweaks, usbip and HidHide first, then run the new setup.	Deinstalliere zuerst ClawTweaks, usbip und HidHide, dann starte das neue Setup.	Désinstallez d'abord ClawTweaks, usbip et HidHide, puis lancez la nouvelle installation.	먼저 ClawTweaks, usbip, HidHide를 제거한 뒤 새 설치 프로그램을 실행하세요.	Desinstala primero ClawTweaks, usbip y HidHide y luego ejecuta la nueva instalación.	Сначала удали ClawTweaks, usbip и HidHide, затем запусти новый установщик.	Απεγκατέστησε πρώτα το ClawTweaks, το usbip και το HidHide και μετά τρέξε τη νέα εγκατάσταση.	先卸载 ClawTweaks、usbip 和 HidHide，再运行新的安装程序。	先解除安裝 ClawTweaks、usbip 和 HidHide，再執行新的安裝程式。	Disinstalla prima ClawTweaks, usbip e HidHide, poi avvia il nuovo setup.	Desinstale primeiro o ClawTweaks, o usbip e o HidHide e depois execute a nova instalação.	先に ClawTweaks、usbip、HidHide をアンインストールしてから、新しいセットアップを実行してください。	Najpierw odinstaluj ClawTweaks, usbip i HidHide, a potem uruchom nowy instalator.
Open the release page	Release-Seite öffnen	Ouvrir la page de la version	릴리스 페이지 열기	Abrir la página de la versión	Открыть страницу релиза	Άνοιγμα σελίδας έκδοσης	打开发布页面	開啟發布頁面	Apri la pagina della release	Abrir a página da versão	リリースページを開く	Otwórz stronę wydania
End task?	Task beenden?	Terminer la tâche ?	작업을 종료할까요?	¿Finalizar la tarea?	Завершить задачу?	Τερματισμός εργασίας;	结束任务？	結束工作？	Terminare l'attività?	Finalizar a tarefa?	タスクを終了しますか？	Zakończyć zadanie?
[A] End · [B] Cancel	[A] Beenden · [B] Abbrechen	[A] Terminer · [B] Annuler	[A] 종료 · [B] 취소	[A] Finalizar · [B] Cancelar	[A] Завершить · [B] Отмена	[A] Τερματισμός · [B] Άκυρο	[A] 结束 · [B] 取消	[A] 結束 · [B] 取消	[A] Termina · [B] Annulla	[A] Finalizar · [B] Cancelar	[A] 終了 · [B] キャンセル	[A] Zakończ · [B] Anuluj
Cancelled	Abgebrochen	Annulé	취소됨	Cancelado	Отменено	Ακυρώθηκε	已取消	已取消	Annullato	Cancelado	キャンセルしました	Anulowano
Task ended	Task beendet	Tâche terminée	작업 종료됨	Tarea finalizada	Задача завершена	Η εργασία τερματίστηκε	任务已结束	工作已結束	Attività terminata	Tarefa finalizada	タスクを終了しました	Zadanie zakończone
Could not end the task	Task konnte nicht beendet werden	Impossible de terminer la tâche	작업을 종료할 수 없습니다	No se pudo finalizar la tarea	Не удалось завершить задачу	Δεν ήταν δυνατός ο τερματισμός της εργασίας	无法结束任务	無法結束工作	Impossibile terminare l'attività	Não foi possível finalizar a tarefa	タスクを終了できませんでした	Nie udało się zakończyć zadania
Paused	Pausiert	En pause	일시 중지	En pausa	Пауза	Σε παύση	已暂停	已暫停	In pausa	Em pausa	一時停止	Wstrzymano
Queued	Wartend	En attente	대기 중	En cola	В очереди	Σε αναμονή	已排队	已排隊	In coda	Na fila	待機中	W kolejce
Back to Steam	Zurück zu Steam	Retour à Steam	Steam으로 돌아가기	Volver a Steam	Назад в Steam	Πίσω στο Steam	返回 Steam	返回 Steam	Torna a Steam	Voltar ao Steam	Steam に戻る	Wróć do Steam
Steam has taken over. The download shows in Steam.	Steam hat übernommen. Der Download erscheint unter Steam.	Steam a pris le relais. Le téléchargement apparaît dans Steam.	Steam이 이어서 처리합니다. 다운로드는 Steam에 표시됩니다.	Steam se encarga. La descarga aparece en Steam.	Steam взял управление. Загрузка видна в Steam.	Το Steam ανέλαβε. Η λήψη φαίνεται στο Steam.	Steam 已接手。下载会显示在 Steam 中。	Steam 已接手。下載會顯示在 Steam 中。	Steam ha preso il controllo. Il download compare in Steam.	O Steam assumiu. O download aparece no Steam.	Steam が引き継ぎました。ダウンロードは Steam に表示されます。	Steam przejął pobieranie. Widać je w Steam.
Open Steam to manage this download.	Öffne Steam, um diesen Download zu verwalten.	Ouvrez Steam pour gérer ce téléchargement.	Steam을 열어 이 다운로드를 관리하세요.	Abre Steam para gestionar esta descarga.	Откройте Steam для управления загрузкой.	Ανοίξτε το Steam για να διαχειριστείτε τη λήψη.	打开 Steam 管理此下载。	開啟 Steam 管理此下載。	Apri Steam per gestire questo download.	Abra o Steam para gerenciar este download.	Steam を開いてダウンロードを管理します。	Otwórz Steam, aby zarządzać pobieraniem.
